date,value__sum_values_chalco_price_2_weeks,value__index_mass_quantile__q_0.4_usa_inflation_value_26_weeks,value__absolute_maximum_usd_to_rub_2_weeks,value__time_reversal_asymmetry_statistic__lag_3_brazil_pmi_26_weeks,"value__fft_aggregated__aggtype_""centroid""_log10_norsk_hydro_volume_12_weeks",value__c3__lag_3_norsk_hydro_price_12_weeks,value__time_reversal_asymmetry_statistic__lag_2_export_australia_value_26_weeks,target
2018-03-11,4.711428571428571,1.0,56.4704,0.0,0.0,0.0,0.0,2000.9455782312923
2018-03-18,9.345714285714283,1.0,56.69836428571429,0.0,0.004302062769954,0.0,0.0,2161.727891156462
2018-03-25,9.255714285714287,0.6666666666666666,57.16007142857143,0.0,0.0029218433382528,0.0,0.0,2394.1649659863947
2018-04-01,8.98,0.5,57.3534,0.0,0.0062195614738545,0.0,0.0,2333.062925170068
2018-04-08,8.636571428571429,0.6,57.3534,0.0,0.0089262536846572,0.0,5434201.661143899,2279.8741496598636
2018-04-15,8.557142857142857,0.5,57.6031,0.0,0.020926211994874,0.0,-1498053.6225803643,2362.4812925170068
2018-04-22,9.044857142857143,0.4285714285714285,61.49324285714285,4325.376000000018,0.0193258865467411,124341.15448009117,-5690653.966444742,2318.3299319727894
2018-04-29,9.715714285714286,0.5,61.49324285714285,7507.968000000008,0.0271643765527948,126420.36126164404,-7381060.847201424,2276.8928571428573
2018-05-06,9.510000000000002,0.4444444444444444,62.04741428571429,8648.374857142868,0.0243810717041725,123805.55967977892,-8151769.00095013,2274.8801020408164
2018-05-13,8.969999999999999,0.4,62.91795714285714,9425.222857142864,0.0292828352776702,122167.09552466797,-7052722.85230999,2307.406462585034
2018-05-20,8.815714285714286,0.3636363636363636,62.91795714285714,9988.65508571429,0.0328352330316086,121998.9237639291,-5288817.614041328,2283.9897959183677
2018-05-27,8.774285714285714,0.3333333333333333,62.440935714285715,9315.042285714284,0.0417250897725725,121531.61210205352,-3918129.5956083983,2200.8061224489797
2018-06-03,8.617142857142856,0.3076923076923077,62.063,8146.702040816324,0.062898281409112,121903.9003213503,-2820199.521450718,2159.9319727891157
2018-06-10,8.354285714285714,0.2857142857142857,62.35408571428571,7158.814545918362,0.0566534798541404,122820.91707326594,-2219545.6846354995,2104.528911564626
2018-06-17,8.31,0.3333333333333333,62.35408571428571,5800.020707482983,0.0683900049458334,125777.0467101347,-1661703.1852001357,2076.612244897959
2018-06-24,8.2625,0.3125,62.700657142857146,4647.9814897959095,0.0610439600307086,128856.06238373932,-1193698.516633293,2034.704081632653
2018-07-01,7.776428571428571,0.2941176470588235,63.4998,3662.6607179962793,0.0929686042174535,130407.90788447602,-780326.3993312834,2056.9421768707484
2018-07-08,7.149285714285714,0.2777777777777778,63.4998,2850.69557482992,0.0754696784016117,132467.10494228368,-467472.4737249828,2066.687074829932
2018-07-15,6.747857142857143,0.3157894736842105,63.103071428571425,1594.0986828885304,0.1033533789220261,132900.7543968632,352047.45423914667,2054.076530612245
2018-07-22,6.563928571428572,0.3,63.103071428571425,492.8409868804592,0.0829332349965809,131681.9011937053,1202945.2445956522,2070.901360544218
2018-07-29,6.427142857142858,0.2857142857142857,63.03952857142857,-114.6177455782347,0.0800590753053433,129554.32825528986,2085081.216894828,2057.270408163265
2018-08-05,6.63,0.2727272727272727,63.05852857142857,-632.0184221938789,0.0787528425711029,126783.18308835608,2889876.568880562,2118.3018707482993
2018-08-12,6.881428571428572,0.3043478260869565,63.05852857142857,-1202.5330156062462,0.0815802373413056,124017.70093211938,2614468.643412341,2092.0561224489797
2018-08-19,6.791428571428572,0.2916666666666667,65.3164,-1854.679792517012,0.056363297922396,120426.08849133394,1930968.2606598367,2061.377551020408
2018-08-26,6.494285714285715,0.28,67.1231142857143,-2060.4095381310485,0.0513967101877461,116091.08309983173,1335534.7258249205,2042.5391156462583
2018-09-02,6.314285714285715,0.2692307692307692,67.56018571428571,-2184.9354183673554,0.0567499794264466,111801.26133753444,823468.0602637448,2073.028911564626
2018-09-09,6.485714285714286,0.2307692307692307,67.7798142857143,-2601.599418367359,0.0549678707439782,108579.8335051926,280792.14678889274,2117.5663265306125
2018-09-16,6.532857142857143,0.2307692307692307,68.63647142857143,-3186.5250183673597,0.0610764861012066,105427.43786889162,369015.86571675405,2096.285714285714
2018-09-23,6.41,0.2307692307692307,69.06697142857142,-3686.365040816339,0.0618240808166288,102783.1603728929,717294.1725964796,2035.1020408163265
2018-09-30,6.5042857142857144,0.4230769230769231,69.06697142857142,-4098.979433673481,0.0625960272171576,101992.5404464092,1012406.9321003356,2002.251700680272
2018-10-07,6.7325,0.4230769230769231,67.04012857142857,-4533.81838367348,0.0690555982713195,102361.23540421028,1292281.7185587622,1975.9234693877552
2018-10-14,6.998571428571429,0.4230769230769231,66.07371428571429,-4544.126843877558,0.1085776635808079,101758.54645147458,1444479.872888756,1964.2874149659865
2018-10-21,6.840357142857142,0.3846153846153846,66.42218571428572,-4294.929872448984,0.0829637183729302,100732.21052997783,1318398.403472931,1938.734693877551
2018-10-28,6.337857142857143,0.3846153846153846,66.42218571428572,-4153.1859765306135,0.08448163785087,100237.98591494508,1178102.110245522,1934.1190476190477
2018-11-04,6.099285714285715,0.3846153846153846,65.6673,-3744.4391908163257,0.0843811879596883,98525.544952863,1026041.457891296,1945.4132653061224
2018-11-11,5.982142857142858,0.3846153846153846,65.790625,-3317.5806744897955,0.0898669709132326,96257.77472352616,782930.3150925023,1957.7755102040817
2018-11-18,6.002142857142857,0.3846153846153846,66.66413928571428,-2904.422524489795,0.0900328865221954,94003.71582906658,164910.22375124085,1934.921768707483
2018-11-25,6.0,0.3461538461538461,66.98164285714286,-2607.8099602040797,0.0920550935464544,91295.64584046604,-436578.78702977014,1922.1955782312923
2018-12-02,5.884285714285714,0.3076923076923077,66.98164285714286,-1985.620473469387,0.0958883584863942,88508.13001350181,-1002726.8509360482,1887.3826530612248
2018-12-09,5.75,0.3076923076923077,66.67032857142857,-1346.363020408163,0.0830986018288292,85228.63724952628,-1429013.8103569632,1844.670068027211
2018-12-16,5.654285714285714,0.3076923076923077,66.71661428571429,-915.411020408164,0.0938881945499558,82553.35834922765,-1816808.320068512,1864.047619047619
2018-12-23,5.525714285714286,0.3846153846153846,66.71661428571429,-480.905102040818,0.0776357511678842,79512.10193199679,-2301924.9049712555,1846.906462585034
2018-12-30,5.304285714285714,0.4615384615384615,67.68315714285714,87.55122346938879,0.0717714129061434,76181.50129488883,-2877935.5491266605,1875.1479591836735
2019-01-06,5.061428571428571,0.5,69.06400571428571,786.731973469392,0.0626682460044359,73954.7971770071,-3470861.6832346306,1891.1632653061224
2019-01-13,4.905,0.5,69.17331214285714,1367.9061928571523,0.0508003747463678,71238.26361674776,-3386677.1523605366,1898.0102040816328
2019-01-20,4.9907142857142865,0.5,69.17331214285714,2071.908950000014,0.0664184701405528,69296.13674407876,-2923063.2882911433,1865.015306122449
2019-01-27,5.235714285714286,0.5,67.15016071428572,2696.638550000018,0.0534575492219221,68065.72358554631,-2481029.1405209214,1862.3656462585031
2019-02-03,5.482857142857143,0.5,66.6152,3178.9627785714474,0.0633507053672476,65995.50028913126,-2067970.7696923187,1905.8996598639455
2019-02-10,5.6571428571428575,0.4615384615384615,66.11365714285714,3562.031209183692,0.0633191117371184,64294.72787693656,-1663709.5626125776,1880.6734693877552
2019-02-17,5.764285714285714,0.4615384615384615,65.74487142857143,3796.731509183691,0.0687763830236577,62843.92048985695,-904314.4954257518,1867.5697278911564
2019-02-24,5.815714285714286,0.4230769230769231,66.23412857142857,3780.908464285729,0.073109722363248,60765.6520682968,-124704.31251908602,1909.5068027210884
2019-03-03,5.91,0.4230769230769231,66.23412857142857,3466.136503061236,0.0799773638262963,58863.49256119755,693407.6071984279,1898.595238095238
2019-03-10,6.232857142857143,0.3846153846153846,65.78827142857143,3132.4126030612315,0.0830923606571465,57041.414994707935,1324201.3602221883,1895.278911564626
2019-03-17,6.534285714285715,0.3461538461538461,65.97134285714286,2974.5291112244972,0.0729304814397604,54676.66103435785,641356.3089661808,1869.5170068027212
2019-03-24,6.381428571428572,0.3461538461538461,65.97134285714286,2827.216735714293,0.0774925388365814,52138.70135549969,-164199.57383825968,1858.4234693877552
2019-03-31,6.185714285714286,0.3076923076923077,65.58715714285714,2714.0706928571517,0.0712981585077165,50136.9737939534,-856974.4775770922,1860.612244897959
2019-04-07,6.081428571428573,0.2692307692307692,64.78195714285714,2638.178921428582,0.0716953247247357,48337.06098871721,-1531688.045650409,1821.045918367347
2019-04-14,6.271428571428572,0.2692307692307692,65.37894285714286,2756.914807142867,0.0623189003348815,46614.87262647876,-1626104.5229332685,1799.220238095238
2019-04-21,6.6657142857142855,0.2692307692307692,65.37894285714286,3032.4265214285797,0.0519308464403645,45622.234551760346,-1455878.8993574104,1818.9268707482993
2019-04-28,6.742285714285714,0.2692307692307692,64.71712857142857,3284.0129908163317,0.0562032875297428,45699.54786229629,-1287396.006892339,1810.687074829932
2019-05-05,6.59,0.2692307692307692,64.27601428571428,3480.8284908163287,0.0561721203970316,46142.956715402135,-1142518.601403908,1797.3996598639455
2019-05-12,6.292,0.2692307692307692,64.90859285714286,3591.125619387756,0.0483203594362505,46495.13554441867,-864428.2965447438,1777.9302721088436
2019-05-19,5.867857142857142,0.2692307692307692,65.1689642857143,3567.3761193877535,0.0495365846084777,47232.03854107881,-657526.7292423107,1767.9421768707484
2019-05-26,5.56,0.3461538461538461,65.1689642857143,3458.7569193877525,0.0461212029599963,47769.699233922875,-412805.7836569272,1767.8163265306123
2019-06-02,5.513571428571428,0.4230769230769231,64.87725714285715,2996.446805102035,0.0400339187760128,47641.00085841212,-128257.88082366428,1793.610544217687
2019-06-09,5.532857142857143,0.5,64.91754285714286,2351.769605102032,0.0369521006916869,46626.44078964461,-22372.06827299136,1795.5748299319728
2019-06-16,5.607142857142857,0.6923076923076923,65.19294285714285,1401.256805102031,0.0427014770599023,45253.514029699465,-4048.4996507456526,1813.1989795918369
2019-06-23,5.627142857142857,0.6923076923076923,65.19294285714285,515.4791561224381,0.0420904430075613,43593.633151413655,30875.96289538516,1838.1462585034012
2019-06-30,5.61,0.7307692307692307,64.63294285714287,-272.1662806122564,0.0549629573867523,41334.51832295691,65459.1182602804,1826.168367346939
2019-07-07,5.6085714285714285,0.7307692307692307,63.62018571428571,-1031.1847806122546,0.0508703646086592,38774.70907161627,99781.50264168132,1798.3826530612243
2019-07-14,5.538571428571428,0.6923076923076923,63.37222857142857,-1785.846312244906,0.0514260524569529,36516.0612418671,-92145.8089802973,1761.154761904762
2019-07-21,5.344285714285714,0.6538461538461539,63.37222857142857,-2447.6998051020446,0.0510958982881511,34585.66585936153,-672422.3885082992,1766.438775510204
2019-07-28,5.214285714285714,0.6153846153846154,63.3084,-2760.4466551020423,0.0512165461751912,32678.993593482763,-1272388.5499333867,1778.246598639456
2019-08-04,5.23,0.6153846153846154,63.201928571428574,-3090.789591836736,0.0379467014263473,31419.36399241728,-1929903.9186222227,1761.0909863945578
2019-08-11,5.162857142857144,0.5769230769230769,63.987428571428566,-3372.8225530612253,0.0505916942917374,30751.747388639793,-2296563.9436109145,1759.3061224489795
2019-08-18,4.877142857142857,0.5384615384615384,65.25077142857143,-3529.1539530612267,0.0577748265135932,29750.65222903188,-1461829.472492725,1798.3945578231292
2019-08-25,4.587142857142856,0.5,65.75435714285713,-3447.6311448979613,0.0555546729496916,28793.26910503331,-530650.4647215112,1796.9608843537414
2019-09-01,4.564285714285714,0.5,66.1326,-3354.798687755104,0.0582183805727311,28076.15343889276,301879.0500039006,1773.3469387755104
2019-09-08,4.5771428571428565,0.4615384615384615,66.45438571428572,-3371.7986877551034,0.0473405615815706,27118.070456080193,1044108.7662610412,1727.8265306122448
2019-09-15,4.615714285714286,0.4230769230769231,66.45438571428572,-3648.0436571428577,0.0383611260313744,26273.52931188054,818403.4883579072,1735.3945578231292
2019-09-22,5.002857142857144,0.4230769230769231,66.39338571428571,-3980.08773877551,0.0516496351200358,26061.926004122248,669765.8325725213,1728.3503401360545
2019-09-29,5.345714285714286,0.3846153846153846,65.13551428571428,-4388.263857142856,0.045136610156618,26045.658062011313,570739.1695942093,1729.1224489795918
2019-10-06,5.207142857142857,0.3461538461538461,64.15951428571428,-4693.3524071428565,0.0442811846943267,25993.664837732507,449714.0389591293,1746.5238095238094
2019-10-13,4.968928571428572,0.3461538461538461,64.98588571428571,-4538.323583673469,0.0455000969294072,26466.896010966953,243425.7739012182,1799.4557823129253
2019-10-20,4.925714285714285,0.3076923076923077,64.98588571428571,-3981.661690816327,0.0457761796748112,27339.342490629057,-431476.21870436927,1780.374149659864
2019-10-27,4.9782142857142855,0.2692307692307692,64.68815714285714,-3149.172090816326,0.0464994526819793,28183.95220059421,-1106578.4963374466,1742.503401360544
2019-11-03,4.985714285714286,0.2692307692307692,64.12427142857142,-1938.947062244897,0.0392773510591672,29373.76670717736,-1803892.29173953,1747.503401360544
2019-11-10,4.884285714285714,0.2307692307692307,63.90827142857143,-750.7351489795903,0.0459721795780892,30815.33823262353,-2112834.714863368,1769.0544217687077
2019-11-17,4.9314285714285715,0.2307692307692307,63.90827142857143,556.2912010204097,0.0340075515949929,32451.58361087559,-1622416.642105749,1761.2857142857142
2019-11-24,4.984285714285715,0.2307692307692307,63.999028571428575,1459.4899153061233,0.0502996256611847,33757.486466195645,-1099927.8069281569,1777.2448979591838
2019-12-01,4.822857142857143,0.1923076923076923,63.999028571428575,2303.495698979591,0.0457662618969629,34641.431677361456,-385020.7846941529,1807.5510204081631
2019-12-08,4.787142857142857,0.3461538461538461,64.02571428571429,3247.5583989795887,0.0673658218761824,35526.19556478558,244646.8220987248,1819.5697278911564
2019-12-15,4.815714285714286,0.4615384615384615,64.02571428571429,3551.9982857142813,0.0406301791908722,35881.28534593798,-227149.97855970985,1816.639455782313
2019-12-22,4.918571428571429,0.5,63.971357142857144,3766.346877551015,0.0532643939547752,35960.344259327285,-744552.418669033,1804.1530612244896
2019-12-29,5.105714285714285,0.5384615384615384,63.23591428571429,3702.119528571424,0.0447906014873431,36107.830977769016,-1116891.1776868606,1805.938775510204
2020-01-05,5.17,0.5769230769230769,62.49428571428571,3498.931657142852,0.0647113566506403,36107.85802067304,-1465977.6845806642,1759.2619047619048
2020-01-12,5.3064285714285715,0.6153846153846154,62.11542857142857,3140.910720408157,0.0647308818130406,36209.29448949069,-1481473.736294408,1710.7414965986395
2020-01-19,5.385,0.6153846153846154,62.01817857142857,2798.054363265301,0.0597793421951315,35863.594307072206,-1532977.0370623795,1722.6666666666663
2020-01-26,5.317142857142858,0.5769230769230769,61.533835714285715,2736.835818367342,0.0575319997339457,35365.352184074756,-1578572.310427562,1721.4081632653065
2020-02-02,5.143714285714286,0.5769230769230769,61.817457142857144,3006.533568367343,0.0575078446912016,35032.12531265687,-1624355.895755774,1703.2925170068029
2020-02-09,4.82,0.5384615384615384,62.909299999999995,3228.8096397959152,0.0594172115059594,33947.86154551808,-1651412.9416590868,1707.829931972789
2020-02-16,4.590571428571429,0.5384615384615384,63.49141428571428,2970.138139795915,0.0797142714806458,33121.613755703926,-976030.3811266916,1687.469387755102
2020-02-23,4.522857142857143,0.5384615384615384,63.66737142857143,2622.2827397959168,0.0854939379461768,32327.354753289255,-295199.65182321554,1654.2721088435374
2020-03-01,4.538571428571428,0.5384615384615384,63.84331785714286,1792.8310306122453,0.0657534100702991,31270.66030192859,352210.24655709584,1566.3061224489795
2020-03-08,4.424285714285714,0.5384615384615384,65.41664642857143,706.7735806122473,0.0945590389301509,29967.23061958682,959956.3011599582,1521.1292517006802
2020-03-15,4.241428571428571,0.5384615384615384,67.03066071428572,-511.3820418367344,0.0762787470641827,28434.063394385787,712962.8141039622,1479.71768707483
2020-03-22,3.934285714285714,0.5,71.94031785714286,-1588.8716826530624,0.1390452522824046,26371.920009956044,445360.0993319142,1496.5136054421769
2020-03-29,3.474285714285714,0.5,77.40215714285715,-2120.022975510206,0.1136371301992417,24221.366607677683,256831.2844057316,1505.9591836734694
2020-04-05,3.184285714285714,0.5,78.53977142857141,-2863.5689826530643,0.0911435115616132,22075.42667348847,86765.34677848406,1504.5204081632653
2020-04-12,3.0585714285714287,0.4615384615384615,78.53977142857141,-3114.215079591841,0.0861666554147184,19661.53788221197,114569.51829587328,1486.7159863945578
2020-04-19,3.1711428571428573,0.4230769230769231,78.04074285714286,-2816.129036734699,0.0732596674104015,17643.83633433332,-13826.78124236324,1484.4557823129253
2020-04-26,3.2942857142857145,0.4230769230769231,75.0358142857143,-2668.8490326530655,0.092653523338805,15830.17701280947,-140033.06056942418,1491.9931972789116
2020-05-03,3.1674285714285713,0.3846153846153846,75.22327142857144,-2287.914712244903,0.087869087035323,14409.837343174802,-373011.95783845097,1520.608843537415
2020-05-10,3.092857142857143,0.3461538461538461,75.22327142857144,-1968.3755367347003,0.0907901095675956,13439.772336644692,-710218.2872588754,1552.4625850340135
2020-05-17,3.14,0.3846153846153846,74.18792857142857,-2305.8537367347003,0.0958509787653524,12608.93359339406,-578869.4506390766,1597.047619047619
2020-05-24,3.122857142857143,0.3846153846153846,74.18792857142857,-2749.2808714285775,0.0958703285503891,12135.424611362752,-356172.2520821409,1592.8333333333333
2020-05-31,3.087142857142857,0.4230769230769231,73.6078857142857,-3516.5703857142917,0.1009306568504056,11973.891352143926,-203171.6127976481,1594.78231292517
2020-06-07,2.9885714285714284,0.3846153846153846,71.9189142857143,-4328.25548571429,0.1023874194561437,12035.648166676405,-22718.8934111839,1608.2108843537414
2020-06-14,2.954285714285714,0.4230769230769231,70.89015714285713,-7308.883867346941,0.0998740385119249,12551.46103144026,120742.8841173791,1641.0238095238094
2020-06-21,3.0528571428571434,0.4615384615384615,69.08591428571428,-10844.807419387756,0.0750421756282986,13087.716562248175,170880.620753514,1680.112244897959
2020-06-28,3.06,0.5,69.76442857142857,-13464.530109183674,0.0779191460921148,13762.098254208897,241741.75059789632,1679.7278911564626
2020-07-05,2.9992857142857137,0.5769230769230769,69.76442857142857,-14992.0327377551,0.0794535954733723,14638.185114899095,308925.5333495777,1711.5136054421769
2020-07-12,2.986428571428571,0.6923076923076923,70.58575714285715,-16121.56777755102,0.1040804307581435,15312.750087447615,26518.375125668434,1749.5850340136055
2020-07-19,3.3600000000000003,0.6538461538461539,71.20398571428572,-16966.853691836735,0.0703500169342536,16066.069116164732,-673317.824062487,1775.1598639455783
2020-07-26,3.875714285714285,0.6153846153846154,71.23255714285715,-16442.29058367347,0.0817372541854696,17177.086695281596,-1324380.403194627,1766.387755102041
2020-08-02,4.051428571428571,0.6153846153846154,71.38329999999999,-15572.379325510206,0.0348418341036956,17898.83576988294,-1935836.2765171244,1778.003401360544
2020-08-09,4.07,0.5769230769230769,72.73934285714286,-14851.681963265306,0.0562800004586486,18325.52896559047,-2359145.73909523,1798.3248299319728
2020-08-16,4.212857142857143,0.5769230769230769,73.45809999999999,-12437.929163265306,0.0584205326480384,18969.428028958213,-1618325.9303423483,1789.4863945578231
2020-08-23,4.2457142857142856,0.5769230769230769,73.45809999999999,-10164.260468367343,0.0615689402424366,19627.428803091,-729482.2369592864,1789.3401360544217
2020-08-30,4.148571428571428,0.5769230769230769,73.62525714285714,-8177.960785714284,0.0718427032737649,19857.44289841941,159422.70118799197,1773.7074829931971
2020-09-06,4.095714285714285,0.5384615384615384,74.87049999999999,-5642.019685714278,0.058824619745954,19968.1148355019,1001650.4420947408,1763.4251700680272
2020-09-13,3.9257142857142857,0.5384615384615384,74.87049999999999,-1646.402748979583,0.0597659776452283,20260.449871147543,723057.3764009549,1782.081632653061
2020-09-20,3.7685714285714287,0.5,75.46732857142857,2963.166793877561,0.0519116425892632,20371.364739040087,-29210.149913912723,1845.9625850340135
2020-09-27,3.6742857142857144,0.4615384615384615,75.46732857142857,4633.255855102053,0.054339984105439,20361.586702420365,-743001.3945538704,1851.003401360544
2020-10-04,3.4942857142857147,0.4615384615384615,76.7943142857143,7349.568283673482,0.0512861521018725,20242.46156600989,-1513349.7700492754,1830.8537414965988
2020-10-11,3.2685714285714287,0.4230769230769231,78.11891428571428,10872.734977551034,0.0498677498105289,20219.04384459113,-1840753.1418315663,1871.4795918367347
2020-10-18,3.257142857142857,0.3846153846153846,78.11891428571428,16322.255891836749,0.0506831783375948,20025.14058986515,-1284313.802713832,1908.612244897959
2020-10-25,3.354285714285714,0.3846153846153846,77.75455714285714,20225.70495510205,0.0633251967259328,19559.262614737665,-734618.4600798358,1959.9115646258504
2020-11-01,3.4389285714285713,0.3461538461538461,77.5235857142857,25459.936310204088,0.0587149773981699,19416.647910073505,-248059.8331943605,1985.2244897959183
2020-11-08,3.465,0.3076923076923077,78.05875714285715,31387.018362244904,0.0617560961659244,19284.668618734253,144324.02331425546,2028.8265306122448
2020-11-15,3.480357142857143,0.3076923076923077,78.6907142857143,36575.8299244898,0.0562527617092944,19168.272958619986,63263.73898453477,2028.71768707483
2020-11-22,3.811428571428572,0.2692307692307692,78.6907142857143,40602.68748265307,0.0691820585068899,19555.544461762325,-74527.5581846343,2038.78231292517
2020-11-29,4.2457142857142856,0.3461538461538461,77.07251428571429,42440.84917244899,0.0530428452639644,20257.66599351387,-239498.1973770232,2025.928571428571
2020-12-06,4.945714285714286,0.3846153846153846,76.3081,44101.12854387757,0.0677949721751207,21688.284852053148,-416825.8614158737,2003.2244897959183
2020-12-13,5.662857142857144,0.3846153846153846,75.80784285714286,44796.052927551034,0.0407730233993475,23834.797113759832,-167056.1927376612,2019.428571428571
2020-12-20,5.744285714285715,0.3846153846153846,75.1615,45332.81449183675,0.0388517883505144,26644.949442853045,476801.2406837404,2013.7278911564624
2020-12-27,5.642857142857142,0.4230769230769231,73.45067142857144,45786.26740714286,0.0472932939326441,30338.966668133708,1081467.9409111678,1985.5136054421769
2021-01-03,5.558571428571429,0.4230769230769231,74.4419857142857,43950.16300714287,0.0768685113328647,34559.04500161352,1625112.2144273086,1997.751700680272
2021-01-10,5.479285714285714,0.3846153846153846,74.4419857142857,42089.86249285715,0.0730761421813945,39403.41759271764,1920972.201589652,1982.469387755102
2021-01-17,5.696428571428571,0.3846153846153846,74.12614285714287,39413.261092857145,0.0708555420311723,44834.13777740878,1815543.6258302089,2040.108843537415
2021-01-24,5.748571428571428,0.3461538461538461,74.10407142857142,35492.759763265305,0.0667221083061223,49828.04905374852,1712672.693690427,2098.4319727891157
2021-01-31,5.488571428571428,0.3076923076923077,73.97242857142858,29925.302708163257,0.0711618790196879,54277.55505398576,1508393.385403079,2157.214285714286
2021-02-07,5.178571428571428,0.3076923076923077,75.60534285714286,23841.551708163257,0.0698534249077044,57707.77573273308,1274481.1864934398,2168.0748299319725
2021-02-14,4.981428571428571,0.2692307692307692,75.67255714285714,19979.60889999999,0.0862693148918251,60605.09355694562,1649486.7205514803,2174.1292517006805
2021-02-21,5.218,0.2692307692307692,75.67255714285714,15970.04670408162,0.0660611007829176,62703.08846934376,2139009.463180305,2208.448979591837
2021-02-28,5.87,0.2692307692307692,73.96042857142857,12218.13251632652,0.0740784272547164,63744.23656859211,2558623.7349017407,2256.4319727891157
2021-03-07,6.992,0.3076923076923077,74.30879285714286,6814.276287755088,0.0900454941742274,66113.6300466484,2949614.613133864,2253.2687074829932
2021-03-14,7.6971428571428575,0.3076923076923077,74.33411071428573,2100.090329591828,0.0905136140370278,68999.30309947205,2855930.56227266,2253.506802721088
2021-03-21,7.822857142857143,0.3076923076923077,74.33411071428573,-3077.773348979601,0.0951609779245825,72234.04996082826,2392305.949840981,2286.9319727891157
2021-03-28,7.908571428571429,0.3076923076923077,73.71832500000001,-7611.775675510212,0.0621602253474621,77547.50956352074,1938851.714217238,2335.6632653061224
2021-04-04,7.328571428571429,0.3461538461538461,75.7201,-12018.947752040824,0.0556833181700406,83513.1487703093,1491400.4020553755,2389.6938775510207
2021-04-11,6.674285714285714,0.4230769230769231,75.98955714285715,-15643.356681632664,0.0592056289494248,91978.87501649112,1215488.179426078,2437.6938775510203
2021-04-18,6.827857142857143,0.5,76.89428571428572,-16777.232131632667,0.0582520382934181,101565.18870040707,1690581.2491105,2504.2653061224487
2021-04-25,7.299285714285714,0.5384615384615384,76.89428571428572,-17179.712406122464,0.0595070593934808,110866.7522703418,2151788.9479352687,2454.0442176870747
2021-05-02,7.64,0.5769230769230769,76.44107142857142,-17083.7654479592,0.0519983839327823,122501.752780616,2740277.931619567,2406.1496598639455
2021-05-09,8.002857142857142,0.5769230769230769,75.92098571428572,-17299.086247959196,0.0523227190254928,132461.07492390173,3327705.9952773135,2458.312925170068
2021-05-16,8.638571428571428,0.5384615384615384,74.80305357142856,-19260.670713265317,0.05231165989702,140990.3513769106,2758950.227277902,2448.0102040816323
2021-05-23,9.241428571428573,0.5384615384615384,74.60952499999999,-21222.405913265316,0.0579394821159906,149043.19951576824,2116007.351292281,2458.659863945578
2021-05-30,9.148571428571428,0.5384615384615384,74.14622857142857,-23659.639236734703,0.0433833046812163,152830.42010101903,1510842.0530396746,2423.2482993197277
2021-06-06,8.877142857142857,0.5,73.70857142857143,-24916.7266867347,0.0428550972606898,156450.40192738548,894403.4630622278,2504.187074829932
2021-06-13,8.89,0.5,73.46234285714286,-25804.47181836736,0.0814809573294897,159168.34219587676,1395836.8783784602,2527.775510204082
2021-06-20,8.761071428571427,0.5384615384615384,73.21915714285714,-26417.10220408164,0.0639947032845497,159023.01711588152,2378987.276549422,2499.8571428571427
2021-06-27,8.524999999999999,0.5384615384615384,72.35248571428572,-25426.586204081646,0.0620439626584646,158253.41789337562,3609827.938333824,2471.795918367347
2021-07-04,8.539642857142857,0.5769230769230769,72.61382857142857,-23572.29908163266,0.0610457781609637,157495.94252937767,5013008.668825077,2523.4659863945576
2021-07-11,8.947142857142858,0.5769230769230769,72.902,-21630.816964285717,0.0735962213700674,157545.52782099126,5509735.228953208,2587.0408163265306
2021-07-18,9.20142857142857,0.5769230769230769,74.25438571428572,-20376.169214285714,0.0604245153831163,156434.12773331112,5175558.666823896,2574.2619047619046
2021-07-25,9.251428571428573,0.5769230769230769,74.28525714285715,-19076.45271938775,0.0649642681619686,156201.26441511427,4830257.647866861,2584.190476190476
2021-08-01,9.484285714285717,0.5769230769230769,74.28525714285715,-16924.275224489793,0.0576958297431828,158271.1740051018,4488845.836235952,2597.8163265306125
2021-08-08,9.52,0.5384615384615384,74.03478571428572,-13746.789974489791,0.057357741978912,161421.52723638483,4217416.195729378,2685.909863945578
2021-08-15,9.311428571428571,0.5769230769230769,73.43687142857142,-10716.86449999999,0.0687383854426294,164227.11978222217,3578199.7552612214,2778.3061224489793
2021-08-22,9.52285714285714,0.5769230769230769,73.55664285714286,-7881.974835714277,0.0570994484669184,169519.181303089,3019481.9830788956,2879.493197278912
2021-08-29,9.492857142857142,0.5769230769230769,73.77931428571428,-5417.0548857142785,0.0555677513923546,176354.30712858515,2563316.7249140604,2886.7517006802723
2021-09-05,9.472857142857142,0.5769230769230769,74.01354285714285,-3534.462299999992,0.0603974237323863,181517.3565038812,2104820.533860847,2901.619047619048
2021-09-12,10.43,0.5769230769230769,74.01354285714285,-2323.14038061224,0.0438038761964056,188736.0644032708,2708179.503671524,2911.5510204081634
2021-09-19,12.015714285714283,0.5384615384615384,73.10415714285715,-2005.8821306122409,0.03641734306198,198057.45093055855,3143700.6019672006,3046.6530612244896
2021-09-26,13.214285714285715,0.5,73.0435,-2425.390106122446,0.0682076421271589,206630.88199377808,3714392.865237664,3084.833333333333
2021-10-03,13.142857142857142,0.5,72.97404285714286,-1148.5394775510154,0.0441078129573864,215746.86020769423,4252816.697220376,2834.0102040816323
2021-10-10,12.250714285714285,0.4615384615384615,72.97404285714286,-13.288420408156526,0.0469820092137123,225128.7809293193,4073222.5101612494,2679.554421768707
2021-10-17,11.704999999999998,0.4615384615384615,72.73304285714286,931.873979591846,0.0391637895160698,234914.11380529017,4181426.275783539,2602.795918367347
2021-10-24,11.31,0.4230769230769231,72.1784,1647.7706653061337,0.0491865999337769,245562.7321493849,4291943.743596708,2645.5442176870747
2021-10-31,11.048571428571428,0.4230769230769231,71.62515714285715,2409.38828367348,0.0464892173785968,255935.80461908423,4363534.791189025,2670.2482993197277
2021-11-07,10.627142857142855,0.3846153846153846,70.93607142857142,3275.728683673481,0.062370344412054,264473.10272894794,4481455.4400540255,2634.9557823129253
2021-11-14,9.46,0.3846153846153846,71.4934,2663.1325285714397,0.0410462167950357,270143.5483940731,4107150.582857983,2614.918367346939
2021-11-21,8.64,0.3846153846153846,71.51394285714285,2250.357406122457,0.0406008075375281,274832.873385041,3286540.1653243545,2640.945578231292
2021-11-28,8.265714285714285,0.3461538461538461,72.9697,2509.497656122454,0.0308675784240686,276266.2152076512,2230509.0244306135,2737.0639455782316
2021-12-05,8.052857142857142,0.3461538461538461,74.65028571428572,2492.8704775510223,0.0422731324105821,274447.0802104555,992722.8266612432,2821.4163265306124
2021-12-12,7.805714285714286,0.3461538461538461,74.65028571428572,2059.7477071428557,0.0410632909485888,269852.07545778644,-137810.1069154597,2852.9534013605444
2021-12-19,8.01,0.3461538461538461,74.25425714285714,1124.5233071428534,0.0452489681262073,265084.5673059956,-1115906.4291553244,2943.0340136054424
2021-12-26,8.382857142857144,0.3461538461538461,73.82405714285714,14.37131530611805,0.0514712941793578,260513.08204696383,-1996852.401913569,3012.329931972789
2022-01-02,8.539642857142859,0.3461538461538461,73.76554285714285,-1828.4556469387812,0.0802459061383583,257599.22038415543,-2751399.5490345582,3061.7653061224487
2022-01-09,8.715,0.3461538461538461,73.97820714285714,-3652.83454693878,0.0820901342348475,258958.7072604182,-3123211.4410588862,3050.159863945578
2022-01-16,8.636785714285715,0.3846153846153846,75.6753142857143,-5690.04669693878,0.07868041446123,261654.92134425044,-638961.5362444642,3140.2074829931976
2022-01-23,8.969999999999999,0.3846153846153846,75.6753142857143,-7439.6743806122495,0.0763536827585562,268368.1963705249,1963149.8575170825,3217.452380952381
2022-01-30,9.23857142857143,0.4230769230769231,76.61121428571428,-8831.106646938779,0.0847495714546174,279466.6364186795,5090835.805495258,3296.581632653061
2022-02-06,8.879999999999999,0.4615384615384615,78.31671428571428,-10245.287146938776,0.0783241458653472,291098.2397385311,8198654.950867,3481.704081632653
2022-02-13,8.49642857142857,0.5,78.31671428571428,-10943.440871428573,0.0778889842221646,306032.3296048834,7473641.698804569,3615.221088435374
2022-02-20,9.050714285714283,0.5384615384615384,76.71067142857143,-11519.610800000006,0.0797375127181081,324868.7177932022,6087340.366317397,3367.054421768708
2022-02-27,10.122857142857145,0.5769230769230769,76.3608,-11473.984657142862,0.0764463891346554,341595.1605978972,4577287.124791439,3500.639455782313
2022-03-06,10.614285714285714,0.5769230769230769,84.35167142857142,-10600.804657142866,0.0919756926820025,360317.47545911575,2970423.21190879,3553.795918367347
2022-03-13,11.010000000000002,0.5769230769230769,109.29071428571427,-9813.624053061234,0.072956119419793,388224.88838490035,2381840.2259946377,3438.496598639456
2022-03-20,10.8,0.5384615384615384,123.47,-9337.871810204091,0.0825195013662471,411277.5456097966,2812655.769878548,3300.5442176870747
2022-03-27,9.62857142857143,0.5384615384615384,123.47,-8907.54741020409,0.0958264430457911,431572.21696132777,3241461.238143565,3264.445578231293
2022-04-03,9.285714285714285,0.5,108.225,-8636.690112244904,0.0575452973860993,467309.8333900873,3657143.5596932736,3129.421768707483
2022-04-10,9.52,0.5,100.01535714285714,-8552.461704081634,0.0512064132007561,499457.5161778108,3998564.2776665734,2958.9336734693875
2022-04-17,9.318571428571428,0.4615384615384615,86.55714285714285,-8892.33435714286,0.0526179246322809,528951.5994739837,3220686.4173328807,2799.0340136054424
2022-04-24,9.170857142857145,0.4615384615384615,79.79178571428572,-9038.62339387755,0.046997052894023,563757.6361906789,2253843.6880395263,2844.3809523809527
2022-05-01,8.965714285714286,0.4615384615384615,79.49749999999999,-8515.818389795915,0.058461890176427,595780.5590190847,1308038.4265898175,2913.3537414965986
2022-05-08,8.113428571428571,0.4230769230769231,77.09892857142857,-7539.088504081627,0.0561747646994965,615320.673537067,362279.7335436832,2825.93537414966
2022-05-15,7.161071428571429,0.4230769230769231,72.89714285714285,-5809.962920408161,0.0588847400795096,616322.4367955171,809428.8727046963,2758.5748299319725
2022-05-22,6.512142857142857,0.4230769230769231,68.98035714285713,-3930.22285612245,0.0491550163811235,607687.066006785,2130576.8780485136,2620.9795918367345
2022-05-29,6.3225,0.4230769230769231,66.65035714285715,-2444.278232653063,0.061899212459251,595251.3811787147,3352833.0569360303,2507.938775510204
2022-06-05,6.762857142857143,0.3846153846153846,62.71892857142858,-491.0771612244927,0.0671613941842396,562544.0002965458,4442130.216680702,2474.1020408163267
2022-06-12,7.022857142857143,0.3846153846153846,62.28285714285715,1086.953856122445,0.0828284880741381,527609.6181074643,5857910.199296443,2438.8571428571427
2022-06-19,7.098571428571429,0.3846153846153846,62.28285714285715,2168.825306122447,0.0508806570282888,498853.9038820085,6282768.772133357,2386.2891156462583
2022-06-26,6.815714285714286,0.3846153846153846,59.7925,2618.0260510204075,0.0468650279428736,457573.5439043148,6935853.364497461,2402.829931972789
2022-07-03,6.287142857142857,0.3846153846153846,56.74392857142857,2962.6694795918365,0.0524716649593543,421594.3968052261,7248463.946375921,2441.3197278911566
2022-07-10,6.071428571428571,0.3846153846153846,54.185,3400.357736734696,0.0693211136931448,386161.00232549506,6009761.061586942,2432.56462585034
2022-07-17,6.007142857142857,0.3846153846153846,59.86571428571428,3924.444236734697,0.0663975041238628,345271.857159755,3272830.304790978,2447.4557823129253
2022-07-24,5.828571428571429,0.4230769230769231,59.86571428571428,4506.46480816327,0.0540914400598094,312459.54885153106,746280.014878359,2415.659863945578
2022-07-31,5.72,0.4230769230769231,58.685,5310.6254612244975,0.0539924935414867,282634.07496200886,-1197308.7177958468,2413.438775510204
2022-08-07,5.731428571428571,0.4230769230769231,59.87,6486.097461224499,0.0636791026826442,258149.2321758419,-2775998.499773931,2398.947278911565
2022-08-14,5.595714285714287,0.4615384615384615,60.56357142857143,7640.600144897973,0.0569472715734036,241957.5105575701,-1081746.6278963075,2284.170068027211
2022-08-21,5.530000000000001,0.4615384615384615,60.58464285714285,8684.56793877552,0.048120866920716,228120.3924355839,1169870.784822426,2283.7108843537417
2022-08-28,5.612857142857143,0.4615384615384615,60.58464285714285,9121.74663877552,0.0486743278284509,222733.42015285775,3924995.883927967,2242.7891156462583
2022-09-04,5.762857142857143,0.4615384615384615,60.235,9200.756670408173,0.0508084616645283,221462.60454459573,6880886.441787055,2158.8503401360545
2022-09-11,5.864285714285715,0.4615384615384615,60.32392857142857,9071.191482653068,0.0604369497068398,223678.992845993,6419231.284141894,2249.4557823129253
2022-09-18,5.915357142857143,0.4230769230769231,60.79071428571428,8593.640482653067,0.0457392613177295,232724.96864375044,4010194.552256873,2291.6190476190473
2022-09-25,6.135,0.3846153846153846,60.79071428571428,8123.495424489799,0.0316122329360308,246560.80263896156,1962102.5942547405,2239.272108843538
2022-10-02,6.076785714285714,0.3846153846153846,60.07142857142857,7076.849946938778,0.0457175271962341,254974.72601099723,247368.0179051696,2218.3639455782313
2022-10-09,5.557142857142857,0.3461538461538461,59.61785714285714,5930.546946938777,0.0504893922904168,258955.0883550489,-424463.1362959214,2253.2210884353744
2022-10-16,5.291428571428572,0.3461538461538461,59.89142857142857,4555.487273469387,0.0572054197619849,266082.6486724324,-680406.9176516004,2347.438775510204
2022-10-23,5.294285714285714,0.3461538461538461,63.02,3224.2037285714296,0.0470126815272956,265663.6530871095,-1027559.371776918,2424.3809523809527
2022-10-30,5.188571428571429,0.3846153846153846,63.02,1962.779059183674,0.0466056366637994,258992.98626627377,-1366173.149772157,2396.938775510204
2022-11-06,5.025714285714286,0.3846153846153846,61.59392857142858,802.3228091836733,0.0614511276810146,254038.92165794608,-1704944.5349866005,2411.170068027211
2022-11-13,4.732857142857143,0.3461538461538461,61.69785714285714,133.62235918367224,0.0557929640587137,250540.83996417408,-3134818.423589513,2505.795918367347
2022-11-20,4.96,0.3461538461538461,61.69785714285714,-521.7546193877555,0.0542414514301597,250199.6873595896,-6214309.5926040495,2438.173469387755
2022-11-27,5.699999999999999,0.3461538461538461,61.0,-693.0743765306121,0.0648593649618725,251145.96759745816,-9434789.413327849,2382.0482993197284
2022-12-04,6.0771428571428565,0.3461538461538461,60.64035714285715,-1429.105447959184,0.0632051330162297,258932.8258731179,-12894142.56755778,2385.716326530612
2022-12-11,6.322857142857143,0.3461538461538461,61.24607142857143,-2244.021047959184,0.0637911013285367,272975.98361636396,-14380731.47615081,2331.0891156462585
2022-12-18,6.732857142857143,0.3076923076923077,62.59428571428572,-3195.916540816329,0.0554590555460627,287050.521069123,-11520740.454158938,2429.6428571428573
2022-12-25,6.91,0.2692307692307692,63.63285714285714,-4053.2744336734745,0.0532589106863801,303392.3553736239,-8757777.305069448,2601.9795918367345
2023-01-01,6.760857142857143,0.2692307692307692,68.62,-4799.704453061235,0.0590864977953508,323822.8482043811,-6584105.979254319,2630.221088435374
2023-01-08,6.661428571428571,0.2307692307692307,70.98553571428572,-5440.849189795929,0.0943108570439241,341815.74217397853,-4735209.302925059,2613.5102040816323
2023-01-15,6.720571428571429,0.2307692307692307,71.42696428571429,-6848.089159183687,0.0826626986242716,354548.03345192084,-5672827.099336201,2530.299319727891
2023-01-22,7.181428571428571,0.1923076923076923,71.42696428571429,-8444.295598979608,0.0878586072070776,368325.3304626877,-7219726.195535416,2422.1360544217687
2023-01-29,7.76,0.1923076923076923,69.27821428571428,-9972.562945918384,0.0762660657909892,383064.32529547135,-9117859.661656614,2414.272108843538
2023-02-05,8.098571428571429,0.1538461538461538,69.15,-11311.928817346952,0.0899133629720707,394565.187243223,-11192088.162455196,2379.8707482993195
2023-02-12,8.385714285714286,0.1538461538461538,70.19892857142857,-12654.73249081634,0.0932808487975899,406001.7635162496,-10817209.206898822,2370.214285714286
2023-02-19,8.427142857142858,0.3846153846153846,72.05607142857143,-14014.319605102051,0.0766034170146014,419387.8637861518,-8177112.97648443,2314.333333333333
2023-02-26,8.282857142857143,0.4615384615384615,74.22678571428571,-14188.87644183674,0.084708572467569,432668.3512406183,-5805525.620998315,2288.493197278912
2023-03-05,8.375714285714286,0.5,74.99875,-13578.813906122454,0.0823141022844748,445838.0409343415,-3796854.561307429,2363.3163265306125
2023-03-12,8.451428571428572,0.5,75.30285714285715,-12888.656399999998,0.0819461462608396,457280.0437873763,-2730239.6308313753,2374.6972789115644
2023-03-19,8.307142857142857,0.4615384615384615,75.80339285714285,-11638.993799999998,0.0808363039348111,470387.935218568,-2834004.809533268,2330.91156462585
2023-03-26,8.074285714285715,0.4615384615384615,76.03785714285713,-10401.500452040813,0.1220113762006421,475315.58217292954,-2933973.2776682735,2394.595238095238
2023-04-02,7.894285714285715,0.4230769230769231,76.7175,-9025.903196938772,0.0669895721378548,473127.8162443719,-3020645.801847263,2371.1666666666665
2023-04-09,7.898571428571429,0.4230769230769231,77.08107142857143,-7516.274396938772,0.0660707326064578,475488.00671989983,-3058041.099293913,2341.688775510204
2023-04-16,7.926571428571429,0.3846153846153846,79.93857142857142,-6306.272519387752,0.0746419293821811,471230.33957483387,-2670886.5325468457,2294.307823129252
2023-04-23,8.23857142857143,0.3846153846153846,81.60642857142857,-5084.707208163263,0.0621252729844851,461928.8715831191,-1966773.4125191728,2260.908163265306
2023-04-30,8.962,0.3461538461538461,81.62142857142858,-4461.385929591836,0.0615173948208602,460616.8432292912,-1339551.7335300168,2253.2482993197277
2023-05-07,9.27892857142857,0.3461538461538461,81.62142857142858,-3772.340508163265,0.0642254222318148,458437.604286141,-773619.7096925426,2238.484693877551
2023-05-14,9.272142857142857,0.3076923076923077,81.35060357142856,-3574.318807142857,0.0660498448504432,454743.8283789202,631141.5436709655,2245.7380952380954
2023-05-21,9.214642857142858,0.3076923076923077,79.01080357142857,-3612.5784714285705,0.066684471448858,450738.92723749013,2408319.501498065,2245.802721088435
2023-05-28,8.521428571428572,0.3461538461538461,79.68214285714285,-3938.5714877551,0.0751213322249249,446867.0522011483,4647950.053556188,2232.261904761905
2023-06-04,7.703571428571429,0.3461538461538461,80.11821428571429,-3005.9877612244845,0.0609248459737433,440882.4531308056,7068286.891790677,2171.0850340136053
2023-06-11,7.213571428571428,0.4230769230769231,80.87964285714285,-2046.834781632646,0.0696721770165207,425964.0323774633,6849473.757763714,2153.8673469387754
2023-06-18,7.105714285714285,0.5,81.95080357142857,-1553.3862816326473,0.0498422357946057,413854.1591054752,3082692.9618304665,2183.5272108843537
2023-06-25,7.211428571428572,0.5,83.62330357142856,-874.5626285714236,0.07017995345322,403531.5850647718,-432831.7553122423,2234.605442176871
2023-07-02,7.131428571428572,0.5,84.26357142857144,-63.94363979591435,0.0577181915758955,384192.37376372627,-3161912.700009056,2213.901360544218
2023-07-09,6.902857142857143,0.4615384615384615,86.55857142857143,778.8417102040833,0.0597289536382302,364736.3915458095,-5311475.100444651,2241.2448979591836
2023-07-16,6.8757142857142854,0.4615384615384615,90.61071428571428,1003.4286969387758,0.0643906748032356,348297.16710567434,-4036123.886339055,2213.3571428571427
2023-07-23,7.026071428571428,0.4230769230769231,90.61071428571428,1203.1503030612228,0.0690180497475505,331567.04453490954,-2485654.5743904025,2156.595238095238
2023-07-30,7.070714285714285,0.4230769230769231,90.67678571428571,1696.9802704081608,0.0660952489230812,315239.4124012307,-236076.62390935523,2152.615646258503
2023-08-06,7.203214285714285,0.3846153846153846,90.67678571428571,1650.4622704081623,0.0559316661245767,301328.5876270582,2007195.5889977275,2178.170068027211
2023-08-13,7.52,0.3461538461538461,93.63714285714286,1529.5716744897943,0.0784336051066356,294225.87201459083,1887124.11648418,2206.918367346939
2023-08-20,7.692857142857143,0.3461538461538461,97.08642857142856,1346.0304744897956,0.0689518091841341,286472.7357839362,1748486.389676188,2200.5748299319725
2023-08-27,7.37,0.3076923076923077,97.08642857142856,516.9999744897948,0.071165601205815,276291.64869995276,1628288.9438492977,2218.7687074829932
2023-09-03,7.057142857142857,0.2692307692307692,95.73535714285715,-588.83636734694,0.0630618662571588,269128.260258679,1501988.9782820744,2252.5340136054424
2023-09-10,7.283571428571429,0.2692307692307692,95.79214285714286,-1632.8902275510204,0.0554564241399728,262964.7855798733,1288905.1886335483,2289.7312925170068
2023-09-17,8.032857142857143,0.2692307692307692,97.60928571428572,-1868.5345775510216,0.0732572343185831,254734.66919983432,475529.342152413,2226.326530612245
2023-09-24,8.705,0.2692307692307692,97.60928571428572,-2051.63966734694,0.0842792494868014,247628.28290563388,-212027.5518177094,2187.3979591836733
