date;lme_price;lme_volume;lme_change
26.10.2023;2.197,50;43,57K;-0,97%
25.10.2023;2.219,00;47,39K;1,28%
24.10.2023;2.191,00;44,21K;0,69%
23.10.2023;2.176,00;31,71K;-0,25%
20.10.2023;2.181,50;27,91K;-0,16%
19.10.2023;2.185,00;36,40K;0,14%
18.10.2023;2.182,00;34,32K;0,23%
17.10.2023;2.177,00;70,35K;-0,16%
16.10.2023;2.180,50;43,47K;-0,86%
13.10.2023;2.199,50;40,02K;-0,02%
12.10.2023;2.200,00;48,57K;-0,63%
11.10.2023;2.214,00;32,77K;0,07%
10.10.2023;2.212,50;45,59K;-1,29%
09.10.2023;2.241,50;45,56K;0,09%
06.10.2023;2.239,50;42,62K;0,34%
05.10.2023;2.232,00;41,33K;-0,65%
04.10.2023;2.246,50;69,01K;-1,90%
03.10.2023;2.290,00;62,87K;-1,34%
02.10.2023;2.321,00;70,93K;-1,11%
29.09.2023;2.347,00;95,45K;3,05%
28.09.2023;2.277,50;70,49K;1,76%
27.09.2023;2.238,00;48,75K;-0,25%
26.09.2023;2.243,50;37,48K;0,45%
25.09.2023;2.233,50;40,26K;-0,31%
22.09.2023;2.240,50;54,99K;1,29%
21.09.2023;2.212,00;50,99K;-1,95%
20.09.2023;2.256,00;89,15K;1,83%
19.09.2023;2.215,50;39,69K;-0,20%
18.09.2023;2.220,00;57,00K;1,37%
15.09.2023;2.190,00;52,60K;-1,55%
14.09.2023;2.224,50;46,05K;0,32%
13.09.2023;2.217,50;45,41K;0,96%
12.09.2023;2.196,50;30,50K;-0,41%
11.09.2023;2.205,50;40,69K;1,01%
08.09.2023;2.183,50;41,26K;-0,57%
07.09.2023;2.196,00;42,47K;0,11%
06.09.2023;2.193,50;45,70K;0,02%
05.09.2023;2.193,00;38,79K;-0,88%
04.09.2023;2.212,50;34,40K;-1,10%
01.09.2023;2.237,00;77,49K;1,31%
31.08.2023;2.208,00;72,07K;0,30%
30.08.2023;2.201,50;57,95K;1,52%
29.08.2023;2.168,50;44,75K;0,84%
25.08.2023;2.150,50;38,07K;-0,32%
24.08.2023;2.157,50;36,01K;-1,01%
23.08.2023;2.179,50;34,33K;0,11%
22.08.2023;2.177,00;72,87K;1,54%
21.08.2023;2.144,00;50,07K;0,33%
18.08.2023;2.137,00;40,27K;-0,40%
17.08.2023;2.145,50;50,26K;0,12%
16.08.2023;2.143,00;39,48K;0,02%
15.08.2023;2.142,50;64,02K;-0,16%
14.08.2023;2.146,00;39,95K;-1,36%
11.08.2023;2.175,50;39,06K;-1,29%
10.08.2023;2.204,00;40,19K;0,41%
09.08.2023;2.195,00;38,00K;-0,25%
08.08.2023;2.200,50;108,55K;-1,32%
07.08.2023;2.230,00;24,38K;-0,11%
04.08.2023;2.232,50;39,68K;0,11%
03.08.2023;2.230,00;49,07K;0,95%
02.08.2023;2.209,00;54,76K;-2,06%
01.08.2023;2.255,50;54,10K;-1,18%
31.07.2023;2.282,50;60,80K;2,72%
28.07.2023;2.222,00;40,18K;0,77%
27.07.2023;2.205,00;39,96K;-0,36%
26.07.2023;2.213,00;39,26K;-1,21%
25.07.2023;2.240,00;48,35K;1,40%
24.07.2023;2.209,00;30,52K;0,20%
21.07.2023;2.204,50;30,01K;0,16%
20.07.2023;2.201,00;41,30K;0,48%
19.07.2023;2.190,50;49,97K;-0,59%
18.07.2023;2.203,50;53,98K;-2,28%
17.07.2023;2.255,00;39,24K;-0,94%
14.07.2023;2.276,50;52,99K;-0,07%
13.07.2023;2.278,00;78,30K;1,88%
12.07.2023;2.236,00;77,01K;3,11%
11.07.2023;2.168,50;47,22K;1,00%
10.07.2023;2.147,00;37,17K;0,07%
07.07.2023;2.145,50;40,18K;0,78%
06.07.2023;2.129,00;40,50K;-0,63%
05.07.2023;2.142,50;50,91K;-1,15%
04.07.2023;2.167,50;25,76K;0,46%
03.07.2023;2.157,50;38,08K;0,28%
30.06.2023;2.151,50;56,83K;-0,39%
29.06.2023;2.160,00;35,19K;-0,62%
28.06.2023;2.173,50;45,72K;-0,98%
27.06.2023;2.195,00;64,05K;2,16%
26.06.2023;2.148,50;51,76K;-1,20%
23.06.2023;2.174,50;49,79K;-1,20%
22.06.2023;2.201,00;38,74K;-0,99%
21.06.2023;2.223,00;48,18K;-0,31%
20.06.2023;2.230,00;69,35K;-0,49%
19.06.2023;2.241,00;38,24K;-1,32%
16.06.2023;2.271,00;59,77K;0,96%
15.06.2023;2.249,50;53,92K;-0,18%
14.06.2023;2.253,50;47,12K;0,96%
13.06.2023;2.232,00;38,41K;0,18%
12.06.2023;2.228,00;39,15K;-1,76%
09.06.2023;2.268,00;46,04K;0,60%
08.06.2023;2.254,50;48,07K;1,60%
07.06.2023;2.219,00;48,79K;0,41%
06.06.2023;2.210,00;62,46K;-1,52%
05.06.2023;2.244,00;56,06K;-0,86%
02.06.2023;2.263,50;69,55K;-0,83%
01.06.2023;2.282,50;59,20K;1,63%
31.05.2023;2.246,00;57,58K;0,99%
30.05.2023;2.224,00;48,90K;-0,60%
26.05.2023;2.237,50;47,64K;0,29%
25.05.2023;2.231,00;59,56K;1,18%
24.05.2023;2.205,00;79,56K;-0,99%
23.05.2023;2.227,00;59,38K;-1,61%
22.05.2023;2.263,50;49,01K;-0,88%
19.05.2023;2.283,50;37,97K;0,00%
18.05.2023;2.283,50;49,96K;-0,57%
17.05.2023;2.296,50;58,17K;1,64%
16.05.2023;2.259,50;65,24K;0,00%
15.05.2023;2.259,50;54,32K;1,25%
12.05.2023;2.231,50;66,67K;0,93%
11.05.2023;2.211,00;96,50K;-2,51%
10.05.2023;2.268,00;51,23K;-2,24%
09.05.2023;2.320,00;54,98K;0,06%
05.05.2023;2.318,50;44,97K;1,38%
04.05.2023;2.287,00;50,09K;-1,46%
03.05.2023;2.321,00;39,43K;-1,92%
02.05.2023;2.366,50;55,32K;0,45%
28.04.2023;2.356,00;49,68K;1,60%
27.04.2023;2.319,00;50,30K;-0,34%
26.04.2023;2.327,00;44,97K;-0,36%
25.04.2023;2.335,50;55,64K;-1,91%
24.04.2023;2.381,00;34,04K;-0,65%
21.04.2023;2.396,50;38,98K;-1,01%
20.04.2023;2.421,00;55,30K;-0,98%
19.04.2023;2.445,00;69,60K;0,33%
18.04.2023;2.437,00;65,88K;2,46%
17.04.2023;2.378,50;41,56K;-0,29%
14.04.2023;2.385,50;47,40K;0,78%
13.04.2023;2.367,00;54,90K;1,81%
12.04.2023;2.325,00;51,15K;0,98%
11.04.2023;2.302,50;52,18K;-1,33%
06.04.2023;2.333,50;35,59K;0,00%
05.04.2023;2.333,50;41,76K;-1,56%
04.04.2023;2.370,50;47,94K;-1,13%
03.04.2023;2.397,50;62,87K;-0,64%
31.03.2023;2.413,00;39,51K;1,13%
30.03.2023;2.386,00;33,56K;0,25%
29.03.2023;2.380,00;49,14K;-0,38%
28.03.2023;2.389,00;37,35K;1,08%
27.03.2023;2.363,50;33,15K;1,13%
24.03.2023;2.337,00;48,87K;0,47%
23.03.2023;2.326,00;46,76K;1,73%
22.03.2023;2.286,50;39,55K;0,88%
21.03.2023;2.266,50;55,05K;-0,35%
20.03.2023;2.274,50;38,19K;0,02%
17.03.2023;2.274,00;50,17K;0,29%
16.03.2023;2.267,50;50,62K;-0,42%
15.03.2023;2.277,00;74,19K;-3,21%
14.03.2023;2.352,50;43,54K;0,81%
13.03.2023;2.333,50;74,01K;0,89%
10.03.2023;2.313,00;67,68K;-0,64%
09.03.2023;2.328,00;31,34K;-1,10%
08.03.2023;2.354,00;51,93K;0,17%
07.03.2023;2.350,00;38,46K;-1,34%
06.03.2023;2.382,00;39,03K;-0,96%
03.03.2023;2.405,00;34,22K;0,23%
02.03.2023;2.399,50;43,51K;-1,32%
01.03.2023;2.431,50;49,09K;2,47%
28.02.2023;2.373,00;38,40K;0,42%
27.02.2023;2.363,00;39,58K;1,18%
24.02.2023;2.335,50;;-2,53%
23.02.2023;2.396,00;37,98K;-0,91%
22.02.2023;2.418,00;41,89K;-2,01%
21.02.2023;2.467,50;43,76K;0,41%
20.02.2023;2.457,50;31,17K;2,93%
17.02.2023;2.387,50;44,83K;-0,27%
16.02.2023;2.394,00;46,94K;0,40%
15.02.2023;2.384,50;47,14K;-0,98%
14.02.2023;2.408,00;43,63K;-0,19%
13.02.2023;2.412,50;54,61K;-1,15%
10.02.2023;2.440,50;44,19K;-2,34%
09.02.2023;2.499,00;49,81K;0,73%
08.02.2023;2.481,00;64,18K;-1,72%
07.02.2023;2.524,50;40,65K;-0,36%
06.02.2023;2.533,50;50,90K;-1,40%
03.02.2023;2.569,50;39,84K;-1,82%
02.02.2023;2.617,00;55,12K;-0,55%
01.02.2023;2.631,50;43,50K;-0,47%
31.01.2023;2.644,00;55,09K;2,10%
30.01.2023;2.589,50;39,44K;-1,43%
27.01.2023;2.627,00;29,45K;-0,45%
26.01.2023;2.639,00;30,47K;-0,73%
25.01.2023;2.658,50;29,94K;0,30%
24.01.2023;2.650,50;29,73K;0,53%
23.01.2023;2.636,50;24,39K;1,00%
20.01.2023;2.610,50;33,43K;0,89%
19.01.2023;2.587,50;53,22K;-1,91%
18.01.2023;2.638,00;69,66K;0,74%
17.01.2023;2.618,50;44,74K;-0,10%
16.01.2023;2.621,00;58,20K;1,00%
13.01.2023;2.595,00;73,01K;1,82%
12.01.2023;2.548,50;56,55K;1,53%
11.01.2023;2.510,00;54,33K;1,89%
10.01.2023;2.463,50;61,28K;1,03%
09.01.2023;2.438,50;71,02K;6,23%
06.01.2023;2.295,50;51,62K;1,77%
05.01.2023;2.255,50;45,60K;-0,49%
04.01.2023;2.266,50;50,90K;-1,93%
03.01.2023;2.311,00;54,93K;-2,82%
30.12.2022;2.378,00;29,18K;-1,12%
29.12.2022;2.405,00;23,86K;1,01%
28.12.2022;2.381,00;31,08K;-0,36%
23.12.2022;2.389,50;24,64K;-0,69%
22.12.2022;2.406,00;25,55K;0,61%
21.12.2022;2.391,50;30,10K;0,80%
20.12.2022;2.372,50;40,10K;0,49%
19.12.2022;2.361,00;30,52K;-0,59%
16.12.2022;2.375,00;39,58K;-0,38%
15.12.2022;2.384,00;49,86K;-2,45%
14.12.2022;2.444,00;25,66K;-0,69%
13.12.2022;2.461,00;40,43K;1,95%
12.12.2022;2.414,00;37,30K;-2,68%
09.12.2022;2.480,50;27,20K;-0,90%
08.12.2022;2.503,00;31,52K;0,70%
07.12.2022;2.485,50;35,77K;-0,92%
06.12.2022;2.508,50;42,06K;-0,56%
05.12.2022;2.522,50;44,15K;-0,90%
02.12.2022;2.545,50;52,48K;2,43%
01.12.2022;2.485,00;58,01K;0,30%
30.11.2022;2.477,50;54,78K;4,12%
29.11.2022;2.379,50;30,25K;0,72%
28.11.2022;2.362,50;25,18K;0,00%
25.11.2022;2.362,50;25,80K;-0,21%
24.11.2022;2.367,50;18,46K;-1,23%
23.11.2022;2.397,00;25,66K;-1,32%
22.11.2022;2.429,00;31,17K;2,10%
21.11.2022;2.379,00;31,88K;-2,10%
18.11.2022;2.430,00;31,76K;1,63%
17.11.2022;2.391,00;37,17K;-0,87%
16.11.2022;2.412,00;31,53K;-0,94%
15.11.2022;2.435,00;48,12K;-0,71%
14.11.2022;2.452,50;50,33K;-0,45%
11.11.2022;2.463,50;79,52K;5,87%
10.11.2022;2.327,00;42,75K;0,34%
09.11.2022;2.319,00;39,27K;-2,23%
08.11.2022;2.372,00;36,21K;1,50%
07.11.2022;2.337,00;35,08K;-0,79%
04.11.2022;2.355,50;46,46K;4,04%
03.11.2022;2.264,00;26,95K;0,58%
02.11.2022;2.251,00;31,05K;0,38%
01.11.2022;2.242,50;36,75K;0,92%
31.10.2022;2.222,00;39,31K;0,47%
28.10.2022;2.211,50;44,84K;-3,32%
27.10.2022;2.287,50;46,13K;-2,03%
26.10.2022;2.335,00;56,82K;5,42%
25.10.2022;2.215,00;40,19K;1,84%
24.10.2022;2.175,00;31,67K;-1,41%
21.10.2022;2.206,00;31,46K;-0,16%
20.10.2022;2.209,50;39,80K;1,80%
19.10.2022;2.170,50;39,28K;-1,03%
18.10.2022;2.193,00;58,18K;-1,62%
17.10.2022;2.229,00;42,21K;-3,34%
14.10.2022;2.306,00;35,86K;-2,27%
13.10.2022;2.359,50;71,88K;2,36%
12.10.2022;2.305,00;42,53K;3,09%
11.10.2022;2.236,00;44,16K;-1,06%
10.10.2022;2.260,00;35,04K;-1,70%
07.10.2022;2.299,00;34,59K;-2,05%
06.10.2022;2.347,00;46,80K;-0,21%
05.10.2022;2.352,00;53,31K;0,17%
04.10.2022;2.348,00;66,17K;5,79%
03.10.2022;2.219,50;51,20K;2,66%
30.09.2022;2.162,00;52,17K;-1,59%
29.09.2022;2.197,00;81,67K;3,44%
28.09.2022;2.124,00;48,59K;0,47%
27.09.2022;2.114,00;41,90K;-1,19%
26.09.2022;2.139,50;37,04K;-1,18%
23.09.2022;2.165,00;41,38K;-2,85%
22.09.2022;2.228,50;45,66K;1,18%
21.09.2022;2.202,50;68,03K;-1,91%
20.09.2022;2.245,50;34,55K;-0,24%
19.09.2022;2.251,00;23,36K;-1,14%
16.09.2022;2.277,00;23,36K;-1,32%
15.09.2022;2.307,50;46,52K;1,63%
14.09.2022;2.270,50;44,10K;-1,84%
13.09.2022;2.313,00;41,67K;1,31%
12.09.2022;2.283,00;30,51K;-0,13%
09.09.2022;2.286,00;52,51K;0,42%
08.09.2022;2.276,50;;1,86%
07.09.2022;2.235,00;49,52K;-1,13%
06.09.2022;2.260,50;47,10K;-1,09%
05.09.2022;2.285,50;27,49K;-0,44%
02.09.2022;2.295,50;38,74K;0,02%
01.09.2022;2.295,00;62,33K;-2,71%
31.08.2022;2.359,00;56,07K;-1,34%
30.08.2022;2.391,00;52,07K;-4,11%
26.08.2022;2.493,50;51,01K;2,47%
25.08.2022;2.433,50;29,56K;0,14%
24.08.2022;2.430,00;33,07K;0,25%
23.08.2022;2.424,00;43,33K;1,40%
22.08.2022;2.390,50;30,33K;0,19%
19.08.2022;2.386,00;35,65K;-0,71%
18.08.2022;2.403,00;37,75K;-0,33%
17.08.2022;2.411,00;33,89K;0,79%
16.08.2022;2.392,00;77,43K;0,08%
15.08.2022;2.390,00;46,76K;-1,83%
12.08.2022;2.434,50;38,04K;-3,41%
11.08.2022;2.520,50;33,31K;1,25%
10.08.2022;2.489,50;38,51K;-0,04%
09.08.2022;2.490,50;37,71K;1,84%
08.08.2022;2.445,50;22,40K;1,22%
05.08.2022;2.416,00;35,26K;0,54%
04.08.2022;2.403,00;37,72K;1,05%
03.08.2022;2.378,00;34,52K;-1,51%
02.08.2022;2.414,50;47,65K;-0,66%
01.08.2022;2.430,50;34,76K;-2,33%
29.07.2022;2.488,50;50,79K;1,32%
28.07.2022;2.456,00;39,16K;1,19%
27.07.2022;2.427,00;;-0,41%
26.07.2022;2.437,00;;0,91%
25.07.2022;2.415,00;;-2,19%
22.07.2022;2.469,00;;1,19%
21.07.2022;2.440,00;;0,62%
20.07.2022;2.425,00;;1,63%
19.07.2022;2.386,00;;-2,01%
18.07.2022;2.435,00;;3,88%
15.07.2022;2.344,00;;0,69%
14.07.2022;2.328,00;;-1,48%
13.07.2022;2.363,00;;-0,08%
12.07.2022;2.365,00;;-0,63%
11.07.2022;2.380,00;;-2,32%
08.07.2022;2.436,50;;-0,25%
07.07.2022;2.442,50;52,60K;1,37%
06.07.2022;2.409,50;45,93K;0,73%
05.07.2022;2.392,00;50,63K;-2,92%
04.07.2022;2.464,00;20,98K;0,82%
01.07.2022;2.444,00;73,29K;-0,06%
30.06.2022;2.445,50;52,72K;-1,03%
29.06.2022;2.471,00;42,73K;-0,80%
28.06.2022;2.491,00;43,94K;-0,18%
27.06.2022;2.495,50;39,57K;1,61%
24.06.2022;2.456,00;50,25K;-0,87%
23.06.2022;2.477,50;52,34K;-0,08%
22.06.2022;2.479,50;44,78K;-2,13%
21.06.2022;2.533,50;51,39K;0,26%
20.06.2022;2.527,00;21,89K;1,16%
17.06.2022;2.498,00;40,74K;-0,26%
16.06.2022;2.504,50;56,34K;-3,39%
15.06.2022;2.592,50;46,51K;0,88%
14.06.2022;2.570,00;51,08K;-2,21%
13.06.2022;2.628,00;61,18K;-1,94%
10.06.2022;2.680,00;44,18K;-2,93%
09.06.2022;2.761,00;41,39K;-2,06%
08.06.2022;2.819,00;35,34K;1,46%
07.06.2022;2.778,50;39,60K;-0,14%
06.06.2022;2.782,50;44,10K;2,07%
01.06.2022;2.726,00;57,00K;-2,19%
31.05.2022;2.787,00;40,09K;-3,51%
30.05.2022;2.888,50;18,02K;0,59%
27.05.2022;2.871,50;23,68K;0,23%
26.05.2022;2.865,00;23,78K;-0,31%
25.05.2022;2.874,00;32,05K;-0,95%
24.05.2022;2.901,50;30,17K;-1,84%
23.05.2022;2.956,00;35,61K;0,34%
20.05.2022;2.946,00;40,39K;1,36%
19.05.2022;2.906,50;33,06K;1,71%
18.05.2022;2.857,50;33,80K;-1,14%
17.05.2022;2.890,50;42,27K;2,07%
16.05.2022;2.832,00;29,61K;1,58%
13.05.2022;2.788,00;37,94K;1,68%
12.05.2022;2.742,00;46,72K;-1,30%
11.05.2022;2.778,00;44,51K;0,89%
10.05.2022;2.753,50;44,15K;-0,05%
09.05.2022;2.755,00;51,52K;-3,06%
06.05.2022;2.842,00;48,51K;-2,54%
05.05.2022;2.916,00;48,40K;-1,25%
04.05.2022;2.953,00;34,42K;1,44%
03.05.2022;2.911,00;61,37K;-4,64%
29.04.2022;3.052,50;36,84K;0,69%
28.04.2022;3.031,50;30,34K;-2,00%
27.04.2022;3.093,50;24,27K;0,95%
26.04.2022;3.064,50;33,24K;-0,99%
25.04.2022;3.095,00;;-4,64%
22.04.2022;3.245,50;;-1,59%
21.04.2022;3.298,00;21,17K;0,89%
20.04.2022;3.269,00;43,64K;0,25%
19.04.2022;3.261,00;32,81K;-0,75%
14.04.2022;3.285,50;27,38K;1,53%
13.04.2022;3.236,00;31,95K;-0,95%
12.04.2022;3.267,00;33,61K;0,58%
11.04.2022;3.248,00;50,28K;-3,75%
08.04.2022;3.374,50;25,82K;-0,31%
07.04.2022;3.385,00;41,48K;-1,63%
06.04.2022;3.441,00;34,06K;-0,69%
05.04.2022;3.465,00;24,42K;0,52%
04.04.2022;3.447,00;30,76K;-0,09%
01.04.2022;3.450,00;29,15K;-1,17%
31.03.2022;3.491,00;37,28K;-1,69%
30.03.2022;3.551,00;24,50K;3,35%
29.03.2022;3.436,00;60,30K;-4,93%
28.03.2022;3.614,00;17,90K;0,25%
25.03.2022;3.605,00;20,85K;-0,51%
24.03.2022;3.623,50;30,65K;-0,81%
23.03.2022;3.653,00;32,58K;4,24%
22.03.2022;3.504,50;32,40K;-0,47%
21.03.2022;3.521,00;39,49K;4,14%
18.03.2022;3.381,00;27,28K;-0,10%
17.03.2022;3.384,50;29,82K;3,87%
16.03.2022;3.258,50;36,07K;-0,58%
15.03.2022;3.277,50;63,06K;-1,27%
14.03.2022;3.319,50;37,15K;-4,69%
11.03.2022;3.483,00;30,79K;1,62%
10.03.2022;3.427,50;53,25K;2,59%
09.03.2022;3.341,00;69,17K;-4,49%
08.03.2022;3.498,00;92,28K;-6,47%
07.03.2022;3.740,00;83,05K;-2,83%
04.03.2022;3.849,00;76,73K;3,57%
03.03.2022;3.716,50;106,23K;4,13%
02.03.2022;3.569,00;68,40K;2,62%
01.03.2022;3.478,00;68,56K;3,25%
28.02.2022;3.368,50;85,69K;0,33%
25.02.2022;3.357,50;57,61K;-1,09%
24.02.2022;3.394,50;106,85K;3,10%
23.02.2022;3.292,50;50,20K;-0,32%
22.02.2022;3.303,00;69,13K;0,72%
21.02.2022;3.279,50;28,21K;0,52%
18.02.2022;3.262,50;42,99K;-0,17%
17.02.2022;3.268,00;39,81K;0,37%
16.02.2022;3.256,00;55,31K;1,50%
15.02.2022;3.208,00;41,55K;-0,20%
14.02.2022;3.214,50;55,23K;2,49%
11.02.2022;3.136,50;73,47K;-3,51%
10.02.2022;3.250,50;64,74K;-0,47%
09.02.2022;3.266,00;51,53K;2,61%
08.02.2022;3.183,00;77,23K;1,63%
07.02.2022;3.132,00;45,88K;1,89%
04.02.2022;3.074,00;42,23K;0,79%
03.02.2022;3.050,00;39,36K;2,14%
02.02.2022;2.986,00;64,02K;-1,53%
01.02.2022;3.032,50;33,74K;0,38%
31.01.2022;3.021,00;34,83K;-2,00%
28.01.2022;3.082,50;40,85K;-0,52%
27.01.2022;3.098,50;36,62K;0,15%
26.01.2022;3.094,00;30,61K;0,06%
25.01.2022;3.092,00;45,24K;2,10%
24.01.2022;3.028,50;34,44K;-0,39%
21.01.2022;3.040,50;51,53K;-2,27%
20.01.2022;3.111,00;81,13K;1,98%
19.01.2022;3.050,50;46,62K;0,86%
18.01.2022;3.024,50;43,36K;0,92%
17.01.2022;2.997,00;25,07K;0,69%
14.01.2022;2.976,50;60,36K;0,83%
13.01.2022;2.952,00;40,86K;-1,02%
12.01.2022;2.982,50;56,45K;0,42%
11.01.2022;2.970,00;42,57K;1,31%
10.01.2022;2.931,50;1,12K;0,58%
07.01.2022;2.914,50;47,05K;-0,24%
06.01.2022;2.921,50;51,16K;-0,02%
05.01.2022;2.922,00;68,35K;2,92%
04.01.2022;2.839,00;52,87K;1,12%
31.12.2021;2.807,50;47,53K;-0,37%
30.12.2021;2.818,00;47,53K;0,27%
29.12.2021;2.810,50;74,66K;-0,93%
24.12.2021;2.837,00;17,78K;-0,32%
23.12.2021;2.846,00;43,45K;0,76%
22.12.2021;2.824,50;62,53K;2,56%
21.12.2021;2.754,00;39,13K;3,11%
20.12.2021;2.671,00;38,22K;-1,96%
17.12.2021;2.724,50;46,10K;2,16%
16.12.2021;2.667,00;66,37K;2,70%
15.12.2021;2.597,00;41,76K;-1,20%
14.12.2021;2.628,50;26,75K;-0,96%
13.12.2021;2.654,00;35,02K;1,82%
10.12.2021;2.606,50;28,34K;-0,76%
09.12.2021;2.626,50;28,64K;-0,02%
08.12.2021;2.627,00;21,62K;-0,06%
07.12.2021;2.628,50;25,96K;1,56%
06.12.2021;2.588,00;34,48K;-1,33%
03.12.2021;2.623,00;32,72K;0,88%
02.12.2021;2.600,00;55,45K;-2,42%
01.12.2021;2.664,50;61,53K;1,50%
30.11.2021;2.625,00;51,65K;-0,19%
29.11.2021;2.630,00;49,98K;0,57%
26.11.2021;2.615,00;48,35K;-3,77%
25.11.2021;2.717,50;23,86K;0,50%
24.11.2021;2.704,00;29,45K;1,33%
23.11.2021;2.668,50;20,74K;-0,78%
22.11.2021;2.689,50;30,23K;0,37%
19.11.2021;2.679,50;42,36K;2,43%
18.11.2021;2.616,00;28,27K;-0,02%
17.11.2021;2.616,50;32,34K;1,63%
16.11.2021;2.574,50;61,52K;-3,11%
15.11.2021;2.657,00;41,16K;-1,59%
12.11.2021;2.700,00;38,53K;1,50%
11.11.2021;2.660,00;41,37K;3,18%
10.11.2021;2.578,00;36,59K;0,84%
09.11.2021;2.556,50;42,70K;-1,86%
08.11.2021;2.605,00;33,76K;1,90%
05.11.2021;2.556,50;53,69K;0,08%
04.11.2021;2.554,50;68,70K;-3,82%
03.11.2021;2.656,00;56,41K;-1,36%
02.11.2021;2.692,50;46,72K;-0,99%
01.11.2021;2.719,50;39,11K;0,11%
29.10.2021;2.716,50;67,42K;-1,09%
28.10.2021;2.746,50;87,06K;2,25%
27.10.2021;2.686,00;116,37K;-5,05%
26.10.2021;2.829,00;64,00K;-1,62%
25.10.2021;2.875,50;50,45K;0,26%
22.10.2021;2.868,00;105,92K;-1,46%
21.10.2021;2.910,50;90,31K;-5,18%
20.10.2021;3.069,50;70,75K;-1,37%
19.10.2021;3.112,00;74,02K;-1,75%
18.10.2021;3.167,50;59,54K;-0,13%
15.10.2021;3.171,50;66,74K;1,75%
14.10.2021;3.117,00;69,44K;1,60%
13.10.2021;3.068,00;51,51K;0,00%
12.10.2021;3.068,00;58,81K;0,13%
11.10.2021;3.064,00;64,03K;3,30%
08.10.2021;2.966,00;60,14K;0,68%
07.10.2021;2.946,00;42,44K;1,69%
06.10.2021;2.897,00;38,67K;-0,82%
05.10.2021;2.921,00;26,22K;0,17%
04.10.2021;2.916,00;25,25K;2,07%
01.10.2021;2.857,00;38,56K;-0,05%
30.09.2021;2.858,50;60,39K;-1,82%
29.09.2021;2.911,50;36,67K;-1,12%
28.09.2021;2.944,50;59,19K;2,12%
27.09.2021;2.883,50;42,20K;-1,10%
24.09.2021;2.915,50;41,62K;-1,15%
23.09.2021;2.949,50;56,00K;0,49%
22.09.2021;2.935,00;61,22K;3,13%
21.09.2021;2.846,00;40,30K;-0,59%
20.09.2021;2.863,00;38,73K;-0,78%
17.09.2021;2.885,50;35,70K;0,21%
16.09.2021;2.879,50;40,82K;-0,47%
15.09.2021;2.893,00;72,98K;2,19%
14.09.2021;2.831,00;57,54K;-2,26%
13.09.2021;2.896,50;71,54K;-0,94%
10.09.2021;2.924,00;56,53K;2,98%
09.09.2021;2.839,50;47,38K;1,63%
08.09.2021;2.794,00;46,32K;1,34%
07.09.2021;2.757,00;22,83K;-0,58%
06.09.2021;2.773,00;41,12K;1,69%
03.09.2021;2.727,00;36,37K;1,19%
02.09.2021;2.695,00;57,92K;0,19%
01.09.2021;2.690,00;53,08K;-1,03%
31.08.2021;2.718,00;63,98K;2,59%
27.08.2021;2.649,50;60,33K;1,15%
26.08.2021;2.619,50;35,40K;0,08%
25.08.2021;2.617,50;25,69K;0,10%
24.08.2021;2.615,00;49,17K;0,50%
23.08.2021;2.602,00;41,38K;2,18%
20.08.2021;2.546,50;32,79K;0,04%
19.08.2021;2.545,50;49,79K;-0,37%
18.08.2021;2.555,00;37,38K;-1,71%
17.08.2021;2.599,50;68,57K;-0,10%
16.08.2021;2.602,00;33,97K;0,08%
13.08.2021;2.600,00;27,26K;0,68%
12.08.2021;2.582,50;32,81K;-0,12%
11.08.2021;2.585,50;21,60K;0,43%
10.08.2021;2.574,50;37,92K;1,00%
09.08.2021;2.549,00;42,08K;-1,12%
06.08.2021;2.578,00;30,09K;-0,39%
05.08.2021;2.588,00;22,73K;0,84%
04.08.2021;2.566,50;24,79K;-0,75%
03.08.2021;2.586,00;39,18K;-1,11%
02.08.2021;2.615,00;33,54K;0,97%
30.07.2021;2.590,00;62,86K;-0,06%
29.07.2021;2.591,50;46,89K;2,15%
28.07.2021;2.537,00;40,94K;1,89%
27.07.2021;2.490,00;34,41K;-1,15%
26.07.2021;2.519,00;34,82K;0,66%
23.07.2021;2.502,50;25,53K;0,79%
22.07.2021;2.483,00;29,33K;1,20%
21.07.2021;2.453,50;35,61K;-0,49%
20.07.2021;2.465,50;60,72K;1,65%
19.07.2021;2.425,50;41,11K;-2,53%
16.07.2021;2.488,50;23,92K;-1,17%
15.07.2021;2.518,00;25,62K;-0,28%
14.07.2021;2.525,00;21,45K;-0,41%
13.07.2021;2.535,50;34,50K;1,85%
12.07.2021;2.489,50;34,45K;-0,48%
09.07.2021;2.501,50;31,82K;2,44%
08.07.2021;2.442,00;42,39K;-2,30%
07.07.2021;2.499,50;37,71K;-1,21%
06.07.2021;2.530,00;35,31K;-1,02%
05.07.2021;2.556,00;24,76K;-0,23%
02.07.2021;2.562,00;31,24K;1,99%
01.07.2021;2.512,00;29,37K;-0,46%
30.06.2021;2.523,50;41,14K;-1,10%
29.06.2021;2.551,50;39,39K;2,47%
28.06.2021;2.490,00;36,92K;0,16%
25.06.2021;2.486,00;60,51K;1,89%
24.06.2021;2.440,00;39,86K;0,02%
23.06.2021;2.439,50;26,67K;0,60%
22.06.2021;2.425,00;31,16K;0,89%
21.06.2021;2.403,50;35,25K;0,78%
18.06.2021;2.385,00;42,82K;-0,63%
17.06.2021;2.400,00;51,26K;-2,81%
16.06.2021;2.469,50;28,80K;0,10%
15.06.2021;2.467,00;51,90K;-1,08%
14.06.2021;2.494,00;23,29K;1,20%
11.06.2021;2.464,50;38,80K;-0,46%
10.06.2021;2.476,00;38,54K;0,71%
09.06.2021;2.458,50;29,82K;0,24%
08.06.2021;2.452,50;25,85K;1,09%
07.06.2021;2.426,00;28,84K;-1,18%
04.06.2021;2.455,00;26,12K;2,08%
03.06.2021;2.405,00;25,61K;-1,60%
02.06.2021;2.444,00;31,34K;-1,01%
01.06.2021;2.469,00;40,24K;-0,56%
28.05.2021;2.483,00;54,85K;0,08%
27.05.2021;2.481,00;44,88K;3,29%
26.05.2021;2.402,00;29,25K;1,26%
25.05.2021;2.372,00;39,98K;-0,63%
24.05.2021;2.387,00;63,50K;0,72%
21.05.2021;2.370,00;66,91K;-1,09%
20.05.2021;2.396,00;40,94K;-0,79%
19.05.2021;2.415,00;50,35K;-2,54%
18.05.2021;2.478,00;57,57K;-0,84%
17.05.2021;2.499,00;39,25K;1,46%
14.05.2021;2.463,00;51,35K;0,47%
13.05.2021;2.451,50;54,52K;-1,17%
12.05.2021;2.480,50;55,02K;-1,61%
11.05.2021;2.521,00;51,16K;-0,40%
10.05.2021;2.531,00;78,16K;-0,35%
07.05.2021;2.540,00;54,33K;2,07%
06.05.2021;2.488,50;55,69K;1,80%
05.05.2021;2.444,50;28,42K;0,68%
04.05.2021;2.428,00;32,89K;1,29%
30.04.2021;2.397,00;38,22K;-0,83%
29.04.2021;2.417,00;42,74K;0,73%
28.04.2021;2.399,50;22,92K;0,15%
27.04.2021;2.396,00;31,90K;-0,31%
26.04.2021;2.403,50;24,42K;1,65%
23.04.2021;2.364,50;23,23K;0,06%
22.04.2021;2.363,00;24,18K;-0,06%
21.04.2021;2.364,50;48,11K;2,38%
20.04.2021;2.309,50;26,76K;-0,88%
19.04.2021;2.330,00;24,09K;0,65%
16.04.2021;2.315,00;25,13K;-1,03%
15.04.2021;2.339,00;38,65K;0,67%
14.04.2021;2.323,50;33,65K;1,33%
13.04.2021;2.293,00;29,40K;1,37%
12.04.2021;2.262,00;25,75K;-0,09%
09.04.2021;2.264,00;21,73K;-0,81%
08.04.2021;2.282,50;26,24K;1,00%
07.04.2021;2.260,00;24,20K;-0,35%
06.04.2021;2.268,00;36,05K;1,91%
01.04.2021;2.225,50;26,58K;0,61%
31.03.2021;2.212,00;39,46K;-0,85%
30.03.2021;2.231,00;26,18K;-1,54%
29.03.2021;2.266,00;27,68K;-1,39%
26.03.2021;2.298,00;39,96K;2,32%
25.03.2021;2.246,00;42,02K;-0,53%
24.03.2021;2.258,00;25,99K;1,73%
23.03.2021;2.219,50;59,29K;-2,31%
22.03.2021;2.272,00;50,25K;0,29%
19.03.2021;2.265,50;42,73K;2,23%
18.03.2021;2.216,00;35,38K;-0,52%
17.03.2021;2.227,50;31,96K;1,14%
16.03.2021;2.202,50;49,12K;-0,70%
15.03.2021;2.218,00;50,21K;2,16%
12.03.2021;2.171,00;29,90K;-0,32%
11.03.2021;2.178,00;55,22K;0,46%
10.03.2021;2.168,00;33,79K;-0,02%
09.03.2021;2.168,50;38,03K;-0,12%
08.03.2021;2.171,00;30,62K;-0,23%
05.03.2021;2.176,00;39,10K;1,04%
04.03.2021;2.153,50;65,04K;-2,11%
03.03.2021;2.200,00;52,34K;-0,52%
02.03.2021;2.211,50;69,32K;3,85%
01.03.2021;2.129,50;61,37K;-1,16%
26.02.2021;2.154,50;71,66K;-3,60%
25.02.2021;2.235,00;77,71K;2,31%
24.02.2021;2.184,50;43,08K;1,75%
23.02.2021;2.147,00;47,25K;-0,90%
22.02.2021;2.166,50;37,19K;1,64%
19.02.2021;2.131,50;56,34K;-0,28%
18.02.2021;2.137,50;51,77K;1,06%
17.02.2021;2.115,00;31,36K;1,37%
16.02.2021;2.086,50;22,69K;0,14%
15.02.2021;2.083,50;22,94K;-0,29%
12.02.2021;2.089,50;23,69K;0,48%
11.02.2021;2.079,50;24,46K;0,02%
10.02.2021;2.079,00;32,39K;1,22%
09.02.2021;2.054,00;30,05K;1,28%
08.02.2021;2.028,00;25,15K;0,62%
05.02.2021;2.015,50;26,97K;1,10%
04.02.2021;1.993,50;28,78K;1,01%
03.02.2021;1.973,50;23,37K;0,05%
02.02.2021;1.972,50;31,41K;0,18%
01.02.2021;1.969,00;37,53K;-0,43%
29.01.2021;1.977,50;37,31K;-0,35%
28.01.2021;1.984,50;28,40K;-0,38%
27.01.2021;1.992,00;27,47K;-1,39%
26.01.2021;2.020,00;26,82K;0,40%
25.01.2021;2.012,00;28,24K;0,88%
22.01.2021;1.994,50;30,07K;-0,15%
21.01.2021;1.997,50;37,65K;0,86%
20.01.2021;1.980,50;25,05K;0,84%
19.01.2021;1.964,00;36,71K;-0,41%
18.01.2021;1.972,00;26,85K;-0,95%
15.01.2021;1.991,00;29,54K;-0,72%
14.01.2021;2.005,50;26,94K;-0,37%
13.01.2021;2.013,00;26,94K;-0,32%
12.01.2021;2.019,50;31,57K;0,50%
11.01.2021;2.009,50;27,56K;-0,59%
08.01.2021;2.021,50;23,80K;-0,74%
07.01.2021;2.036,50;24,13K;-0,10%
06.01.2021;2.038,50;43,44K;-0,10%
05.01.2021;2.040,50;25,75K;0,44%
04.01.2021;2.031,50;37,70K;2,63%
31.12.2020;1.979,50;19,69K;-1,00%
30.12.2020;1.999,50;16,88K;0,43%
29.12.2020;1.991,00;33,36K;-1,92%
24.12.2020;2.030,00;13,62K;1,20%
23.12.2020;2.006,00;29,26K;0,53%
22.12.2020;1.995,50;38,66K;-1,24%
21.12.2020;2.020,50;28,90K;-1,75%
18.12.2020;2.056,50;28,19K;0,17%
17.12.2020;2.053,00;77,92K;0,88%
16.12.2020;2.035,00;32,73K;0,27%
15.12.2020;2.029,50;23,34K;-0,85%
14.12.2020;2.047,00;27,08K;1,21%
11.12.2020;2.022,50;27,26K;-1,82%
10.12.2020;2.060,00;25,62K;1,23%
09.12.2020;2.035,00;31,37K;2,26%
08.12.2020;1.990,00;31,76K;-1,34%
07.12.2020;2.017,00;24,28K;-1,32%
04.12.2020;2.044,00;24,95K;0,79%
03.12.2020;2.028,00;47,05K;-1,31%
02.12.2020;2.055,00;44,65K;-0,46%
01.12.2020;2.064,50;52,66K;0,95%
30.11.2020;2.045,00;59,75K;2,33%
27.11.2020;1.998,50;41,47K;1,14%
26.11.2020;1.976,00;23,63K;0,30%
25.11.2020;1.970,00;42,09K;-0,83%
24.11.2020;1.986,50;37,33K;0,66%
23.11.2020;1.973,50;34,72K;-0,98%
20.11.2020;1.993,00;38,68K;0,03%
19.11.2020;1.992,50;24,75K;-0,28%
18.11.2020;1.998,00;37,16K;1,04%
17.11.2020;1.977,50;69,40K;1,36%
16.11.2020;1.951,00;30,55K;0,98%
13.11.2020;1.932,00;21,99K;0,10%
12.11.2020;1.930,00;24,44K;0,63%
11.11.2020;1.918,00;29,72K;0,52%
10.11.2020;1.908,00;23,75K;0,77%
09.11.2020;1.893,50;39,38K;-0,42%
06.11.2020;1.901,50;30,70K;0,21%
05.11.2020;1.897,50;35,08K;-0,58%
04.11.2020;1.908,50;50,98K;0,16%
03.11.2020;1.905,50;48,03K;2,12%
02.11.2020;1.866,00;37,53K;0,95%
30.10.2020;1.848,50;39,20K;2,52%
29.10.2020;1.803,00;28,75K;-0,36%
28.10.2020;1.809,50;29,50K;-0,69%
27.10.2020;1.822,00;25,72K;-0,30%
26.10.2020;1.827,50;26,42K;-0,81%
23.10.2020;1.842,50;19,12K;-0,22%
22.10.2020;1.846,50;19,61K;0,16%
21.10.2020;1.843,50;31,68K;0,49%
20.10.2020;1.834,50;49,74K;-1,03%
19.10.2020;1.853,50;35,96K;-0,91%
16.10.2020;1.870,50;38,89K;1,00%
15.10.2020;1.852,00;27,00K;0,00%
14.10.2020;1.852,00;29,29K;-0,32%
13.10.2020;1.858,00;38,71K;0,13%
12.10.2020;1.855,50;40,66K;0,76%
09.10.2020;1.841,50;53,27K;2,05%
08.10.2020;1.804,50;33,99K;1,18%
07.10.2020;1.783,50;31,17K;1,05%
06.10.2020;1.765,00;34,26K;-0,62%
05.10.2020;1.776,00;24,54K;0,45%
02.10.2020;1.768,00;44,79K;1,64%
01.10.2020;1.739,50;37,58K;-1,44%
30.09.2020;1.765,00;34,35K;-1,01%
29.09.2020;1.783,00;27,43K;0,45%
28.09.2020;1.775,00;30,06K;1,52%
25.09.2020;1.748,50;34,33K;0,49%
24.09.2020;1.740,00;47,91K;-0,83%
23.09.2020;1.754,50;44,65K;-1,24%
22.09.2020;1.776,50;27,79K;-0,17%
21.09.2020;1.779,50;29,83K;-0,73%
18.09.2020;1.792,50;29,55K;0,65%
17.09.2020;1.781,00;28,67K;-0,81%
16.09.2020;1.795,50;64,33K;0,34%
15.09.2020;1.789,50;27,83K;-0,61%
14.09.2020;1.800,50;32,82K;1,44%
11.09.2020;1.775,00;24,43K;-0,81%
10.09.2020;1.789,50;27,73K;0,31%
09.09.2020;1.784,00;28,47K;-0,45%
08.09.2020;1.792,00;28,46K;-0,31%
07.09.2020;1.797,50;18,54K;0,62%
04.09.2020;1.786,50;25,41K;0,37%
03.09.2020;1.780,00;32,86K;-0,34%
02.09.2020;1.786,00;51,11K;-1,68%
01.09.2020;1.816,50;48,02K;0,92%
28.08.2020;1.800,00;38,94K;1,07%
27.08.2020;1.781,00;28,44K;0,06%
26.08.2020;1.780,00;27,52K;0,25%
25.08.2020;1.775,50;26,24K;0,28%
24.08.2020;1.770,50;27,87K;0,31%
21.08.2020;1.765,00;44,34K;-1,37%
20.08.2020;1.789,50;39,32K;-0,22%
19.08.2020;1.793,50;34,28K;1,13%
18.08.2020;1.773,50;43,09K;1,00%
17.08.2020;1.756,00;29,51K;0,57%
14.08.2020;1.746,00;30,98K;-0,99%
13.08.2020;1.763,50;33,92K;-1,32%
12.08.2020;1.787,00;30,20K;0,06%
11.08.2020;1.786,00;37,81K;0,00%
10.08.2020;1.786,00;36,40K;0,85%
07.08.2020;1.771,00;32,59K;-0,37%
06.08.2020;1.777,50;36,43K;0,59%
05.08.2020;1.767,00;48,21K;-0,17%
04.08.2020;1.770,00;45,85K;1,03%
03.08.2020;1.752,00;62,26K;2,25%
31.07.2020;1.713,50;51,66K;-0,38%
30.07.2020;1.720,00;32,52K;-0,29%
29.07.2020;1.725,00;24,50K;0,06%
28.07.2020;1.724,00;33,01K;0,94%
27.07.2020;1.708,00;20,57K;0,47%
24.07.2020;1.700,00;35,96K;-0,06%
23.07.2020;1.701,00;28,48K;0,59%
22.07.2020;1.691,00;35,74K;-0,32%
21.07.2020;1.696,50;61,85K;1,92%
20.07.2020;1.664,50;29,32K;0,18%
17.07.2020;1.661,50;27,50K;-0,54%
16.07.2020;1.670,50;43,58K;-0,77%
15.07.2020;1.683,50;32,62K;-0,30%
14.07.2020;1.688,50;39,42K;-0,09%
13.07.2020;1.690,00;58,30K;0,09%
10.07.2020;1.688,50;44,11K;1,47%
09.07.2020;1.664,00;56,37K;-0,06%
08.07.2020;1.665,00;55,11K;1,90%
07.07.2020;1.634,00;32,25K;-0,03%
06.07.2020;1.634,50;33,66K;1,27%
03.07.2020;1.614,00;26,76K;-0,43%
02.07.2020;1.621,00;227,09K;0,00%
01.07.2020;1.621,00;260,05K;0,09%
30.06.2020;1.619,50;192,48K;0,65%
29.06.2020;1.609,00;155,59K;0,47%
26.06.2020;1.601,50;205,52K;2,01%
25.06.2020;1.570,00;149,62K;-0,38%
24.06.2020;1.576,00;126,81K;-1,19%
23.06.2020;1.595,00;125,42K;-0,50%
22.06.2020;1.603,00;129,27K;0,69%
19.06.2020;1.592,00;151,59K;-0,90%
18.06.2020;1.606,50;149,77K;-0,06%
17.06.2020;1.607,50;168,67K;0,63%
16.06.2020;1.597,50;224,95K;1,30%
15.06.2020;1.577,00;318,71K;-0,50%
12.06.2020;1.585,00;341,46K;-1,03%
11.06.2020;1.601,50;324,18K;-1,60%
10.06.2020;1.627,50;320,33K;1,37%
09.06.2020;1.605,50;306,61K;0,03%
08.06.2020;1.605,00;286,96K;0,85%
05.06.2020;1.591,50;289,58K;1,34%
04.06.2020;1.570,50;220,00K;0,13%
03.06.2020;1.568,50;221,95K;1,39%
02.06.2020;1.547,00;284,86K;0,65%
01.06.2020;1.537,00;234,26K;-0,71%
29.05.2020;1.548,00;294,57K;0,72%
28.05.2020;1.537,00;251,27K;0,79%
27.05.2020;1.525,00;354,80K;0,36%
26.05.2020;1.519,50;214,75K;0,86%
22.05.2020;1.506,50;223,09K;-0,95%
21.05.2020;1.521,00;216,59K;0,56%
20.05.2020;1.512,50;340,47K;1,37%
19.05.2020;1.492,00;277,51K;-0,27%
18.05.2020;1.496,00;354,83K;2,33%
15.05.2020;1.462,00;290,09K;-0,88%
14.05.2020;1.475,00;819,11K;-0,34%
13.05.2020;1.480,00;314,46K;0,17%
12.05.2020;1.477,50;274,52K;-1,34%
11.05.2020;1.497,50;323,42K;0,84%
07.05.2020;1.485,00;242,40K;0,37%
06.05.2020;1.479,50;219,43K;-0,34%
05.05.2020;1.484,50;240,30K;0,10%
04.05.2020;1.483,00;226,62K;-0,27%
01.05.2020;1.487,00;167,88K;-0,50%
30.04.2020;1.494,50;277,97K;-0,76%
29.04.2020;1.506,00;198,35K;0,10%
28.04.2020;1.504,50;200,21K;-0,17%
27.04.2020;1.507,00;134,36K;-0,46%
24.04.2020;1.514,00;380,39K;0,26%
23.04.2020;1.510,00;232,82K;-0,33%
22.04.2020;1.515,00;150,81K;1,64%
21.04.2020;1.490,50;222,72K;-0,83%
20.04.2020;1.503,00;181,58K;-0,27%
17.04.2020;1.507,00;255,68K;-0,36%
16.04.2020;1.512,50;212,30K;0,33%
15.04.2020;1.507,50;245,55K;0,27%
14.04.2020;1.503,50;371,08K;1,62%
09.04.2020;1.479,50;431,85K;0,96%
08.04.2020;1.465,50;482,04K;-0,81%
07.04.2020;1.477,50;313,66K;0,37%
06.04.2020;1.472,00;238,32K;-0,64%
03.04.2020;1.481,50;241,54K;-0,64%
02.04.2020;1.491,00;291,43K;-0,57%
01.04.2020;1.499,50;286,73K;-1,74%
31.03.2020;1.526,00;240,54K;-0,29%
30.03.2020;1.530,50;259,68K;-0,97%
27.03.2020;1.545,50;283,63K;0,62%
26.03.2020;1.536,00;198,03K;-0,10%
25.03.2020;1.537,50;229,79K;-0,65%
24.03.2020;1.547,50;179,21K;-0,86%
23.03.2020;1.561,00;291,33K;-1,33%
20.03.2020;1.582,00;296,68K;-2,94%
19.03.2020;1.630,00;358,25K;-1,21%
18.03.2020;1.650,00;434,18K;-0,09%
17.03.2020;1.651,50;418,76K;-1,40%
16.03.2020;1.675,00;542,38K;-0,33%
13.03.2020;1.680,50;388,58K;1,48%
12.03.2020;1.656,00;334,08K;-1,13%
11.03.2020;1.675,00;388,96K;-1,30%
10.03.2020;1.697,00;419,49K;0,59%
09.03.2020;1.687,00;377,88K;0,12%
06.03.2020;1.685,00;323,22K;-2,03%
05.03.2020;1.720,00;268,25K;-0,35%
04.03.2020;1.726,00;300,24K;0,23%
03.03.2020;1.722,00;294,57K;0,29%
02.03.2020;1.717,00;307,23K;1,33%
28.02.2020;1.694,50;313,52K;0,27%
27.02.2020;1.690,00;228,87K;-0,35%
26.02.2020;1.696,00;189,03K;-0,41%
25.02.2020;1.703,00;176,11K;0,24%
24.02.2020;1.699,00;173,23K;-0,85%
21.02.2020;1.713,50;145,51K;0,15%
20.02.2020;1.711,00;144,51K;-0,52%
19.02.2020;1.720,00;166,36K;0,00%
18.02.2020;1.720,00;219,36K;-0,06%
17.02.2020;1.721,00;265,80K;-0,06%
14.02.2020;1.722,00;186,70K;-1,49%
13.02.2020;1.748,00;265,63K;0,63%
12.02.2020;1.737,00;288,82K;0,17%
11.02.2020;1.734,00;365,05K;1,88%
10.02.2020;1.702,00;276,60K;-1,39%
07.02.2020;1.726,00;360,50K;-0,63%
06.02.2020;1.737,00;278,00K;1,16%
05.02.2020;1.717,00;288,69K;1,84%
04.02.2020;1.686,00;399,92K;-0,03%
03.02.2020;1.686,50;415,24K;-2,06%
31.01.2020;1.722,00;338,49K;-0,52%
30.01.2020;1.731,00;245,75K;-0,35%
29.01.2020;1.737,00;312,47K;-0,86%
28.01.2020;1.752,00;282,54K;-0,68%
27.01.2020;1.764,00;255,55K;-0,95%
24.01.2020;1.781,00;313,99K;-0,78%
23.01.2020;1.795,00;216,45K;-0,88%
22.01.2020;1.811,00;233,04K;-0,74%
21.01.2020;1.824,50;278,86K;0,69%
20.01.2020;1.812,00;182,45K;0,39%
17.01.2020;1.805,00;137,12K;-0,39%
16.01.2020;1.812,00;196,03K;0,61%
15.01.2020;1.801,00;178,69K;-0,44%
14.01.2020;1.809,00;209,81K;0,61%
13.01.2020;1.798,00;383,51K;-0,44%
10.01.2020;1.806,00;378,24K;0,14%
09.01.2020;1.803,50;383,68K;0,19%
08.01.2020;1.800,00;313,19K;-0,88%
07.01.2020;1.816,00;302,34K;-0,93%
06.01.2020;1.833,00;295,36K;0,49%
03.01.2020;1.824,00;258,97K;1,08%
02.01.2020;1.804,50;290,02K;-0,30%
31.12.2019;1.810,00;253,42K;-0,93%
30.12.2019;1.827,00;193,90K;0,11%
27.12.2019;1.825,00;181,72K;0,61%
24.12.2019;1.814,00;169,82K;0,55%
23.12.2019;1.804,00;172,25K;0,22%
20.12.2019;1.800,00;221,70K;0,17%
19.12.2019;1.797,00;272,88K;1,13%
18.12.2019;1.777,00;726,93K;0,74%
17.12.2019;1.764,00;298,04K;-0,79%
16.12.2019;1.778,00;363,45K;0,57%
13.12.2019;1.768,00;210,29K;-0,39%
12.12.2019;1.775,00;315,17K;0,85%
11.12.2019;1.760,00;279,79K;0,28%
10.12.2019;1.755,00;286,86K;-0,11%
09.12.2019;1.757,00;278,87K;-0,45%
06.12.2019;1.765,00;318,49K;1,03%
05.12.2019;1.747,00;235,73K;-0,63%
04.12.2019;1.758,00;241,72K;-0,45%
03.12.2019;1.766,00;330,18K;-1,34%
02.12.2019;1.790,00;254,15K;1,13%
29.11.2019;1.770,00;230,24K;1,03%
28.11.2019;1.752,00;134,59K;-0,68%
27.11.2019;1.764,00;205,07K;0,63%
26.11.2019;1.753,00;206,03K;0,98%
25.11.2019;1.736,00;156,81K;-0,17%
22.11.2019;1.739,00;185,15K;0,29%
21.11.2019;1.734,00;191,72K;-0,40%
20.11.2019;1.741,00;186,32K;0,58%
19.11.2019;1.731,00;267,39K;-0,40%
18.11.2019;1.738,00;385,28K;-0,97%
15.11.2019;1.755,00;374,79K;0,80%
14.11.2019;1.741,00;316,13K;-1,36%
13.11.2019;1.765,00;308,69K;-0,73%
12.11.2019;1.778,00;297,18K;-0,06%
11.11.2019;1.779,00;236,34K;-1,58%
08.11.2019;1.807,50;214,85K;-0,30%
07.11.2019;1.813,00;327,53K;0,17%
06.11.2019;1.810,00;324,87K;-0,06%
05.11.2019;1.811,00;380,83K;-0,22%
04.11.2019;1.815,00;338,47K;1,62%
01.11.2019;1.786,00;269,74K;1,77%
31.10.2019;1.755,00;263,07K;-0,28%
30.10.2019;1.760,00;220,05K;0,34%
29.10.2019;1.754,00;203,37K;0,98%
28.10.2019;1.737,00;180,31K;0,52%
25.10.2019;1.728,00;215,82K;0,23%
24.10.2019;1.724,00;130,24K;-0,35%
23.10.2019;1.730,00;140,07K;0,64%
22.10.2019;1.719,00;119,89K;-0,58%
21.10.2019;1.729,00;153,92K;-0,52%
18.10.2019;1.738,00;142,68K;0,64%
17.10.2019;1.727,00;183,13K;-0,06%
16.10.2019;1.728,00;293,72K;0,00%
15.10.2019;1.728,00;284,23K;0,47%
14.10.2019;1.720,00;417,47K;-0,12%
11.10.2019;1.722,00;617,82K;-1,77%
10.10.2019;1.753,00;552,56K;0,52%
09.10.2019;1.744,00;414,94K;-0,43%
08.10.2019;1.751,50;432,34K;0,32%
07.10.2019;1.746,00;347,49K;1,57%
04.10.2019;1.719,00;286,90K;0,06%
03.10.2019;1.718,00;329,77K;0,76%
02.10.2019;1.705,00;484,72K;-2,01%
01.10.2019;1.740,00;473,95K;1,07%
30.09.2019;1.721,50;290,36K;-0,78%
27.09.2019;1.735,00;298,28K;-0,12%
26.09.2019;1.737,00;278,42K;-0,86%
25.09.2019;1.752,00;374,01K;-0,60%
24.09.2019;1.762,50;304,95K;-1,26%
23.09.2019;1.785,00;206,21K;-1,00%
20.09.2019;1.803,00;23,37K;-0,17%
19.09.2019;1.806,00;41,93K;1,15%
18.09.2019;1.785,50;90,21K;-0,36%
17.09.2019;1.792,00;47,79K;0,22%
16.09.2019;1.788,00;47,23K;-0,93%
13.09.2019;1.804,75;75,01K;0,31%
12.09.2019;1.799,25;75,11K;-1,28%
11.09.2019;1.822,50;84,86K;0,22%
10.09.2019;1.818,50;89,95K;1,20%
09.09.2019;1.797,00;87,17K;0,48%
06.09.2019;1.788,50;48,94K;0,39%
05.09.2019;1.781,50;70,35K;0,51%
04.09.2019;1.772,50;63,49K;1,26%
03.09.2019;1.750,50;49,82K;0,21%
02.09.2019;1.746,75;16,80K;-0,24%
30.08.2019;1.751,00;34,00K;-0,01%
29.08.2019;1.751,25;17,25K;0,37%
28.08.2019;1.744,75;38,08K;-0,91%
27.08.2019;1.760,75;18,64K;-0,55%
23.08.2019;1.770,50;16,35K;0,23%
22.08.2019;1.766,50;40,67K;-0,76%
21.08.2019;1.780,00;57,97K;-0,11%
20.08.2019;1.782,00;61,94K;-0,15%
19.08.2019;1.784,75;45,15K;0,15%
16.08.2019;1.782,00;19,35K;0,55%
15.08.2019;1.772,25;15,62K;0,37%
14.08.2019;1.765,75;55,56K;-0,56%
13.08.2019;1.775,75;48,50K;0,85%
12.08.2019;1.760,75;39,94K;-0,10%
09.08.2019;1.762,50;39,18K;-0,41%
08.08.2019;1.769,75;35,97K;1,90%
07.08.2019;1.736,75;77,57K;-0,87%
06.08.2019;1.752,00;86,50K;-0,28%
05.08.2019;1.757,00;49,21K;-0,45%
02.08.2019;1.765,00;33,79K;-0,63%
01.08.2019;1.776,25;35,97K;-1,09%
31.07.2019;1.795,75;14,69K;-0,25%
30.07.2019;1.800,25;17,40K;-0,47%
29.07.2019;1.808,75;14,05K;0,43%
26.07.2019;1.801,00;32,00K;-1,27%
25.07.2019;1.824,25;12,80K;0,00%
24.07.2019;1.824,25;16,40K;0,52%
23.07.2019;1.814,75;19,24K;-0,03%
22.07.2019;1.815,25;23,71K;-1,81%
19.07.2019;1.848,75;16,94K;-0,34%
18.07.2019;1.855,00;17,75K;0,38%
17.07.2019;1.848,00;30,08K;-0,11%
16.07.2019;1.850,00;69,03K;0,56%
15.07.2019;1.839,75;58,12K;1,18%
12.07.2019;1.818,25;45,46K;-0,29%
11.07.2019;1.823,50;67,76K;-1,35%
10.07.2019;1.848,50;71,26K;1,57%
09.07.2019;1.820,00;88,07K;0,76%
08.07.2019;1.806,25;41,63K;0,32%
05.07.2019;1.800,50;49,56K;-0,22%
04.07.2019;1.804,50;12,02K;0,95%
03.07.2019;1.787,50;28,68K;0,44%
02.07.2019;1.779,75;42,96K;-0,73%
01.07.2019;1.792,75;31,27K;-0,42%
28.06.2019;1.800,25;48,10K;0,56%
27.06.2019;1.790,25;37,00K;-1,69%
26.06.2019;1.821,00;29,80K;0,32%
25.06.2019;1.815,25;34,08K;1,18%
24.06.2019;1.794,00;32,41K;1,41%
21.06.2019;1.769,00;38,13K;-0,80%
20.06.2019;1.783,25;40,60K;-0,17%
19.06.2019;1.786,25;42,13K;0,29%
18.06.2019;1.781,00;76,21K;1,82%
17.06.2019;1.749,25;34,02K;-0,41%
14.06.2019;1.756,50;26,23K;-1,26%
13.06.2019;1.779,00;43,08K;-0,21%
12.06.2019;1.782,75;38,14K;0,62%
11.06.2019;1.771,75;44,82K;0,18%
10.06.2019;1.768,50;40,32K;0,58%
07.06.2019;1.758,25;32,56K;-0,71%
06.06.2019;1.770,75;28,85K;0,23%
05.06.2019;1.766,75;25,08K;-0,88%
04.06.2019;1.782,50;44,35K;0,48%
03.06.2019;1.774,00;42,10K;-1,07%
31.05.2019;1.793,25;40,30K;0,70%
30.05.2019;1.780,75;27,61K;-0,72%
29.05.2019;1.793,75;16,41K;-0,69%
28.05.2019;1.806,25;14,00K;0,33%
24.05.2019;1.800,25;11,50K;0,15%
23.05.2019;1.797,50;17,96K;1,03%
22.05.2019;1.779,25;25,13K;-0,93%
21.05.2019;1.796,00;66,22K;-0,07%
20.05.2019;1.797,25;13,49K;-2,19%
17.05.2019;1.837,50;17,09K;-1,24%
16.05.2019;1.860,50;18,48K;0,24%
15.05.2019;1.856,00;16,73K;0,58%
14.05.2019;1.845,25;19,42K;2,51%
13.05.2019;1.800,00;68,32K;-0,01%
10.05.2019;1.800,25;36,68K;0,52%
09.05.2019;1.791,00;39,91K;0,10%
08.05.2019;1.789,25;53,23K;-1,08%
07.05.2019;1.808,75;67,24K;1,08%
03.05.2019;1.789,50;51,46K;-1,16%
02.05.2019;1.810,50;33,89K;-0,01%
01.05.2019;1.810,75;34,23K;0,99%
30.04.2019;1.793,00;55,91K;-1,75%
29.04.2019;1.825,00;31,12K;-0,57%
26.04.2019;1.835,50;26,90K;-1,09%
25.04.2019;1.855,75;18,90K;-0,80%
24.04.2019;1.870,75;27,14K;0,34%
23.04.2019;1.864,50;36,17K;-0,16%
18.04.2019;1.867,50;32,76K;0,95%
17.04.2019;1.850,00;90,32K;-0,31%
16.04.2019;1.855,75;32,31K;-0,12%
15.04.2019;1.858,00;41,13K;0,08%
12.04.2019;1.856,50;41,04K;0,15%
11.04.2019;1.853,75;52,70K;-0,20%
10.04.2019;1.857,50;46,36K;-0,72%
09.04.2019;1.871,00;111,78K;0,38%
08.04.2019;1.864,00;124,98K;-1,09%
05.04.2019;1.884,50;61,57K;-0,29%
04.04.2019;1.890,00;36,29K;-0,07%
03.04.2019;1.891,25;43,98K;0,33%
02.04.2019;1.885,00;37,65K;-0,58%
01.04.2019;1.896,00;47,25K;-0,78%
29.03.2019;1.911,00;47,94K;0,49%
28.03.2019;1.901,75;33,94K;-0,41%
27.03.2019;1.909,50;28,91K;1,22%
26.03.2019;1.886,50;41,37K;0,29%
25.03.2019;1.881,00;48,45K;-1,17%
22.03.2019;1.903,25;44,37K;0,17%
21.03.2019;1.900,00;41,87K;-1,96%
20.03.2019;1.938,00;32,40K;-0,41%
19.03.2019;1.946,00;94,04K;1,74%
18.03.2019;1.912,75;45,61K;1,23%
15.03.2019;1.889,50;26,17K;-0,30%
14.03.2019;1.895,25;28,29K;-0,12%
13.03.2019;1.897,50;35,28K;1,70%
12.03.2019;1.865,75;69,62K;1,45%
11.03.2019;1.839,00;44,25K;-1,47%
08.03.2019;1.866,50;30,40K;0,43%
07.03.2019;1.858,50;32,76K;-0,11%
06.03.2019;1.860,50;29,90K;-0,44%
05.03.2019;1.868,75;37,38K;-0,09%
04.03.2019;1.870,50;43,08K;-2,34%
01.03.2019;1.915,25;45,07K;0,35%
28.02.2019;1.908,50;25,12K;-0,57%
27.02.2019;1.919,50;16,97K;0,58%
26.02.2019;1.908,50;30,36K;0,21%
25.02.2019;1.904,50;24,69K;-0,39%
22.02.2019;1.912,00;32,23K;0,39%
21.02.2019;1.904,50;28,70K;1,95%
20.02.2019;1.868,00;22,32K;0,63%
19.02.2019;1.856,25;26,16K;0,56%
18.02.2019;1.846,00;30,66K;-0,11%
15.02.2019;1.848,00;67,33K;0,48%
14.02.2019;1.839,25;40,52K;-0,55%
13.02.2019;1.849,50;43,09K;-0,08%
12.02.2019;1.851,00;44,51K;-1,13%
11.02.2019;1.872,25;39,44K;-0,11%
08.02.2019;1.874,25;30,75K;-0,70%
07.02.2019;1.887,50;38,84K;-0,71%
06.02.2019;1.901,00;27,72K;-0,85%
05.02.2019;1.917,25;52,01K;0,12%
04.02.2019;1.915,00;31,40K;1,97%
01.02.2019;1.878,00;27,57K;-1,47%
31.01.2019;1.906,00;25,19K;0,04%
30.01.2019;1.905,25;19,56K;0,91%
29.01.2019;1.888,00;18,06K;1,31%
28.01.2019;1.863,50;23,86K;-2,84%
25.01.2019;1.918,00;18,40K;1,55%
24.01.2019;1.888,75;25,16K;-1,03%
23.01.2019;1.908,50;40,74K;1,38%
22.01.2019;1.882,50;17,20K;1,67%
21.01.2019;1.851,50;17,81K;-1,07%
18.01.2019;1.871,50;42,62K;0,73%
17.01.2019;1.858,00;75,55K;-0,01%
16.01.2019;1.858,25;46,52K;0,76%
15.01.2019;1.844,25;32,94K;0,88%
14.01.2019;1.828,25;121,03K;-0,58%
11.01.2019;1.839,00;78,38K;-1,45%
10.01.2019;1.866,00;102,80K;0,40%
09.01.2019;1.858,50;67,26K;-0,64%
08.01.2019;1.870,50;57,40K;-0,83%
07.01.2019;1.886,25;43,79K;0,61%
04.01.2019;1.874,75;58,06K;1,75%
03.01.2019;1.842,50;44,78K;2,42%
02.01.2019;1.799,00;45,74K;-2,65%
31.12.2018;1.848,00;25,44K;0,08%
28.12.2018;1.846,50;27,76K;-0,38%
27.12.2018;1.853,50;37,21K;-2,22%
24.12.2018;1.895,50;14,55K;-0,82%
21.12.2018;1.911,25;37,30K;-0,04%
20.12.2018;1.912,00;82,08K;-0,74%
19.12.2018;1.926,25;45,29K;0,13%
18.12.2018;1.923,75;49,69K;-0,44%
17.12.2018;1.932,25;32,71K;0,85%
14.12.2018;1.916,00;12,82K;-0,35%
13.12.2018;1.922,75;29,09K;-0,43%
12.12.2018;1.931,00;25,48K;-0,01%
11.12.2018;1.931,25;53,73K;0,04%
10.12.2018;1.930,50;37,52K;-1,00%
07.12.2018;1.950,00;39,01K;0,85%
06.12.2018;1.933,50;16,47K;-1,72%
05.12.2018;1.967,25;16,31K;-0,24%
04.12.2018;1.972,00;27,41K;-0,01%
03.12.2018;1.972,25;26,32K;0,77%
30.11.2018;1.957,25;22,40K;0,95%
29.11.2018;1.938,75;20,31K;0,44%
28.11.2018;1.930,25;18,84K;0,09%
27.11.2018;1.928,50;16,41K;-1,10%
26.11.2018;1.950,00;11,43K;0,04%
23.11.2018;1.949,25;18,31K;0,09%
22.11.2018;1.947,50;10,90K;-0,36%
21.11.2018;1.954,50;28,69K;0,75%
20.11.2018;1.940,00;54,82K;0,99%
19.11.2018;1.921,00;47,33K;-0,36%
16.11.2018;1.928,00;37,70K;0,55%
15.11.2018;1.917,50;53,70K;-0,81%
14.11.2018;1.933,25;31,05K;0,35%
13.11.2018;1.926,50;50,87K;-0,39%
12.11.2018;1.934,00;38,83K;-0,74%
09.11.2018;1.948,50;36,16K;-1,84%
08.11.2018;1.985,00;48,40K;0,24%
07.11.2018;1.980,25;40,16K;1,80%
06.11.2018;1.945,25;28,94K;-1,21%
05.11.2018;1.969,00;32,26K;-0,03%
02.11.2018;1.969,50;34,34K;0,41%
01.11.2018;1.961,50;36,63K;0,67%
31.10.2018;1.948,50;36,61K;-0,66%
30.10.2018;1.961,50;32,35K;-0,90%
29.10.2018;1.979,25;16,66K;-0,78%
26.10.2018;1.994,75;21,16K;0,24%
25.10.2018;1.990,00;22,27K;-0,23%
24.10.2018;1.994,50;19,61K;-0,24%
23.10.2018;1.999,25;34,30K;-0,36%
22.10.2018;2.006,50;16,56K;0,15%
19.10.2018;2.003,50;43,52K;-0,50%
18.10.2018;2.013,50;20,43K;-0,44%
17.10.2018;2.022,50;36,95K;-0,57%
16.10.2018;2.034,00;76,78K;-0,34%
15.10.2018;2.041,00;36,80K;-0,66%
12.10.2018;2.054,50;27,18K;1,01%
11.10.2018;2.034,00;56,26K;-1,36%
10.10.2018;2.062,00;48,34K;-0,41%
09.10.2018;2.070,50;83,96K;-0,58%
08.10.2018;2.082,50;56,88K;-2,94%
05.10.2018;2.145,50;85,56K;-1,90%
04.10.2018;2.187,00;49,17K;-1,60%
03.10.2018;2.222,50;67,71K;4,29%
02.10.2018;2.131,00;50,53K;1,50%
01.10.2018;2.099,50;31,47K;1,16%
28.09.2018;2.075,50;44,56K;1,67%
27.09.2018;2.041,50;26,61K;-1,73%
26.09.2018;2.077,50;37,19K;-0,16%
25.09.2018;2.080,75;39,17K;0,52%
24.09.2018;2.070,00;43,84K;-1,45%
21.09.2018;2.100,50;35,86K;2,56%
20.09.2018;2.048,00;77,73K;1,09%
19.09.2018;2.026,00;93,89K;-0,43%
18.09.2018;2.034,75;47,94K;0,47%
17.09.2018;2.025,25;22,17K;-0,56%
14.09.2018;2.036,75;34,01K;-1,04%
13.09.2018;2.058,25;34,50K;0,02%
12.09.2018;2.057,75;45,51K;0,94%
11.09.2018;2.038,50;21,60K;-2,46%
10.09.2018;2.090,00;33,85K;1,19%
07.09.2018;2.065,50;24,26K;1,47%
06.09.2018;2.035,50;27,46K;-1,46%
05.09.2018;2.065,75;25,85K;0,27%
04.09.2018;2.060,25;20,77K;-1,68%
03.09.2018;2.095,50;16,24K;-1,39%
31.08.2018;2.125,00;29,83K;-0,35%
30.08.2018;2.132,50;17,72K;-1,84%
29.08.2018;2.172,50;25,30K;1,80%
28.08.2018;2.134,00;14,79K;1,80%
24.08.2018;2.096,25;13,07K;0,98%
23.08.2018;2.076,00;8,42K;0,51%
22.08.2018;2.065,50;26,62K;0,54%
21.08.2018;2.054,50;51,90K;-0,01%
20.08.2018;2.054,75;8,83K;1,26%
17.08.2018;2.029,25;14,90K;-0,92%
16.08.2018;2.048,00;16,36K;1,11%
15.08.2018;2.025,50;17,31K;-2,20%
14.08.2018;2.071,00;26,84K;-0,60%
13.08.2018;2.083,50;50,97K;-1,02%
10.08.2018;2.105,00;35,36K;1,25%
09.08.2018;2.079,00;40,37K;-1,24%
08.08.2018;2.105,00;38,38K;3,47%
07.08.2018;2.034,50;26,06K;-0,22%
06.08.2018;2.039,00;21,05K;0,72%
03.08.2018;2.024,50;14,01K;-0,41%
02.08.2018;2.032,75;29,40K;-0,84%
01.08.2018;2.050,00;23,49K;-1,42%
31.07.2018;2.079,50;19,73K;-0,63%
30.07.2018;2.092,75;18,15K;1,07%
27.07.2018;2.070,50;12,95K;0,17%
26.07.2018;2.067,00;14,60K;0,23%
25.07.2018;2.062,25;19,44K;-1,09%
24.07.2018;2.085,00;28,32K;0,75%
23.07.2018;2.069,50;29,27K;1,96%
20.07.2018;2.029,75;20,40K;1,42%
19.07.2018;2.001,25;27,56K;-1,28%
18.07.2018;2.027,25;26,60K;-0,23%
17.07.2018;2.032,00;74,67K;-0,79%
16.07.2018;2.048,25;47,35K;1,19%
13.07.2018;2.024,25;46,29K;-0,54%
12.07.2018;2.035,25;48,90K;-0,91%
11.07.2018;2.054,00;57,32K;-1,46%
10.07.2018;2.084,50;56,23K;-1,49%
09.07.2018;2.116,00;47,38K;1,91%
06.07.2018;2.076,25;31,26K;-0,01%
05.07.2018;2.076,50;28,51K;-0,43%
04.07.2018;2.085,50;13,40K;0,41%
03.07.2018;2.077,00;41,84K;-0,91%
02.07.2018;2.096,00;47,05K;-1,68%
29.06.2018;2.131,75;27,21K;-1,03%
28.06.2018;2.154,00;19,44K;-0,99%
27.06.2018;2.175,50;25,47K;0,85%
26.06.2018;2.157,25;19,45K;0,08%
25.06.2018;2.155,50;20,79K;-0,94%
22.06.2018;2.176,00;29,86K;-0,18%
21.06.2018;2.180,00;57,99K;0,61%
20.06.2018;2.166,75;33,79K;-0,20%
19.06.2018;2.171,00;68,75K;-2,04%
18.06.2018;2.216,25;25,19K;0,67%
15.06.2018;2.201,50;19,56K;-2,34%
14.06.2018;2.254,25;27,67K;-0,86%
13.06.2018;2.273,75;40,40K;-1,18%
12.06.2018;2.301,00;22,80K;0,07%
11.06.2018;2.299,50;39,52K;0,09%
08.06.2018;2.297,50;28,91K;-0,53%
07.06.2018;2.309,75;24,67K;-1,42%
06.06.2018;2.343,00;17,74K;1,45%
05.06.2018;2.309,50;21,52K;-0,15%
04.06.2018;2.313,00;21,14K;0,46%
01.06.2018;2.302,50;12,69K;0,57%
31.05.2018;2.289,50;21,21K;0,97%
30.05.2018;2.267,50;15,14K;-0,23%
29.05.2018;2.272,75;16,05K;0,50%
25.05.2018;2.261,50;12,28K;-0,83%
24.05.2018;2.280,50;21,86K;0,51%
23.05.2018;2.269,00;31,83K;0,01%
22.05.2018;2.268,75;13,70K;-0,47%
21.05.2018;2.279,50;29,95K;0,40%
18.05.2018;2.270,50;31,65K;-1,02%
17.05.2018;2.294,00;19,38K;-0,99%
16.05.2018;2.317,00;42,11K;-0,43%
15.05.2018;2.327,00;57,12K;-0,36%
14.05.2018;2.335,50;26,10K;1,61%
11.05.2018;2.298,50;50,15K;-2,07%
10.05.2018;2.347,00;47,60K;-1,63%
09.05.2018;2.386,00;69,66K;-0,23%
08.05.2018;2.391,50;52,19K;0,48%
04.05.2018;2.380,00;38,67K;4,25%
03.05.2018;2.283,00;35,36K;-2,16%
02.05.2018;2.333,50;44,31K;2,84%
01.05.2018;2.269,00;26,77K;0,33%
30.04.2018;2.261,50;26,88K;1,50%
27.04.2018;2.228,00;31,02K;-2,30%
26.04.2018;2.280,50;30,87K;1,42%
25.04.2018;2.248,50;33,52K;0,83%
24.04.2018;2.230,00;54,34K;-2,96%
23.04.2018;2.298,00;35,65K;-7,17%
20.04.2018;2.475,50;39,82K;-0,60%
19.04.2018;2.490,50;65,16K;-1,83%
18.04.2018;2.537,00;152,04K;5,50%
17.04.2018;2.404,75;39,39K;-0,13%
16.04.2018;2.408,00;54,65K;5,11%
13.04.2018;2.291,00;96,32K;-2,14%
12.04.2018;2.341,00;87,73K;3,81%
11.04.2018;2.255,00;88,65K;2,26%
10.04.2018;2.205,25;95,63K;2,90%
09.04.2018;2.143,00;121,89K;5,05%
06.04.2018;2.040,00;52,22K;1,73%
05.04.2018;2.005,25;41,51K;0,88%
04.04.2018;1.987,75;48,83K;0,58%
03.04.2018;1.976,25;49,00K;-1,35%
29.03.2018;2.003,25;58,89K;-1,10%
28.03.2018;2.025,50;36,01K;-0,88%
27.03.2018;2.043,50;34,61K;-0,38%
26.03.2018;2.051,25;29,10K;0,02%
23.03.2018;2.050,75;25,07K;-1,17%
22.03.2018;2.075,00;27,56K;-0,31%
21.03.2018;2.081,50;39,41K;0,26%
20.03.2018;2.076,00;85,93K;-0,31%
19.03.2018;2.082,50;28,96K;0,14%
16.03.2018;2.079,50;8,21K;0,04%
15.03.2018;2.078,75;27,69K;-0,24%
14.03.2018;2.083,75;23,10K;-0,67%
13.03.2018;2.097,75;23,98K;0,60%
12.03.2018;2.085,25;31,28K;-1,42%
09.03.2018;2.115,25;30,59K;0,67%
08.03.2018;2.101,25;36,48K;0,43%
07.03.2018;2.092,25;44,74K;-2,39%
06.03.2018;2.143,50;16,32K;-0,01%
05.03.2018;2.143,75;21,07K;-0,20%
02.03.2018;2.148,00;22,08K;0,07%
01.03.2018;2.146,50;20,21K;0,70%
28.02.2018;2.131,50;33,47K;-0,70%
27.02.2018;2.146,50;15,65K;0,41%
26.02.2018;2.137,75;9,30K;-0,11%
23.02.2018;2.140,00;15,50K;-2,08%
22.02.2018;2.185,50;9,36K;-0,75%
21.02.2018;2.202,00;15,65K;0,73%
20.02.2018;2.186,00;16,97K;-1,29%
19.02.2018;2.214,50;24,24K;0,34%
16.02.2018;2.207,00;34,06K;2,09%
15.02.2018;2.161,75;20,37K;-0,60%
14.02.2018;2.174,75;33,81K;1,81%
13.02.2018;2.136,00;30,58K;0,56%
12.02.2018;2.124,00;33,26K;0,09%
09.02.2018;2.122,00;33,79K;-2,17%
08.02.2018;2.169,00;32,19K;0,60%
07.02.2018;2.156,00;27,17K;-0,51%
06.02.2018;2.167,00;26,60K;-1,90%
05.02.2018;2.209,00;22,19K;0,02%
02.02.2018;2.208,50;19,79K;-0,69%
01.02.2018;2.223,75;13,48K;0,24%
31.01.2018;2.218,50;35,62K;0,57%
30.01.2018;2.206,00;16,92K;-0,80%
29.01.2018;2.223,75;12,63K;-1,47%
26.01.2018;2.257,00;12,58K;0,71%
25.01.2018;2.241,00;10,38K;-0,41%
24.01.2018;2.250,25;14,01K;0,92%
23.01.2018;2.229,75;11,22K;-0,86%
22.01.2018;2.249,00;8,75K;1,28%
19.01.2018;2.220,50;17,46K;-0,91%
18.01.2018;2.241,00;75,76K;2,26%
17.01.2018;2.191,50;11,61K;0,14%
16.01.2018;2.188,50;13,54K;-1,59%
15.01.2018;2.223,75;30,33K;0,59%
12.01.2018;2.210,75;59,95K;1,77%
11.01.2018;2.172,25;53,77K;-0,31%
10.01.2018;2.179,00;68,32K;1,37%
09.01.2018;2.149,50;47,91K;-1,08%
08.01.2018;2.173,00;50,21K;-1,31%
05.01.2018;2.201,75;31,43K;-2,14%
04.01.2018;2.250,00;35,90K;0,96%
03.01.2018;2.228,50;41,07K;-1,70%
02.01.2018;2.267,00;50,52K;-0,20%