date;bloomberg_metals_price;bloomberg_metals_change
27.10.2023;138,09;1,45%
26.10.2023;136,11;-0,81%
25.10.2023;137,23;0,26%
24.10.2023;136,87;0,81%
23.10.2023;135,77;-0,29%
20.10.2023;136,16;-0,19%
19.10.2023;136,42;-0,09%
18.10.2023;136,55;0,40%
17.10.2023;136;-0,24%
16.10.2023;136,32;0,00%
13.10.2023;136,32;-0,40%
12.10.2023;136,87;-0,45%
11.10.2023;137,49;-0,42%
10.10.2023;138,06;-1,06%
09.10.2023;139,54;0,44%
06.10.2023;138,94;1,13%
05.10.2023;137,38;-0,79%
04.10.2023;138,47;-0,97%
03.10.2023;139,83;-1,43%
02.10.2023;141,85;-1,74%
29.09.2023;144,37;1,25%
28.09.2023;142,59;2,28%
27.09.2023;139,42;-0,44%
26.09.2023;140,03;-0,35%
25.09.2023;140,53;-0,89%
22.09.2023;141,79;1,02%
21.09.2023;140,37;-1,96%
20.09.2023;143,17;0,90%
19.09.2023;141,89;-0,70%
18.09.2023;142,89;0,23%
15.09.2023;142,57;-1,21%
14.09.2023;144,31;0,90%
13.09.2023;143,02;0,68%
12.09.2023;142,05;-0,96%
11.09.2023;143,43;1,92%
08.09.2023;140,73;-1,13%
07.09.2023;142,34;-0,15%
06.09.2023;142,56;-0,97%
05.09.2023;143,96;-0,77%
01.09.2023;145,08;1,64%
31.08.2023;142,74;-0,29%
30.08.2023;143,14;0,36%
29.08.2023;142,63;1,02%
28.08.2023;141,19;0,08%
25.08.2023;141,08;-0,33%
24.08.2023;141,55;-0,62%
23.08.2023;142,43;1,16%
22.08.2023;140,79;1,09%
21.08.2023;139,28;0,35%
18.08.2023;138,8;-0,07%
17.08.2023;138,9;0,87%
16.08.2023;137,7;-0,28%
15.08.2023;138,1;-0,92%
14.08.2023;139,39;-0,87%
11.08.2023;140,62;-1,36%
10.08.2023;142,56;-0,24%
09.08.2023;142,9;0,03%
08.08.2023;142,86;-1,49%
07.08.2023;145,02;-0,57%
04.08.2023;145,85;-0,41%
03.08.2023;146,45;0,83%
02.08.2023;145,24;-2,28%
01.08.2023;148,64;-1,20%
31.07.2023;150,45;1,87%
28.07.2023;147,69;1,43%
27.07.2023;145,6;-0,39%
26.07.2023;146,18;-1,23%
25.07.2023;148;2,11%
24.07.2023;144,94;1,24%
21.07.2023;143,16;-0,42%
20.07.2023;143,77;0,83%
19.07.2023;142,59;-0,69%
18.07.2023;143,59;-0,86%
17.07.2023;144,84;-1,73%
14.07.2023;147,39;-0,14%
13.07.2023;147,6;1,51%
12.07.2023;145,4;2,97%
11.07.2023;141,21;-0,12%
10.07.2023;141,38;0,09%
07.07.2023;141,25;0,35%
06.07.2023;140,76;-0,52%
05.07.2023;141,5;-0,12%
03.07.2023;141,67;0,22%
30.06.2023;141,35;0,85%
29.06.2023;140,16;-0,31%
28.06.2023;140,59;-1,56%
27.06.2023;142,82;1,27%
26.06.2023;141,04;-1,56%
23.06.2023;143,27;-1,75%
22.06.2023;145,82;-0,15%
21.06.2023;146,04;0,00%
20.06.2023;146,04;-1,99%
16.06.2023;149;0,26%
15.06.2023;148,61;0,39%
14.06.2023;148,03;1,93%
13.06.2023;145,23;1,86%
12.06.2023;142,58;-1,47%
09.06.2023;144,71;0,18%
08.06.2023;144,45;0,64%
07.06.2023;143,54;0,92%
06.06.2023;142,23;-0,15%
05.06.2023;142,45;-0,34%
02.06.2023;142,94;0,06%
01.06.2023;142,86;1,78%
31.05.2023;140,35;-0,74%
30.05.2023;141,4;-0,75%
26.05.2023;142,48;1,42%
25.05.2023;140,48;0,79%
24.05.2023;139,38;-1,82%
23.05.2023;141,97;-1,50%
22.05.2023;144,13;-0,98%
19.05.2023;145,56;0,91%
18.05.2023;144,26;-1,45%
17.05.2023;146,38;1,71%
16.05.2023;143,92;-1,46%
15.05.2023;146,05;0,02%
12.05.2023;146,02;0,65%
11.05.2023;145,07;-2,96%
10.05.2023;149,5;-2,14%
09.05.2023;152,76;-0,92%
08.05.2023;154,19;0,41%
05.05.2023;153,56;1,35%
04.05.2023;151,52;-0,87%
03.05.2023;152,86;-0,85%
02.05.2023;154,16;-0,21%
01.05.2023;154,49;0,38%
28.04.2023;153,9;0,90%
27.04.2023;152,53;0,22%
26.04.2023;152,19;0,35%
25.04.2023;151,67;-2,72%
24.04.2023;155,91;-0,69%
21.04.2023;156,98;-1,32%
20.04.2023;159,09;-1,08%
19.04.2023;160,82;-0,53%
18.04.2023;161,69;1,80%
17.04.2023;158,83;-0,34%
14.04.2023;159,37;0,54%
13.04.2023;158,52;1,28%
12.04.2023;156,52;1,17%
11.04.2023;154,7;0,23%
10.04.2023;154,34;-0,34%
06.04.2023;154,87;0,21%
05.04.2023;154,54;-0,84%
04.04.2023;155,85;-1,54%
03.04.2023;158,29;-1,06%
31.03.2023;159,99;0,59%
30.03.2023;159,04;-0,49%
29.03.2023;159,83;-0,09%
28.03.2023;159,98;0,65%
27.03.2023;158,94;0,70%
24.03.2023;157,83;0,23%
23.03.2023;157,46;1,47%
22.03.2023;155,18;0,73%
21.03.2023;154,06;-0,11%
20.03.2023;154,22;0,13%
17.03.2023;154,02;0,74%
16.03.2023;152,89;0,17%
15.03.2023;152,63;-2,61%
14.03.2023;156,73;-0,48%
13.03.2023;157,49;0,77%
10.03.2023;156,28;-0,88%
09.03.2023;157,67;-0,67%
08.03.2023;158,74;0,53%
07.03.2023;157,91;-2,07%
06.03.2023;161,24;-0,47%
03.03.2023;162;0,26%
02.03.2023;161,59;-1,79%
01.03.2023;164,54;2,09%
28.02.2023;161,17;0,35%
27.02.2023;160,61;1,67%
24.02.2023;157,97;-2,44%
23.02.2023;161,92;-2,20%
22.02.2023;165,56;-1,70%
21.02.2023;168,42;3,24%
17.02.2023;163,14;-0,21%
16.02.2023;163,48;1,01%
15.02.2023;161,85;-1,52%
14.02.2023;164,34;-0,11%
13.02.2023;164,53;-0,31%
10.02.2023;165,05;-2,65%
09.02.2023;169,55;1,70%
08.02.2023;166,71;-0,71%
07.02.2023;167,91;0,27%
06.02.2023;167,46;-2,01%
03.02.2023;170,9;-2,33%
02.02.2023;174,98;0,16%
01.02.2023;174,7;-1,87%
31.01.2023;178,03;1,04%
30.01.2023;176,2;-0,23%
27.01.2023;176,61;-1,23%
26.01.2023;178,81;0,40%
25.01.2023;178,09;0,46%
24.01.2023;177,28;0,69%
23.01.2023;176,07;-0,18%
20.01.2023;176,38;-0,28%
19.01.2023;176,88;0,49%
18.01.2023;176,01;1,47%
17.01.2023;173,46;0,00%
13.01.2023;173,45;1,11%
12.01.2023;171,55;0,82%
11.01.2023;170,16;1,15%
10.01.2023;168,24;0,38%
09.01.2023;167,59;2,89%
06.01.2023;162,89;1,59%
05.01.2023;160,34;-1,20%
04.01.2023;162,29;-1,92%
03.01.2023;165,46;0,07%
30.12.2022;165,34;-0,64%
29.12.2022;166,4;-0,18%
28.12.2022;166,7;0,94%
27.12.2022;165,15;0,27%
23.12.2022;164,71;0,65%
22.12.2022;163,65;-0,98%
21.12.2022;165,27;0,97%
20.12.2022;163,67;1,72%
19.12.2022;160,91;-0,97%
16.12.2022;162,48;-0,98%
15.12.2022;164,09;-2,04%
14.12.2022;167,51;-0,27%
13.12.2022;167,96;-0,03%
12.12.2022;168,01;-1,08%
09.12.2022;169,84;-0,50%
08.12.2022;170,69;-0,84%
07.12.2022;172,13;2,18%
06.12.2022;168,46;0,77%
05.12.2022;167,17;-0,59%
02.12.2022;168,17;2,00%
01.12.2022;164,87;1,59%
30.11.2022;162,3;2,65%
29.11.2022;158,1;1,58%
28.11.2022;155,64;0,15%
25.11.2022;155,41;-0,99%
23.11.2022;156,96;-0,12%
22.11.2022;157,15;1,95%
21.11.2022;154,14;-2,33%
18.11.2022;157,81;0,51%
17.11.2022;157;-3,60%
16.11.2022;162,86;-3,36%
15.11.2022;168,52;0,89%
14.11.2022;167,03;1,63%
11.11.2022;164,35;4,57%
10.11.2022;157,16;2,01%
09.11.2022;154,06;-0,26%
08.11.2022;154,46;2,00%
07.11.2022;151,43;-1,28%
04.11.2022;153,4;5,60%
03.11.2022;145,27;-1,82%
02.11.2022;147,96;0,63%
01.11.2022;147,03;3,40%
31.10.2022;142,2;-1,58%
28.10.2022;144,48;-2,75%
27.10.2022;148,57;-1,09%
26.10.2022;150,21;3,43%
25.10.2022;145,22;-0,16%
24.10.2022;145,45;-0,26%
21.10.2022;145,84;0,10%
20.10.2022;145,7;2,06%
19.10.2022;142,75;-0,34%
18.10.2022;143,24;-0,59%
17.10.2022;144,08;-1,67%
14.10.2022;146,53;-1,14%
13.10.2022;148,22;0,87%
12.10.2022;146,94;0,54%
11.10.2022;146,16;-0,55%
10.10.2022;146,96;-0,30%
07.10.2022;147,4;-2,24%
06.10.2022;150,79;0,06%
05.10.2022;150,69;0,70%
04.10.2022;149,65;3,63%
03.10.2022;144,41;0,67%
30.09.2022;143,44;-1,37%
29.09.2022;145,43;2,59%
28.09.2022;141,77;0,75%
27.09.2022;140,72;-1,18%
26.09.2022;142,4;-2,58%
23.09.2022;146,17;-3,68%
22.09.2022;151,75;0,02%
21.09.2022;151,72;-1,00%
20.09.2022;153,26;0,11%
19.09.2022;153,09;-0,10%
16.09.2022;153,24;0,82%
15.09.2022;152;-1,19%
14.09.2022;153,84;-0,83%
13.09.2022;155,12;-0,24%
12.09.2022;155,49;2,06%
09.09.2022;152,36;2,11%
08.09.2022;149,21;1,47%
07.09.2022;147,06;-0,88%
06.09.2022;148,35;1,35%
02.09.2022;146,38;-0,56%
01.09.2022;147,2;-4,06%
31.08.2022;153,43;-0,72%
30.08.2022;154,55;-2,35%
29.08.2022;158,28;-0,75%
26.08.2022;159,48;0,67%
25.08.2022;158,41;1,01%
24.08.2022;156,83;-0,51%
23.08.2022;157,63;0,05%
22.08.2022;157,55;0,05%
19.08.2022;157,48;0,69%
18.08.2022;156,4;-0,01%
17.08.2022;156,42;-1,45%
16.08.2022;158,72;0,95%
15.08.2022;157,22;-2,01%
12.08.2022;160,44;-2,33%
11.08.2022;164,27;2,37%
10.08.2022;160,47;1,83%
09.08.2022;157,58;0,98%
08.08.2022;156,05;-0,16%
05.08.2022;156,3;1,04%
04.08.2022;154,7;1,46%
03.08.2022;152,47;-1,19%
02.08.2022;154,3;-1,57%
01.08.2022;156,76;-0,78%
29.07.2022;157,99;3,93%
28.07.2022;152,02;1,66%
27.07.2022;149,54;0,75%
26.07.2022;148,42;0,15%
25.07.2022;148,2;-0,64%
22.07.2022;149,14;2,19%
21.07.2022;145,95;-0,54%
20.07.2022;146,75;1,91%
19.07.2022;143,99;-1,35%
18.07.2022;145,96;4,03%
15.07.2022;140,3;0,53%
14.07.2022;139,56;-3,59%
13.07.2022;144,75;-0,35%
12.07.2022;145,27;-2,17%
11.07.2022;148,49;-1,51%
08.07.2022;150,77;-0,54%
07.07.2022;151,58;2,33%
06.07.2022;148,14;-0,65%
05.07.2022;149,11;-1,72%
01.07.2022;151,71;-2,58%
30.06.2022;155,73;-3,11%
29.06.2022;160,72;0,55%
28.06.2022;159,85;0,44%
27.06.2022;159,14;0,83%
24.06.2022;157,83;-2,61%
23.06.2022;162,06;-2,33%
22.06.2022;165,94;-2,90%
21.06.2022;170,89;1,17%
17.06.2022;168,92;-0,81%
16.06.2022;170,31;-2,14%
15.06.2022;174,03;1,04%
14.06.2022;172,25;-1,62%
13.06.2022;175,08;-2,66%
10.06.2022;179,86;-2,32%
09.06.2022;184,13;-2,00%
08.06.2022;187,9;0,12%
07.06.2022;187,68;-0,61%
06.06.2022;188,83;1,48%
03.06.2022;186,07;-0,60%
02.06.2022;187,19;1,69%
01.06.2022;184,07;-0,80%
31.05.2022;185,55;-0,40%
27.05.2022;186,29;1,90%
26.05.2022;182,82;0,20%
25.05.2022;182,45;-0,65%
24.05.2022;183,65;-1,71%
23.05.2022;186,85;0,79%
20.05.2022;185,39;0,02%
19.05.2022;185,36;3,56%
18.05.2022;178,99;-1,16%
17.05.2022;181,08;1,35%
16.05.2022;178,68;0,34%
13.05.2022;178,07;0,32%
12.05.2022;177,5;-1,91%
11.05.2022;180,96;0,53%
10.05.2022;180;-0,22%
09.05.2022;180,4;-3,65%
06.05.2022;187,23;-1,53%
05.05.2022;190,13;-1,35%
04.05.2022;192,74;0,50%
03.05.2022;191,77;-2,44%
02.05.2022;196,57;-0,98%
29.04.2022;198,52;-1,05%
28.04.2022;200,62;-1,44%
27.04.2022;203,55;0,66%
26.04.2022;202,22;0,14%
25.04.2022;201,94;-3,67%
22.04.2022;209,63;-1,80%
21.04.2022;213,48;0,99%
20.04.2022;211,37;-0,90%
19.04.2022;213,3;0,09%
18.04.2022;213,11;0,53%
14.04.2022;211,99;0,37%
13.04.2022;211,22;0,54%
12.04.2022;210,09;1,06%
11.04.2022;207,89;-2,38%
08.04.2022;212,96;0,57%
07.04.2022;211,75;-0,97%
06.04.2022;213,83;-0,59%
05.04.2022;215,09;-0,11%
04.04.2022;215,34;0,70%
01.04.2022;213,84;0,85%
31.03.2022;212,03;-0,85%
30.03.2022;213,84;2,44%
29.03.2022;208,76;-2,25%
28.03.2022;213,57;-1,64%
25.03.2022;217,12;-1,45%
24.03.2022;220,32;2,54%
23.03.2022;214,87;5,98%
22.03.2022;202,75;-2,84%
21.03.2022;208,69;-2,44%
18.03.2022;213,9;-3,18%
17.03.2022;220,94;-0,76%
16.03.2022;222,64;-1,11%
15.03.2022;225,13;-0,39%
14.03.2022;226,02;-1,86%
11.03.2022;230,32;0,02%
10.03.2022;230,27;0,78%
09.03.2022;228,48;-2,73%
08.03.2022;234,89;-1,74%
07.03.2022;239,05;11,28%
04.03.2022;214,82;4,21%
03.03.2022;206,15;3,10%
02.03.2022;199,95;2,46%
01.03.2022;195,14;3,10%
28.02.2022;189,27;0,03%
25.02.2022;189,21;-0,54%
24.02.2022;190,24;1,36%
23.02.2022;187,69;-0,61%
22.02.2022;188,85;0,87%
18.02.2022;187,23;0,00%
17.02.2022;187,23;0,52%
16.02.2022;186,27;0,56%
15.02.2022;185,22;0,31%
14.02.2022;184,65;0,50%
11.02.2022;183,72;-2,82%
10.02.2022;189,05;0,86%
09.02.2022;187,44;2,47%
08.02.2022;182,93;-0,33%
07.02.2022;183,54;0,76%
04.02.2022;182,16;0,56%
03.02.2022;181,15;0,25%
02.02.2022;180,69;0,10%
01.02.2022;180,52;1,42%
31.01.2022;177,99;-0,52%
28.01.2022;178,91;-1,17%
27.01.2022;181,03;-0,76%
26.01.2022;182,41;1,05%
25.01.2022;180,52;0,68%
24.01.2022;179,3;-2,45%
21.01.2022;183,8;-0,91%
20.01.2022;185,5;2,34%
19.01.2022;181,26;1,92%
18.01.2022;177,85;0,30%
14.01.2022;177,31;-0,92%
13.01.2022;178,95;-0,35%
12.01.2022;179,59;1,44%
11.01.2022;177,04;2,23%
10.01.2022;173,17;-0,55%
07.01.2022;174,12;0,53%
06.01.2022;173,2;-0,86%
05.01.2022;174,71;-0,08%
04.01.2022;174,85;1,46%
03.01.2022;172,34;-0,32%
31.12.2021;172,89;0,56%
30.12.2021;171,92;0,20%
29.12.2021;171,58;-0,33%
28.12.2021;172,15;-0,29%
27.12.2021;172,65;0,60%
23.12.2021;171,62;0,29%
22.12.2021;171,13;2,05%
21.12.2021;167,69;2,05%
20.12.2021;164,33;-1,07%
17.12.2021;166,1;0,42%
16.12.2021;165,41;3,17%
15.12.2021;160,33;-1,46%
14.12.2021;162,72;-0,81%
13.12.2021;164,05;0,46%
10.12.2021;163,31;-0,58%
09.12.2021;164,26;-0,79%
08.12.2021;165,57;0,97%
07.12.2021;163,97;1,13%
06.12.2021;162,13;0,02%
03.12.2021;162,1;0,17%
02.12.2021;161,82;-0,66%
01.12.2021;162,9;0,25%
30.11.2021;162,5;-0,80%
29.11.2021;163,82;0,79%
26.11.2021;162,54;-3,83%
24.11.2021;169;1,28%
23.11.2021;166,87;-0,34%
22.11.2021;167,44;1,03%
19.11.2021;165,74;2,28%
18.11.2021;162,05;0,33%
17.11.2021;161,51;-0,40%
16.11.2021;162,15;-1,41%
15.11.2021;164,47;-1,39%
12.11.2021;166,79;0,96%
11.11.2021;165,2;1,46%
10.11.2021;162,82;0,24%
09.11.2021;162,43;-0,87%
08.11.2021;163,85;1,45%
05.11.2021;161,51;0,36%
04.11.2021;160,94;-1,60%
03.11.2021;163,55;-1,32%
02.11.2021;165,73;-0,70%
01.11.2021;166,89;0,30%
29.10.2021;166,39;-0,93%
28.10.2021;167,95;1,42%
27.10.2021;165,6;-3,32%
26.10.2021;171,28;-1,20%
25.10.2021;173,35;0,84%
22.10.2021;171,92;-0,94%
21.10.2021;173,55;-4,37%
20.10.2021;181,47;0,82%
19.10.2021;179,99;-1,68%
18.10.2021;183,08;-0,60%
15.10.2021;184,18;3,32%
14.10.2021;178,26;2,39%
13.10.2021;174,1;2,21%
12.10.2021;170,34;-0,18%
11.10.2021;170,64;2,20%
08.10.2021;166,96;1,89%
07.10.2021;163,86;1,66%
06.10.2021;161,19;-0,85%
05.10.2021;162,56;0,06%
04.10.2021;162,46;1,27%
01.10.2021;160,43;0,76%
30.09.2021;159,21;-2,22%
29.09.2021;162,82;-1,08%
28.09.2021;164,59;0,10%
27.09.2021;164,43;-1,08%
24.09.2021;166,23;0,29%
23.09.2021;165,75;0,51%
22.09.2021;164,91;2,70%
21.09.2021;160,57;-0,55%
20.09.2021;161,46;-2,03%
17.09.2021;164,8;-0,16%
16.09.2021;165,06;-1,55%
15.09.2021;167,65;1,85%
14.09.2021;164,61;-1,36%
13.09.2021;166,89;-1,69%
10.09.2021;169,75;2,69%
09.09.2021;165,31;1,41%
08.09.2021;163,01;0,30%
07.09.2021;162,52;-0,02%
03.09.2021;162,55;0,98%
02.09.2021;160,96;0,34%
01.09.2021;160,42;-1,41%
31.08.2021;162,72;1,26%
30.08.2021;160,69;0,35%
27.08.2021;160,13;1,14%
26.08.2021;158,32;-0,61%
25.08.2021;159,29;0,29%
24.08.2021;158,83;1,18%
23.08.2021;156,98;1,86%
20.08.2021;154,12;0,60%
19.08.2021;153,2;-1,39%
18.08.2021;155,36;-1,64%
17.08.2021;157,95;-1,33%
16.08.2021;160,08;-0,59%
13.08.2021;161,04;0,68%
12.08.2021;159,95;-0,17%
11.08.2021;160,22;0,86%
10.08.2021;158,85;1,41%
09.08.2021;156,65;-1,53%
06.08.2021;159,08;-0,64%
05.08.2021;160,11;0,90%
04.08.2021;158,67;-0,76%
03.08.2021;159,89;-1,33%
02.08.2021;162,04;-0,09%
30.07.2021;162,19;-0,44%
29.07.2021;162,9;1,42%
28.07.2021;160,62;0,20%
27.07.2021;160,3;-1,08%
26.07.2021;162,05;2,28%
23.07.2021;158,44;1,30%
22.07.2021;156,41;1,26%
21.07.2021;154,46;-0,37%
20.07.2021;155,02;1,11%
19.07.2021;153,32;-2,44%
16.07.2021;157,16;0,13%
15.07.2021;156,95;0,81%
14.07.2021;155,69;-0,69%
13.07.2021;156,77;0,48%
12.07.2021;156,02;-0,60%
09.07.2021;156,96;2,04%
08.07.2021;153,83;-1,31%
07.07.2021;155,87;0,64%
06.07.2021;154,87;-0,90%
02.07.2021;156,28;1,13%
01.07.2021;154,54;-0,95%
30.06.2021;156,03;-0,09%
29.06.2021;156,17;0,99%
28.06.2021;154,64;-0,26%
25.06.2021;155,04;0,46%
24.06.2021;154,32;0,30%
23.06.2021;153,85;1,56%
22.06.2021;151,49;0,98%
21.06.2021;150,01;0,76%
18.06.2021;148,87;-0,99%
17.06.2021;150,36;-3,66%
16.06.2021;156,07;0,35%
15.06.2021;155,53;-2,59%
14.06.2021;159,66;0,45%
11.06.2021;158,94;0,56%
10.06.2021;158,05;-0,21%
09.06.2021;158,38;0,04%
08.06.2021;158,31;0,74%
07.06.2021;157,15;-0,56%
04.06.2021;158,04;1,43%
03.06.2021;155,81;-2,41%
02.06.2021;159,67;-0,59%
01.06.2021;160,62;-0,33%
28.05.2021;161,16;0,31%
27.05.2021;160,66;3,17%
26.05.2021;155,71;0,66%
25.05.2021;154,7;-0,19%
24.05.2021;154,99;0,69%
21.05.2021;153,94;-1,26%
20.05.2021;155,9;-0,32%
19.05.2021;156,41;-3,18%
18.05.2021;161,55;0,18%
17.05.2021;161,25;1,67%
14.05.2021;158,6;0,13%
13.05.2021;158,4;-1,41%
12.05.2021;160,67;-1,04%
11.05.2021;162,36;0,49%
10.05.2021;161,57;-0,78%
07.05.2021;162,84;2,36%
06.05.2021;159,09;1,26%
05.05.2021;157,11;0,17%
04.05.2021;156,84;0,55%
03.05.2021;155,98;0,51%
30.04.2021;155,19;0,01%
29.04.2021;155,18;-0,04%
28.04.2021;155,24;0,50%
27.04.2021;154,47;0,58%
26.04.2021;153,59;2,03%
23.04.2021;150,53;1,06%
22.04.2021;148,95;-0,14%
21.04.2021;149,17;1,43%
20.04.2021;147,07;-0,76%
19.04.2021;148,19;0,53%
16.04.2021;147,41;-0,81%
15.04.2021;148,62;1,26%
14.04.2021;146,77;1,70%
13.04.2021;144,31;0,74%
12.04.2021;143,25;-1,18%
09.04.2021;144,96;-1,08%
08.04.2021;146,55;0,96%
07.04.2021;145,15;-0,69%
06.04.2021;146,16;1,17%
05.04.2021;144,47;1,34%
01.04.2021;142,56;-0,04%
31.03.2021;142,62;0,06%
30.03.2021;142,53;-1,36%
29.03.2021;144,49;-0,90%
26.03.2021;145,81;2,14%
25.03.2021;142,75;-1,18%
24.03.2021;144,46;0,14%
23.03.2021;144,26;-1,70%
22.03.2021;146,74;0,67%
19.03.2021;145,77;1,26%
18.03.2021;143,97;-0,54%
17.03.2021;144,75;0,81%
16.03.2021;143,59;-1,20%
15.03.2021;145,34;1,17%
12.03.2021;143,66;-0,42%
11.03.2021;144,26;1,70%
10.03.2021;141,85;0,08%
09.03.2021;141,74;-1,08%
08.03.2021;143,29;0,06%
05.03.2021;143,2;1,65%
04.03.2021;140,88;-3,50%
03.03.2021;146;-2,42%
02.03.2021;149,61;2,26%
01.03.2021;146,31;0,10%
26.02.2021;146,17;-3,68%
25.02.2021;151,75;0,11%
24.02.2021;151,59;1,76%
23.02.2021;148,97;-0,36%
22.02.2021;149,5;1,11%
19.02.2021;147,86;2,05%
18.02.2021;144,89;1,67%
17.02.2021;142,51;0,15%
16.02.2021;142,29;0,55%
12.02.2021;141,5;0,52%
11.02.2021;140,76;0,42%
10.02.2021;140,17;1,34%
09.02.2021;138,31;1,38%
08.02.2021;136,44;0,58%
05.02.2021;135,65;1,71%
04.02.2021;133,38;0,26%
03.02.2021;133,03;0,72%
02.02.2021;132,08;-0,35%
01.02.2021;132,55;-0,13%
29.01.2021;132,72;-0,54%
28.01.2021;133,43;0,04%
27.01.2021;133,38;-1,70%
26.01.2021;135,69;-0,55%
25.01.2021;136,44;0,17%
22.01.2021;136,21;-0,31%
21.01.2021;136,63;0,33%
20.01.2021;136,18;0,62%
19.01.2021;135,35;0,01%
15.01.2021;135,34;-1,50%
14.01.2021;137,39;0,84%
13.01.2021;136,25;0,01%
12.01.2021;136,24;1,22%
11.01.2021;134,6;-2,23%
08.01.2021;137,67;-1,32%
07.01.2021;139,51;0,99%
06.01.2021;138,15;0,50%
05.01.2021;137,46;1,51%
04.01.2021;135,42;2,04%
31.12.2020;132,7;-0,98%
30.12.2020;134,01;0,03%
29.12.2020;133,97;-1,25%
28.12.2020;135,67;0,10%
24.12.2020;135,54;0,62%
23.12.2020;134,7;1,11%
22.12.2020;133,22;-1,98%
21.12.2020;135,91;-1,50%
18.12.2020;137,98;0,49%
17.12.2020;137,31;0,96%
16.12.2020;136;0,20%
15.12.2020;135,73;-0,14%
14.12.2020;135,93;0,81%
11.12.2020;134,83;-1,60%
10.12.2020;137,03;1,77%
09.12.2020;134,64;1,38%
08.12.2020;132,8;-0,40%
07.12.2020;133,33;-0,29%
04.12.2020;133,72;1,00%
03.12.2020;132,4;-0,28%
02.12.2020;132,77;-0,50%
01.12.2020;133,44;0,86%
30.11.2020;132,3;0,36%
27.11.2020;131,82;2,11%
25.11.2020;129,1;-0,28%
24.11.2020;129,46;1,18%
23.11.2020;127,95;-1,33%
20.11.2020;129,68;1,70%
19.11.2020;127,52;0,14%
18.11.2020;127,34;0,62%
17.11.2020;126,55;0,18%
16.11.2020;126,32;1,17%
13.11.2020;124,86;0,43%
12.11.2020;124,33;0,26%
11.11.2020;124;-0,24%
10.11.2020;124,3;0,35%
09.11.2020;123,86;0,36%
06.11.2020;123,42;0,55%
05.11.2020;122,75;0,27%
04.11.2020;122,42;0,39%
03.11.2020;121,94;1,12%
02.11.2020;120,59;0,74%
30.10.2020;119,7;0,02%
29.10.2020;119,69;-0,37%
28.10.2020;120,13;-0,84%
27.10.2020;121,15;0,29%
26.10.2020;120,8;-0,93%
23.10.2020;121,94;-0,62%
22.10.2020;122,7;-0,54%
21.10.2020;123,37;0,94%
20.10.2020;122,21;1,23%
19.10.2020;120,73;0,47%
16.10.2020;120,16;0,33%
15.10.2020;119,77;0,62%
14.10.2020;119,03;0,33%
13.10.2020;118,64;-0,55%
12.10.2020;119,3;-0,10%
09.10.2020;119,41;2,21%
08.10.2020;116,82;0,55%
07.10.2020;116,19;1,28%
06.10.2020;114,72;0,06%
05.10.2020;114,66;0,18%
02.10.2020;114,46;2,07%
01.10.2020;112,14;-3,48%
30.09.2020;116,18;0,23%
29.09.2020;115,91;-0,04%
28.09.2020;115,96;1,41%
25.09.2020;114,35;0,18%
24.09.2020;114,14;-0,99%
23.09.2020;115,28;-1,89%
22.09.2020;117,5;0,47%
21.09.2020;116,95;-2,32%
18.09.2020;119,73;0,75%
17.09.2020;118,83;-0,31%
16.09.2020;119,2;0,32%
15.09.2020;118,82;-0,17%
14.09.2020;119,02;0,96%
11.09.2020;117,89;1,09%
10.09.2020;116,62;-0,80%
09.09.2020;117,56;0,33%
08.09.2020;117,18;-1,42%
04.09.2020;118,87;1,23%
03.09.2020;117,43;-1,50%
02.09.2020;119,21;-0,49%
01.09.2020;119,81;0,22%
31.08.2020;119,54;0,57%
28.08.2020;118,87;1,08%
27.08.2020;117,6;0,32%
26.08.2020;117,23;0,51%
25.08.2020;116,64;0,52%
24.08.2020;116,04;0,38%
21.08.2020;115,6;-1,33%
20.08.2020;117,16;-0,91%
19.08.2020;118,23;1,35%
18.08.2020;116,65;1,41%
17.08.2020;115,03;1,55%
14.08.2020;113,27;0,71%
13.08.2020;112,47;-1,85%
12.08.2020;114,59;0,04%
11.08.2020;114,54;0,36%
10.08.2020;114,13;1,01%
07.08.2020;112,99;-1,93%
06.08.2020;115,21;0,12%
05.08.2020;115,07;1,20%
04.08.2020;113,7;0,32%
03.08.2020;113,34;1,38%
31.07.2020;111,79;-0,45%
30.07.2020;112,29;-0,41%
29.07.2020;112,75;0,70%
28.07.2020;111,96;0,52%
27.07.2020;111,38;0,38%
24.07.2020;110,97;-0,91%
23.07.2020;111,99;1,19%
22.07.2020;110,67;-1,17%
21.07.2020;111,98;1,73%
20.07.2020;110,08;0,37%
17.07.2020;109,67;-0,73%
16.07.2020;110,48;0,18%
15.07.2020;110,29;-0,77%
14.07.2020;111,14;-1,05%
13.07.2020;112,33;1,66%
10.07.2020;110,49;1,84%
09.07.2020;108,5;0,13%
08.07.2020;108,36;1,41%
07.07.2020;106,85;0,54%
06.07.2020;106,27;1,19%
02.07.2020;105,02;0,37%
01.07.2020;104,64;0,10%
30.06.2020;104,53;0,58%
29.06.2020;103,93;0,66%
26.06.2020;103,24;0,69%
25.06.2020;102,53;0,22%
24.06.2020;102,31;-0,72%
23.06.2020;103,05;-0,38%
22.06.2020;103,44;0,57%
19.06.2020;102,86;0,18%
18.06.2020;102,68;0,34%
17.06.2020;102,33;0,53%
16.06.2020;101,79;0,81%
15.06.2020;100,98;-0,48%
12.06.2020;101,47;-0,26%
11.06.2020;101,74;-2,04%
10.06.2020;103,85;1,40%
09.06.2020;102,42;0,12%
08.06.2020;102,3;0,32%
05.06.2020;101,98;1,82%
04.06.2020;100,15;0,04%
03.06.2020;100,11;0,30%
02.06.2020;99,81;0,77%
01.06.2020;99,05;1,23%
29.05.2020;97,84;1,00%
28.05.2020;96,87;1,05%
27.05.2020;95,86;-1,44%
26.05.2020;97,26;0,80%
22.05.2020;96,48;-1,67%
21.05.2020;98,12;-0,71%
20.05.2020;98,82;1,37%
19.05.2020;97,48;0,53%
18.05.2020;96,97;3,01%
15.05.2020;94,14;-0,72%
14.05.2020;94,82;-0,52%
13.05.2020;95,31;-0,59%
12.05.2020;95,88;-0,96%
11.05.2020;96,8;0,03%
08.05.2020;96,78;0,43%
07.05.2020;96,36;0,97%
06.05.2020;95,44;1,16%
05.05.2020;94,34;0,79%
04.05.2020;93,6;-0,43%
01.05.2020;94,01;-1,27%
30.04.2020;95,22;-0,88%
29.04.2020;96,06;0,62%
28.04.2020;95,47;0,27%
27.04.2020;95,21;0,22%
24.04.2020;95;0,59%
23.04.2020;94,44;0,05%
22.04.2020;94,39;0,76%
21.04.2020;93,68;-2,22%
20.04.2020;95,81;0,11%
17.04.2020;95,7;1,37%
16.04.2020;94,41;0,09%
15.04.2020;94,33;-0,59%
14.04.2020;94,89;1,32%
13.04.2020;93,65;0,78%
09.04.2020;92,93;0,26%
08.04.2020;92,69;-0,44%
07.04.2020;93,1;1,48%
06.04.2020;91,74;0,56%
03.04.2020;91,23;-0,79%
02.04.2020;91,96;0,87%
01.04.2020;91,16;-2,09%
31.03.2020;93,1;1,78%
30.03.2020;91,48;-0,71%
27.03.2020;92,13;0,45%
26.03.2020;91,72;-0,35%
25.03.2020;92,05;0,54%
24.03.2020;91,55;1,73%
23.03.2020;90;-2,53%
20.03.2020;92,33;-1,05%
19.03.2020;93,31;0,10%
18.03.2020;93,21;-3,53%
17.03.2020;96,62;-2,59%
16.03.2020;99,2;-2,12%
13.03.2020;101,35;1,33%
12.03.2020;100,02;-1,99%
11.03.2020;102,05;-0,86%
10.03.2020;102,93;0,35%
09.03.2020;102,58;-1,05%
06.03.2020;103,67;-1,02%
05.03.2020;104,74;0,23%
04.03.2020;104,5;0,47%
03.03.2020;104,01;-0,92%
02.03.2020;104,98;1,76%
28.02.2020;103,16;-0,49%
27.02.2020;103,67;-0,65%
26.02.2020;104,35;0,04%
25.02.2020;104,3;-0,09%
24.02.2020;104,4;-1,49%
21.02.2020;105,98;0,21%
20.02.2020;105,75;-0,73%
19.02.2020;106,54;-0,11%
18.02.2020;106,65;-0,24%
14.02.2020;106,91;-1,13%
13.02.2020;108,13;0,80%
12.02.2020;107,27;0,28%
11.02.2020;106,97;1,41%
10.02.2020;105,49;-0,39%
07.02.2020;105,9;-1,74%
06.02.2020;107,78;0,40%
05.02.2020;107,35;1,82%
04.02.2020;105,43;0,85%
03.02.2020;104,54;-1,38%
31.01.2020;106;0,10%
30.01.2020;105,89;-0,68%
29.01.2020;106,62;-0,77%
28.01.2020;107,45;-0,62%
27.01.2020;108,12;-2,79%
24.01.2020;111,22;-1,30%
23.01.2020;112,69;-1,54%
22.01.2020;114,45;-1,17%
21.01.2020;115,8;-0,52%
17.01.2020;116,4;0,09%
16.01.2020;116,29;-0,38%
15.01.2020;116,73;0,40%
14.01.2020;116,27;0,03%
13.01.2020;116,24;0,44%
10.01.2020;115,73;0,34%
09.01.2020;115,34;-0,28%
08.01.2020;115,66;0,62%
07.01.2020;114,95;0,15%
06.01.2020;114,78;0,35%
03.01.2020;114,38;-1,04%
02.01.2020;115,58;0,93%
31.12.2019;114,52;-1,38%
30.12.2019;116,12;0,20%
27.12.2019;115,89;-0,10%
26.12.2019;116,01;0,33%
24.12.2019;115,63;0,29%
23.12.2019;115,3;-0,50%
20.12.2019;115,88;0,31%
19.12.2019;115,52;1,09%
18.12.2019;114,28;0,18%
17.12.2019;114,08;-0,53%
16.12.2019;114,69;0,90%
13.12.2019;113,67;-0,31%
12.12.2019;114,02;0,93%
11.12.2019;112,97;1,00%
10.12.2019;111,85;0,06%
09.12.2019;111,78;0,21%
06.12.2019;111,55;1,47%
05.12.2019;109,93;-0,02%
04.12.2019;109,95;0,47%
03.12.2019;109,44;-1,57%
02.12.2019;111,19;-0,08%
29.11.2019;111,28;-1,57%
27.11.2019;113,05;-0,18%
26.11.2019;113,25;1,05%
25.11.2019;112,07;-0,41%
22.11.2019;112,53;0,73%
21.11.2019;111,72;-0,43%
20.11.2019;112,2;-0,64%
19.11.2019;112,92;0,22%
18.11.2019;112,67;-0,96%
15.11.2019;113,76;0,10%
14.11.2019;113,65;-1,05%
13.11.2019;114,86;-0,97%
12.11.2019;115,99;-0,33%
11.11.2019;116,37;-1,37%
08.11.2019;117,99;-0,81%
07.11.2019;118,95;0,98%
06.11.2019;117,8;-0,76%
05.11.2019;118,7;-0,03%
04.11.2019;118,74;0,25%
01.11.2019;118,44;1,10%
31.10.2019;117,15;-1,27%
30.10.2019;118,66;-0,18%
29.10.2019;118,87;0,60%
28.10.2019;118,16;0,28%
25.10.2019;117,83;0,20%
24.10.2019;117,6;0,38%
23.10.2019;117,16;0,85%
22.10.2019;116,17;0,16%
21.10.2019;115,98;-0,03%
18.10.2019;116,02;0,80%
17.10.2019;115,1;-0,08%
16.10.2019;115,19;-1,07%
15.10.2019;116,43;0,53%
14.10.2019;115,82;-1,22%
11.10.2019;117,25;-0,05%
10.10.2019;117,31;1,85%
09.10.2019;115,18;-0,36%
08.10.2019;115,6;-0,21%
07.10.2019;115,84;0,36%
04.10.2019;115,42;0,39%
03.10.2019;114,97;-0,03%
02.10.2019;115,01;0,12%
01.10.2019;114,87;-0,35%
30.09.2019;115,27;-0,08%
27.09.2019;115,36;0,34%
26.09.2019;114,97;-0,75%
25.09.2019;115,84;0,20%
24.09.2019;115,61;-1,09%
23.09.2019;116,88;0,11%
20.09.2019;116,75;0,16%
19.09.2019;116,56;0,28%
18.09.2019;116,24;-0,26%
17.09.2019;116,54;-0,75%
16.09.2019;117,42;-1,67%
13.09.2019;119,42;0,84%
12.09.2019;118,42;0,19%
11.09.2019;118,19;-0,23%
10.09.2019;118,46;0,49%
09.09.2019;117,88;0,37%
06.09.2019;117,45;0,10%
05.09.2019;117,33;0,39%
04.09.2019;116,88;2,04%
03.09.2019;114,54;-0,30%
30.08.2019;114,88;1,11%
29.08.2019;113,62;0,87%
28.08.2019;112,64;0,37%
27.08.2019;112,22;0,13%
26.08.2019;112,07;0,20%
23.08.2019;111,85;-0,31%
22.08.2019;112,2;-1,11%
21.08.2019;113,46;0,53%
20.08.2019;112,86;-0,84%
19.08.2019;113,82;-0,23%
16.08.2019;114,08;0,02%
15.08.2019;114,06;0,56%
14.08.2019;113,43;-1,09%
13.08.2019;114,68;1,47%
12.08.2019;113,02;0,44%
09.08.2019;112,53;-1,31%
08.08.2019;114,02;2,76%
07.08.2019;110,96;-0,57%
06.08.2019;111,6;0,22%
05.08.2019;111,35;-0,22%
02.08.2019;111,6;-2,13%
01.08.2019;114,03;-0,40%
31.07.2019;114,49;-0,17%
30.07.2019;114,68;-0,77%
29.07.2019;115,57;1,19%
26.07.2019;114,21;-0,55%
25.07.2019;114,84;-0,89%
24.07.2019;115,87;0,97%
23.07.2019;114,76;-0,35%
22.07.2019;115,16;-1,52%
19.07.2019;116,94;0,08%
18.07.2019;116,85;0,40%
17.07.2019;116,38;0,71%
16.07.2019;115,56;0,74%
15.07.2019;114,71;0,85%
12.07.2019;113,74;0,56%
11.07.2019;113,11;-0,03%
10.07.2019;113,14;2,14%
09.07.2019;110,77;-0,49%
08.07.2019;111,32;0,16%
05.07.2019;111,14;-0,30%
03.07.2019;111,47;0,53%
02.07.2019;110,88;-0,78%
01.07.2019;111,75;-1,21%
28.06.2019;113,12;0,19%
27.06.2019;112,91;-0,32%
26.06.2019;113,27;-0,24%
25.06.2019;113,54;1,38%
24.06.2019;112;0,86%
21.06.2019;111,05;-0,84%
20.06.2019;111,99;0,67%
19.06.2019;111,25;-0,30%
18.06.2019;111,58;1,77%
17.06.2019;109,64;0,16%
14.06.2019;109,47;-0,84%
13.06.2019;110,4;-0,24%
12.06.2019;110,67;-0,17%
11.06.2019;110,86;0,77%
10.06.2019;110,01;0,71%
07.06.2019;109,23;-0,82%
06.06.2019;110,13;0,74%
05.06.2019;109,32;-1,21%
04.06.2019;110,66;0,35%
03.06.2019;110,27;-0,69%
31.05.2019;111,04;-0,50%
30.05.2019;111,6;-0,01%
29.05.2019;111,61;-0,94%
28.05.2019;112,67;-0,22%
24.05.2019;112,92;1,30%
23.05.2019;111,47;0,05%
22.05.2019;111,41;-1,15%
21.05.2019;112,71;-0,04%
20.05.2019;112,75;-0,94%
17.05.2019;113,82;-0,91%
16.05.2019;114,87;0,30%
15.05.2019;114,53;0,98%
14.05.2019;113,42;0,93%
13.05.2019;112,37;-1,46%
10.05.2019;114,03;0,51%
09.05.2019;113,45;-0,54%
08.05.2019;114,07;-0,85%
07.05.2019;115,05;-1,13%
06.05.2019;116,37;0,15%
03.05.2019;116,19;0,67%
02.05.2019;115,42;-0,65%
01.05.2019;116,17;-1,73%
30.04.2019;118,22;-0,30%
29.04.2019;118,58;0,08%
26.04.2019;118,49;0,46%
25.04.2019;117,95;-1,01%
24.04.2019;119,15;0,31%
23.04.2019;118,78;-0,64%
22.04.2019;119,54;-0,27%
18.04.2019;119,86;-1,06%
17.04.2019;121,15;0,41%
16.04.2019;120,65;-0,80%
15.04.2019;121,62;-0,34%
12.04.2019;122,03;1,34%
11.04.2019;120,42;-0,96%
10.04.2019;121,59;-0,16%
09.04.2019;121,79;-0,18%
08.04.2019;122,01;0,31%
05.04.2019;121,63;-0,29%
04.04.2019;121,98;-0,97%
03.04.2019;123,18;1,41%
02.04.2019;121,47;-0,82%
01.04.2019;122,48;-0,15%
29.03.2019;122,66;1,55%
28.03.2019;120,79;-0,33%
27.03.2019;121,19;0,48%
26.03.2019;120,61;0,49%
25.03.2019;120,02;0,03%
22.03.2019;119,99;-1,02%
21.03.2019;121,23;-1,13%
20.03.2019;122,61;0,28%
19.03.2019;122,27;0,93%
18.03.2019;121,14;0,40%
15.03.2019;120,66;-0,07%
14.03.2019;120,75;-1,17%
13.03.2019;122,18;0,68%
12.03.2019;121,35;1,68%
11.03.2019;119,35;-0,29%
08.03.2019;119,7;-0,50%
07.03.2019;120,3;-0,94%
06.03.2019;121,44;-0,35%
05.03.2019;121,87;1,04%
04.03.2019;120,62;-1,05%
01.03.2019;121,9;0,08%
28.02.2019;121,8;-0,11%
27.02.2019;121,94;0,46%
26.02.2019;121,38;0,19%
25.02.2019;121,15;-0,12%
22.02.2019;121,29;1,27%
21.02.2019;119,77;-0,04%
20.02.2019;119,82;1,37%
19.02.2019;118,2;1,49%
15.02.2019;116,47;1,17%
14.02.2019;115,12;-0,41%
13.02.2019;115,59;-0,09%
12.02.2019;115,69;-0,91%
11.02.2019;116,75;-0,84%
08.02.2019;117,74;-1,16%
07.02.2019;119,12;-0,08%
06.02.2019;119,22;-0,29%
05.02.2019;119,57;-0,35%
04.02.2019;119,99;1,70%
01.02.2019;117,99;0,08%
31.01.2019;117,89;0,68%
30.01.2019;117,09;1,39%
29.01.2019;115,48;1,21%
28.01.2019;114,1;-1,58%
25.01.2019;115,93;2,19%
24.01.2019;113,45;-0,18%
23.01.2019;113,65;0,73%
22.01.2019;112,83;-1,09%
18.01.2019;114,07;1,39%
17.01.2019;112,51;0,41%
16.01.2019;112,05;1,02%
15.01.2019;110,92;0,46%
14.01.2019;110,41;-0,72%
11.01.2019;111,21;0,53%
10.01.2019;110,62;-0,41%
09.01.2019;111,07;-0,01%
08.01.2019;111,08;0,02%
07.01.2019;111,06;0,46%
04.01.2019;110,55;2,48%
03.01.2019;107,87;-0,43%
02.01.2019;108,34;-0,91%
31.12.2018;109,34;-0,65%
28.12.2018;110,05;-0,31%
27.12.2018;110,39;-1,14%
26.12.2018;111,66;0,60%
24.12.2018;110,99;-0,58%
21.12.2018;111,64;-0,61%
20.12.2018;112,33;-0,56%
19.12.2018;112,96;1,13%
18.12.2018;111,7;-1,92%
17.12.2018;113,89;-0,09%
14.12.2018;113,99;0,04%
13.12.2018;113,94;-0,11%
12.12.2018;114,06;-0,05%
11.12.2018;114,12;0,74%
10.12.2018;113,28;-1,15%
07.12.2018;114,6;0,46%
06.12.2018;114,07;-1,63%
05.12.2018;115,96;0,46%
04.12.2018;115,43;-0,88%
03.12.2018;116,46;0,86%
30.11.2018;115,47;0,94%
29.11.2018;114,4;0,25%
28.11.2018;114,12;1,53%
27.11.2018;112,4;-1,47%
26.11.2018;114,08;-0,45%
23.11.2018;114,6;-0,83%
21.11.2018;115,56;0,69%
20.11.2018;114,77;-0,75%
19.11.2018;115,64;-0,45%
16.11.2018;116,16;1,19%
15.11.2018;114,79;0,70%
14.11.2018;113,99;0,47%
13.11.2018;113,46;-0,07%
12.11.2018;113,54;-0,59%
09.11.2018;114,21;-1,70%
08.11.2018;116,18;0,16%
07.11.2018;116;0,59%
06.11.2018;115,32;-0,74%
05.11.2018;116,18;-1,21%
02.11.2018;117,6;1,65%
01.11.2018;115,69;1,85%
31.10.2018;113,59;-1,00%
30.10.2018;114,74;-1,79%
29.10.2018;116,83;-0,60%
26.10.2018;117,54;-0,41%
25.10.2018;118,02;-0,37%
24.10.2018;118,46;-0,32%
23.10.2018;118,84;-0,65%
22.10.2018;119,62;0,46%
19.10.2018;119,07;0,12%
18.10.2018;118,93;-0,49%
17.10.2018;119,52;-0,11%
16.10.2018;119,65;0,03%
15.10.2018;119,62;-0,68%
12.10.2018;120,44;0,45%
11.10.2018;119,9;-0,18%
10.10.2018;120,12;-1,31%
09.10.2018;121,71;1,37%
08.10.2018;120,06;-0,86%
05.10.2018;121,1;-0,62%
04.10.2018;121,85;-1,58%
03.10.2018;123,81;1,89%
02.10.2018;121,51;0,70%
01.10.2018;120,66;0,16%
28.09.2018;120,47;1,56%
27.09.2018;118,62;-1,66%
26.09.2018;120,62;0,08%
25.09.2018;120,52;-0,34%
24.09.2018;120,93;-0,76%
21.09.2018;121,86;3,58%
20.09.2018;117,65;0,76%
19.09.2018;116,76;0,56%
18.09.2018;116,11;1,63%
17.09.2018;114,25;-0,79%
14.09.2018;115,16;-0,92%
13.09.2018;116,23;0,02%
12.09.2018;116,21;2,03%
11.09.2018;113,9;-1,49%
10.09.2018;115,62;0,25%
07.09.2018;115,33;-0,07%
06.09.2018;115,41;0,11%
05.09.2018;115,28;0,17%
04.09.2018;115,08;-2,58%
31.08.2018;118,13;-1,51%
30.08.2018;119,94;-1,35%
29.08.2018;121,58;-0,21%
28.08.2018;121,84;1,25%
27.08.2018;120,33;0,13%
24.08.2018;120,17;1,51%
23.08.2018;118,38;-0,44%
22.08.2018;118,9;0,10%
21.08.2018;118,78;0,66%
20.08.2018;118;0,95%
17.08.2018;116,89;0,13%
16.08.2018;116,74;2,38%
15.08.2018;114,03;-4,08%
14.08.2018;118,88;-1,19%
13.08.2018;120,31;-1,20%
10.08.2018;121,77;-0,46%
09.08.2018;122,33;-0,37%
08.08.2018;122,79;1,25%
07.08.2018;121,28;0,69%
06.08.2018;120,45;-0,39%
03.08.2018;120,92;0,99%
02.08.2018;119,73;-0,68%
01.08.2018;120,55;-2,56%
31.07.2018;123,72;1,01%
30.07.2018;122,48;-0,10%
27.07.2018;122,6;0,02%
26.07.2018;122,57;0,20%
25.07.2018;122,33;-0,25%
24.07.2018;122,64;1,75%
23.07.2018;120,53;0,02%
20.07.2018;120,5;1,77%
19.07.2018;118,4;-1,96%
18.07.2018;120,77;0,84%
17.07.2018;119,76;-0,56%
16.07.2018;120,44;-0,87%
13.07.2018;121,5;-0,48%
12.07.2018;122,08;0,78%
11.07.2018;121,13;-2,47%
10.07.2018;124,2;-1,05%
09.07.2018;125,52;1,04%
06.07.2018;124,23;-0,18%
05.07.2018;124,45;-2,07%
03.07.2018;127,08;-0,91%
02.07.2018;128,25;-1,38%
29.06.2018;130,04;-0,42%
28.06.2018;130,59;-0,73%
27.06.2018;131,55;0,44%
26.06.2018;130,98;0,07%
25.06.2018;130,89;-1,75%
22.06.2018;133,22;0,37%
21.06.2018;132,73;-0,47%
20.06.2018;133,36;0,23%
19.06.2018;133,06;-2,05%
18.06.2018;135,84;-0,61%
15.06.2018;136,68;-2,20%
14.06.2018;139,75;-1,13%
13.06.2018;141,35;0,33%
12.06.2018;140,88;-0,18%
11.06.2018;141,14;-0,63%
08.06.2018;142,04;0,18%
07.06.2018;141,79;-0,44%
06.06.2018;142,42;0,96%
05.06.2018;141,06;1,42%
04.06.2018;139,08;0,77%
01.06.2018;138,02;0,93%
31.05.2018;136,75;0,18%
30.05.2018;136,51;0,52%
29.05.2018;135,81;0,29%
25.05.2018;135,42;-0,57%
24.05.2018;136,2;0,86%
23.05.2018;135,04;-1,07%
22.05.2018;136,5;0,12%
21.05.2018;136,33;0,51%
18.05.2018;135,64;-0,48%
17.05.2018;136,3;0,14%
16.05.2018;136,11;0,38%
15.05.2018;135,6;-0,37%
14.05.2018;136,1;0,60%
11.05.2018;135,29;-0,35%
10.05.2018;135,77;0,21%
09.05.2018;135,48;0,05%
08.05.2018;135,41;-0,27%
07.05.2018;135,78;-0,08%
04.05.2018;135,89;1,80%
03.05.2018;133,49;-0,93%
02.05.2018;134,74;1,56%
01.05.2018;132,67;-0,79%
30.04.2018;133,72;0,18%
27.04.2018;133,48;-1,98%
26.04.2018;136,18;0,24%
25.04.2018;135,85;-0,07%
24.04.2018;135,94;-0,82%
23.04.2018;137,06;-2,99%
20.04.2018;141,28;-0,39%
19.04.2018;141,84;-1,27%
18.04.2018;143,66;4,37%
17.04.2018;137,64;-0,15%
16.04.2018;137,85;2,24%
13.04.2018;134,83;0,05%
12.04.2018;134,76;-0,69%
11.04.2018;135,69;0,50%
10.04.2018;135,01;2,00%
09.04.2018;132,36;1,69%
06.04.2018;130,16;0,12%
05.04.2018;130,01;1,21%
04.04.2018;128,46;-1,12%
03.04.2018;129,92;0,09%
02.04.2018;129,8;0,32%
29.03.2018;129,38;0,22%
28.03.2018;129,1;0,02%
27.03.2018;129,07;0,46%
26.03.2018;128,48;-0,05%
23.03.2018;128,55;-0,90%
22.03.2018;129,72;-1,19%
21.03.2018;131,28;0,60%
20.03.2018;130,5;-1,07%
19.03.2018;131,91;-0,47%
16.03.2018;132,53;-0,11%
15.03.2018;132,68;-0,67%
14.03.2018;133,58;-0,33%
13.03.2018;134,02;0,89%
12.03.2018;132,84;-0,95%
09.03.2018;134,11;1,93%
08.03.2018;131,57;-1,20%
07.03.2018;133,17;-1,24%
06.03.2018;134,84;0,75%
05.03.2018;133,84;-0,35%
02.03.2018;134,31;-0,26%
01.03.2018;134,66;-0,58%
28.02.2018;135,45;-1,12%
27.02.2018;136,99;-0,70%
26.02.2018;137,96;0,21%
23.02.2018;137,67;-1,09%
22.02.2018;139,19;0,06%
21.02.2018;139,11;0,72%
20.02.2018;138,11;-1,42%
16.02.2018;140,1;0,28%
15.02.2018;139,71;0,06%
14.02.2018;139,62;2,68%
13.02.2018;135,97;2,05%
12.02.2018;133,24;0,86%
09.02.2018;132,11;-1,59%
08.02.2018;134,24;0,28%
07.02.2018;133,87;-2,07%
06.02.2018;136,7;-1,77%
05.02.2018;139,17;1,05%
02.02.2018;137,73;-1,42%
01.02.2018;139,72;0,79%
31.01.2018;138,63;0,79%
30.01.2018;137,54;-1,13%
29.01.2018;139,11;0,12%
26.01.2018;138,94;-0,01%
25.01.2018;138,95;0,01%
24.01.2018;138,93;2,80%
23.01.2018;135,15;-1,24%
22.01.2018;136,84;0,51%
19.01.2018;136,15;0,14%
18.01.2018;135,96;0,84%
17.01.2018;134,83;-0,70%
16.01.2018;135,78;-0,41%
12.01.2018;136,34;0,40%
11.01.2018;135,8;-0,24%
10.01.2018;136,13;0,90%
09.01.2018;134,91;-0,46%
08.01.2018;135,54;-0,28%
05.01.2018;135,92;-1,19%
04.01.2018;137,56;0,76%
03.01.2018;136,52;-1,07%
02.01.2018;138;-0,37%