date;hongqiao_price;hongqiao_adj;hongqiao_volume
02.01.2018;8.720000;5.693304;5146500
03.01.2018;8.840000;5.795655;6620000
04.01.2018;9.050000;5.840434;3495000
05.01.2018;9.130000;6.025946;7438194
08.01.2018;9.390000;6.269031;12192500
09.01.2018;9.900000;6.269031;3661500
10.01.2018;9.680000;6.435352;8472000
11.01.2018;10.060000;6.473733;6249500
12.01.2018;10.120000;6.857553;14100500
15.01.2018;10.720000;6.857553;0
16.01.2018;9.780000;6.390572;68840677
17.01.2018;10.000000;6.448145;28306090
18.01.2018;10.140000;6.173076;13505500
19.01.2018;9.870000;6.716819;21676750
22.01.2018;10.500000;7.100638;12397500
23.01.2018;11.200000;7.113431;7322700
24.01.2018;11.080000;7.202988;7698943
25.01.2018;11.100000;7.023873;6494326
26.01.2018;10.980000;7.190195;7430963
29.01.2018;11.000000;6.734294;8829509
30.01.2018;10.400000;6.551935;4132745
31.01.2018;10.020000;6.499832;11664963
01.02.2018;9.930000;6.350036;7378948
02.02.2018;9.920000;6.564960;7717130
05.02.2018;9.830000;6.415165;6590936
06.02.2018;9.670000;6.128599;12740500
07.02.2018;9.700000;5.907161;7245342
08.02.2018;9.010000;5.855059;6741000
09.02.2018;8.700000;5.347056;14365779
12.02.2018;8.210000;5.535929;4247000
13.02.2018;8.750000;5.548954;5665000
14.02.2018;8.580000;5.835520;3428500
15.02.2018;8.960000;6.200241;2148250
20.02.2018;9.490000;6.089522;2014500
21.02.2018;9.340000;6.037418;3189000
22.02.2018;9.220000;6.004855;1887805
23.02.2018;9.350000;6.050445;3051000
26.02.2018;9.260000;6.050445;2430658
27.02.2018;9.390000;5.887623;2857577
28.02.2018;8.990000;5.952752;2874000
01.03.2018;9.230000;5.842034;2880000
02.03.2018;8.970000;5.614083;3545500
05.03.2018;8.800000;6.037418;15702500
06.03.2018;9.390000;6.454242;21299000
07.03.2018;9.750000;6.460754;6754795
08.03.2018;9.800000;6.441217;2883000
09.03.2018;9.960000;6.591012;8009500
12.03.2018;10.060000;6.591012;9895500
13.03.2018;10.080000;6.486806;5511484
14.03.2018;9.850000;6.297934;8451710
15.03.2018;9.620000;6.122086;5961000
16.03.2018;9.390000;6.056958;4138000
19.03.2018;9.250000;5.972290;4706500
20.03.2018;9.030000;6.017880;4103500
21.03.2018;9.180000;6.004855;7999000
22.03.2018;9.290000;5.900649;5666500
23.03.2018;9.030000;5.711777;8945389
26.03.2018;8.690000;5.659673;7829935
27.03.2018;8.740000;5.744339;12675500
28.03.2018;8.880000;5.588031;9764889
29.03.2018;8.700000;5.581518;8547246
03.04.2018;8.500000;5.588031;4985000
04.04.2018;8.980000;5.620596;4278500
06.04.2018;8.840000;5.529416;4184500
09.04.2018;8.650000;5.711777;5570200
10.04.2018;8.980000;6.017880;16441500
11.04.2018;9.500000;6.122086;13087055
12.04.2018;9.610000;5.939726;5861000
13.04.2018;9.180000;5.763879;7501000
16.04.2018;8.900000;5.750853;3562000
17.04.2018;9.050000;5.783418;7854800
18.04.2018;9.040000;5.763879;6275500
19.04.2018;9.180000;6.096035;16178500
20.04.2018;9.300000;5.894136;8778500
23.04.2018;9.180000;5.861571;3781500
24.04.2018;8.910000;5.731314;9949000
25.04.2018;8.870000;5.659673;3644000
26.04.2018;8.690000;5.503364;7882996
27.04.2018;8.520000;5.588031;2257209
30.04.2018;8.600000;5.601058;2202171
02.05.2018;8.700000;5.438235;12982785
03.05.2018;8.400000;5.496851;12419251
04.05.2018;8.390000;5.555468;4151500
07.05.2018;8.500000;5.542441;4093640
08.05.2018;8.400000;5.607570;6059547
09.05.2018;8.550000;5.568493;3015762
10.05.2018;8.650000;5.601058;3814500
11.05.2018;8.690000;5.620596;2421000
14.05.2018;8.700000;5.653161;7218992
15.05.2018;8.830000;5.685724;14517500
16.05.2018;8.710000;5.653161;1470230
17.05.2018;8.680000;5.548954;5590500
18.05.2018;8.680000;5.575006;2261500
21.05.2018;8.600000;5.555468;11427000
23.05.2018;8.600000;5.659673;3252000
24.05.2018;8.690000;5.614083;1032103
25.05.2018;8.600000;5.575006;2471455
28.05.2018;8.520000;5.470800;4115500
29.05.2018;8.350000;5.418697;2168124
30.05.2018;8.250000;5.314491;6046496
31.05.2018;8.190000;5.522903;10845500
01.06.2018;8.350000;5.502892;3939500
04.06.2018;8.250000;5.556253;1288500
05.06.2018;8.330000;5.496222;1957000
06.06.2018;8.240000;5.502892;5109500
07.06.2018;8.250000;5.529573;6564235
08.06.2018;8.360000;5.509562;3512500
11.06.2018;8.300000;5.502892;2725879
12.06.2018;8.280000;5.496222;2864746
13.06.2018;8.240000;5.569595;5247500
14.06.2018;8.240000;5.456202;4250249
15.06.2018;8.180000;5.356148;6212493
19.06.2018;8.080000;5.162714;6095813
20.06.2018;7.740000;5.316127;7380000
21.06.2018;7.710000;4.915917;6364632
22.06.2018;7.370000;4.909247;3617000
25.06.2018;7.360000;4.569068;11454500
26.06.2018;6.900000;4.742492;11578000
27.06.2018;7.150000;4.709142;7397500
28.06.2018;6.810000;4.869226;8455000
29.06.2018;7.350000;4.935928;9017500
03.07.2018;7.210000;5.002630;7255000
04.07.2018;7.500000;4.935928;11589500
05.07.2018;7.270000;4.929258;8342500
06.07.2018;7.380000;5.069331;9462500
09.07.2018;7.630000;5.149373;5809000
10.07.2018;7.750000;5.169384;7350000
11.07.2018;7.450000;5.136034;6743900
12.07.2018;7.700000;5.076002;10885000
13.07.2018;7.680000;5.336138;9897000
16.07.2018;7.850000;5.202734;3965620
17.07.2018;7.700000;5.035981;3955500
18.07.2018;7.390000;4.929258;2397000
19.07.2018;7.380000;4.949268;1630500
20.07.2018;7.240000;4.935928;1387891
23.07.2018;7.400000;4.969278;1150500
24.07.2018;7.470000;5.262766;4802000
25.07.2018;7.900000;5.309457;1629500
26.07.2018;7.830000;5.096012;1373000
27.07.2018;7.610000;5.035981;1681000
30.07.2018;7.570000;5.015970;432500
31.07.2018;7.320000;4.955938;1677000
01.08.2018;7.530000;4.802524;4472000
02.08.2018;7.210000;4.662450;3406500
03.08.2018;7.000000;4.562398;2970500
06.08.2018;6.840000;4.455675;2978000
07.08.2018;6.700000;4.502367;3041500
08.08.2018;6.740000;4.522377;1989500
09.08.2018;6.790000;4.662450;4697000
10.08.2018;7.000000;4.682461;3056500
13.08.2018;6.960000;4.875896;4571000
14.08.2018;7.200000;4.569068;3033000
15.08.2018;6.850000;4.182199;5995000
16.08.2018;6.260000;4.202209;6742180
17.08.2018;6.380000;4.182199;4994500
20.08.2018;6.210000;4.168859;2798000
21.08.2018;6.380000;4.422324;2742500
22.08.2018;6.670000;4.408984;2683500
23.08.2018;6.510000;4.355623;1063500
24.08.2018;6.590000;4.428995;1585000
27.08.2018;6.640000;4.408984;7611500
28.08.2018;6.690000;4.435666;2448000
29.08.2018;6.720000;4.495696;3291000
30.08.2018;6.710000;4.422324;2534000
31.08.2018;6.870000;4.422324;3814500
03.09.2018;6.600000;4.422324;2176500
04.09.2018;6.650000;4.562398;2642500
05.09.2018;6.800000;4.555728;3986000
06.09.2018;6.830000;4.562398;3892000
07.09.2018;6.840000;4.582408;6894500
10.09.2018;6.900000;4.582408;11066500
11.09.2018;6.800000;4.502367;13716500
12.09.2018;6.750000;4.535717;12953000
13.09.2018;6.850000;4.589079;6215000
14.09.2018;6.900000;3.862031;63695500
17.09.2018;5.800000;3.595223;16574500
18.09.2018;5.400000;3.555202;10593000
19.09.2018;5.360000;3.595223;5993000
20.09.2018;5.380000;3.615233;5613000
21.09.2018;5.420000;3.801998;18733000
24.09.2018;5.700000;3.708616;1134500
26.09.2018;5.550000;3.575213;9141500
27.09.2018;5.360000;3.441809;4654000
28.09.2018;5.260000;3.468490;4137000
02.10.2018;5.350000;3.435139;3722000
03.10.2018;5.150000;3.581882;10370500
04.10.2018;5.370000;3.761977;9731000
05.10.2018;5.680000;3.715286;6062000
08.10.2018;5.430000;3.388448;12467500
09.10.2018;5.060000;3.535192;11793400
10.10.2018;5.300000;3.635244;34108000
11.10.2018;5.500000;3.568542;17679500
12.10.2018;5.300000;3.695276;22944000
15.10.2018;5.550000;3.548532;4933500
16.10.2018;5.500000;3.568542;12056333
18.10.2018;5.560000;3.641914;17645000
19.10.2018;5.400000;3.801998;18607226
22.10.2018;5.880000;3.902052;10903088
23.10.2018;5.850000;3.735297;13615000
24.10.2018;5.620000;3.735297;15800246
25.10.2018;5.550000;3.655254;10974500
26.10.2018;5.500000;3.628574;17381000
29.10.2018;5.560000;3.515181;4259000
31.10.2018;5.090000;3.501840;7723000
01.11.2018;5.260000;3.421798;8566465
02.11.2018;5.290000;3.515181;9522000
05.11.2018;5.270000;3.455150;5826500
06.11.2018;5.180000;3.468490;6606107
07.11.2018;5.240000;3.488500;7875000
08.11.2018;5.290000;3.515181;14147500
09.11.2018;5.390000;3.421798;14147007
12.11.2018;5.200000;3.501840;25508400
13.11.2018;5.200000;3.448479;14107500
14.11.2018;5.240000;3.395118;52229316
15.11.2018;5.130000;3.348427;30597500
16.11.2018;5.080000;3.355097;17127000
19.11.2018;5.030000;3.288395;15082000
20.11.2018;4.880000;3.061610;26581500
21.11.2018;4.500000;3.154992;24755298
22.11.2018;4.700000;3.188343;17958500
23.11.2018;4.740000;3.221693;9160000
26.11.2018;4.740000;3.301735;34961500
27.11.2018;4.960000;3.308406;11019500
28.11.2018;5.000000;3.348427;13475961
29.11.2018;5.020000;3.348427;23447571
30.11.2018;5.000000;3.235034;155860716
03.12.2018;4.900000;3.248374;24890343
04.12.2018;4.930000;3.188343;12805376
05.12.2018;4.760000;3.134981;14564500
06.12.2018;4.730000;3.001578;19683000
07.12.2018;4.490000;2.994907;12860000
10.12.2018;4.500000;3.014918;7077436
11.12.2018;4.500000;3.014918;7920872
12.12.2018;4.500000;2.994907;7640272
13.12.2018;4.500000;3.074950;10348000
14.12.2018;4.550000;3.068279;6927740
17.12.2018;4.530000;3.014918;5382000
18.12.2018;4.490000;3.001578;6581500
19.12.2018;4.500000;2.994907;2616348
20.12.2018;4.490000;3.001578;3830500
21.12.2018;4.500000;2.968226;3463779
24.12.2018;4.440000;2.888185;946500
27.12.2018;4.460000;2.974897;2805392
28.12.2018;4.460000;2.948216;2415300
31.12.2018;4.420000;2.968226;3645070
02.01.2019;4.450000;2.834823;8285000
03.01.2019;4.280000;2.774792;7402000
04.01.2019;4.160000;2.781462;7932500
07.01.2019;4.280000;2.874844;4238158
08.01.2019;4.370000;2.981567;8885207
09.01.2019;4.430000;3.175003;14982952
10.01.2019;4.840000;3.148322;8824080
11.01.2019;4.820000;3.181672;2928579
14.01.2019;4.790000;3.235034;6743500
15.01.2019;4.770000;3.348427;8317658
16.01.2019;5.060000;3.355097;9913243
17.01.2019;5.100000;3.368437;14466965
18.01.2019;5.070000;3.381778;6714065
21.01.2019;5.120000;3.348427;6358000
22.01.2019;5.090000;3.335087;3576000
23.01.2019;4.890000;3.295065;7146500
24.01.2019;4.870000;3.368437;4489294
25.01.2019;5.090000;3.368437;2289978
28.01.2019;5.100000;3.361767;5208500
29.01.2019;5.040000;3.308406;3956500
30.01.2019;4.960000;3.255044;4326600
31.01.2019;4.900000;3.335087;8054000
01.02.2019;5.060000;3.401788;8127107
04.02.2019;5.280000;3.468490;6224939
08.02.2019;5.120000;3.461820;13901790
11.02.2019;5.240000;3.421798;5261211
12.02.2019;5.230000;3.428469;3593633
13.02.2019;5.190000;3.428469;19689568
14.02.2019;5.180000;3.415128;16493000
15.02.2019;5.100000;3.335087;14857544
18.02.2019;4.960000;3.341756;14479430
19.02.2019;5.070000;3.341756;16932658
20.02.2019;5.030000;3.368437;12951000
21.02.2019;5.050000;3.361767;14791500
22.02.2019;5.040000;3.361767;20225272
25.02.2019;5.010000;3.348427;23174500
26.02.2019;5.040000;3.555202;43426500
27.02.2019;5.310000;3.615234;24282500
28.02.2019;5.500000;3.501840;8471848
01.03.2019;5.180000;3.435139;16175500
04.03.2019;5.190000;3.515181;17432000
05.03.2019;5.320000;3.501840;9276000
06.03.2019;5.220000;3.508511;11665238
07.03.2019;5.210000;3.455150;9604915
08.03.2019;5.100000;3.288395;10241211
11.03.2019;5.000000;3.381778;40159834
12.03.2019;5.070000;3.568542;21133767
13.03.2019;5.350000;3.555202;12089550
14.03.2019;5.300000;3.568542;11535772
15.03.2019;5.420000;3.588553;76759324
18.03.2019;5.450000;3.681935;24887000
19.03.2019;5.500000;3.601893;12073802
20.03.2019;5.470000;3.581882;7974200
21.03.2019;5.470000;3.635244;8882532
22.03.2019;5.500000;3.681935;12712500
25.03.2019;5.500000;3.728627;23002834
26.03.2019;5.600000;3.781988;24324908
27.03.2019;5.600000;3.882041;23866082
28.03.2019;5.800000;3.915391;29416924
29.03.2019;5.820000;3.942072;17215074
01.04.2019;6.000000;4.162188;14548220
02.04.2019;6.300000;4.242230;21303646
03.04.2019;6.220000;4.222219;10019798
04.04.2019;6.210000;4.188869;13626000
08.04.2019;6.350000;4.195539;17803348
09.04.2019;6.400000;4.382303;20476000
10.04.2019;6.430000;4.455675;24042753
11.04.2019;6.700000;4.502367;22086834
12.04.2019;6.850000;4.475686;23258000
15.04.2019;6.620000;4.282251;9071000
16.04.2019;6.300000;4.235560;12912383
17.04.2019;6.590000;4.355623;13300130
18.04.2019;6.580000;4.282251;8561103
23.04.2019;6.540000;4.202209;13285535
24.04.2019;6.460000;4.308931;11622861
25.04.2019;6.460000;4.242230;7289212
26.04.2019;6.230000;4.195539;7844700
29.04.2019;6.320000;4.288921;4099835
30.04.2019;6.370000;4.308931;7085734
02.05.2019;6.480000;4.135507;7423500
03.05.2019;6.270000;4.202209;2582500
06.05.2019;6.080000;3.975423;12838118
07.05.2019;6.080000;3.928732;12918672
08.05.2019;5.830000;3.868701;9704394
09.05.2019;5.900000;3.775318;6808606
10.05.2019;5.660000;3.848690;9400475
14.05.2019;5.420000;3.688606;12759114
15.05.2019;5.420000;3.801998;9157286
16.05.2019;5.700000;3.741967;6188176
17.05.2019;5.800000;3.661925;12255800
20.05.2019;5.620000;3.548533;7745492
21.05.2019;5.180000;3.628574;8119193
22.05.2019;5.360000;3.668595;15285800
23.05.2019;5.450000;3.668595;18967229
24.05.2019;5.530000;3.675265;11944500
27.05.2019;5.570000;3.675265;14569500
28.05.2019;5.590000;3.728627;38217000
29.05.2019;5.600000;3.715286;9839788
30.05.2019;5.530000;3.728627;4493500
31.05.2019;5.540000;3.781988;8467698
03.06.2019;5.710000;3.768648;8311000
04.06.2019;5.590000;3.741967;3574734
05.06.2019;5.420000;3.679252;4319633
06.06.2019;5.230000;3.609570;5924000
10.06.2019;5.160000;3.644411;6072000
11.06.2019;5.140000;3.658347;7081679
12.06.2019;5.170000;3.700157;6336500
13.06.2019;5.230000;3.721062;5933955
14.06.2019;5.280000;3.546855;5529056
17.06.2019;5.100000;3.505045;3411656
18.06.2019;5.020000;3.498077;6427292
19.06.2019;5.080000;3.595633;4265000
20.06.2019;5.130000;3.679252;3297000
21.06.2019;5.280000;3.769840;6802832
24.06.2019;5.470000;3.741966;3539500
25.06.2019;5.340000;3.734999;3348699
26.06.2019;5.280000;3.651379;5680500
27.06.2019;5.220000;3.755903;9611171
28.06.2019;5.350000;3.839523;12633788
02.07.2019;5.500000;4.041604;10953904
03.07.2019;5.730000;4.048571;4141441
04.07.2019;5.720000;3.971920;2462000
05.07.2019;5.710000;3.999793;1302000
08.07.2019;5.700000;4.069477;6167000
09.07.2019;5.850000;4.097349;5527735
10.07.2019;5.780000;4.055540;5535000
11.07.2019;5.740000;4.062508;2450000
12.07.2019;5.910000;4.041604;4072000
15.07.2019;5.800000;4.118254;1873000
16.07.2019;5.800000;4.111287;3972000
17.07.2019;5.950000;4.146127;2317000
18.07.2019;5.850000;4.160064;3882500
19.07.2019;5.920000;4.201873;3599500
22.07.2019;5.900000;4.215810;4441949
23.07.2019;6.050000;4.222778;7420500
24.07.2019;6.150000;4.229747;5352500
25.07.2019;6.190000;4.229747;4031031
26.07.2019;5.850000;4.125223;5692796
29.07.2019;5.870000;3.985857;4793388
30.07.2019;5.800000;3.985857;2501500
31.07.2019;5.700000;4.006761;4004500
01.08.2019;5.570000;3.888300;7558867
02.08.2019;5.380000;3.790745;4757860
05.08.2019;5.550000;3.707126;3589000
06.08.2019;5.220000;3.658347;4425116
07.08.2019;5.320000;3.651379;3327808
08.08.2019;5.290000;3.679252;1817742
09.08.2019;5.240000;3.658347;2374443
12.08.2019;5.300000;3.623506;2079500
13.08.2019;5.300000;3.574728;7038500
14.08.2019;5.100000;3.491109;4092061
15.08.2019;4.970000;3.518982;3198500
16.08.2019;5.100000;3.512014;3171604
19.08.2019;5.010000;3.588665;3687939
20.08.2019;5.070000;3.700157;6875933
21.08.2019;5.370000;3.734999;3586158
22.08.2019;5.350000;3.693189;5498500
23.08.2019;5.300000;3.748935;3306800
26.08.2019;5.180000;3.651379;3426862
27.08.2019;5.130000;3.637442;10893940
28.08.2019;5.160000;3.609570;2985500
29.08.2019;5.110000;3.574728;2780500
30.08.2019;5.100000;3.581697;4599900
02.09.2019;5.100000;3.553823;4634500
03.09.2019;5.150000;3.553823;3423800
04.09.2019;5.030000;3.560792;4823148
05.09.2019;5.110000;3.609570;5821414
06.09.2019;5.220000;3.700157;8498451
09.09.2019;5.400000;3.707126;5273270
10.09.2019;5.340000;3.734999;3938500
11.09.2019;5.280000;3.769840;2888959
12.09.2019;5.390000;3.797713;2638000
13.09.2019;5.310000;3.839523;1875500
16.09.2019;5.480000;3.721062;11819800
17.09.2019;5.260000;3.630474;7356349
18.09.2019;5.200000;3.658347;2957000
19.09.2019;5.200000;3.595633;2643360
20.09.2019;5.110000;3.616538;5082000
23.09.2019;5.130000;3.574728;3461559
24.09.2019;5.130000;3.532918;3608400
25.09.2019;5.020000;3.484141;3517899
26.09.2019;5.070000;3.449299;4871500
27.09.2019;5.020000;3.463235;2204011
30.09.2019;5.020000;3.491109;2028187
02.10.2019;4.810000;3.421426;2758000
03.10.2019;4.890000;3.379616;3290500
04.10.2019;4.910000;3.379616;2482183
08.10.2019;4.850000;3.393553;2362200
09.10.2019;4.850000;3.379616;4030960
10.10.2019;4.910000;3.414458;6373000
11.10.2019;4.910000;3.414458;1702000
14.10.2019;4.980000;3.414458;1737000
15.10.2019;4.950000;3.386585;1950000
16.10.2019;4.810000;3.337806;3764027
17.10.2019;4.850000;3.351743;3118352
18.10.2019;4.750000;3.309934;6180500
21.10.2019;4.750000;3.309934;1378000
22.10.2019;4.780000;3.309934;1595013
23.10.2019;4.700000;3.268124;4369500
24.10.2019;4.700000;3.268124;1968152
25.10.2019;4.700000;3.247219;1799500
28.10.2019;4.650000;3.219346;2762000
29.10.2019;4.600000;3.170568;4632211
31.10.2019;4.480000;3.038171;6752000
01.11.2019;4.320000;3.066044;4812000
04.11.2019;4.410000;3.066044;6742206
05.11.2019;4.400000;3.107853;7002700
06.11.2019;4.420000;3.114821;4061500
07.11.2019;4.450000;3.114821;3576065
08.11.2019;4.470000;3.142695;4411706
11.11.2019;4.480000;3.052107;3424000
12.11.2019;4.440000;3.010298;4153412
13.11.2019;4.260000;2.961519;4502000
14.11.2019;4.250000;2.926678;4457000
15.11.2019;4.200000;2.898805;2459500
18.11.2019;4.220000;2.954551;1662000
19.11.2019;4.250000;3.052107;6998296
20.11.2019;4.380000;3.024234;3808000
21.11.2019;4.310000;2.933646;6520250
22.11.2019;4.250000;2.898805;4996000
25.11.2019;4.200000;2.898805;7339990
26.11.2019;4.180000;2.926678;11739500
27.11.2019;4.240000;2.919710;6086500
28.11.2019;4.220000;2.940615;3233500
29.11.2019;4.190000;2.863964;5872000
02.12.2019;4.110000;2.843059;4345000
03.12.2019;4.100000;2.856995;3484280
04.12.2019;4.040000;2.808217;3845500
05.12.2019;4.060000;2.822154;3750500
06.12.2019;4.080000;2.912741;3304000
09.12.2019;4.240000;2.940615;3577000
10.12.2019;4.300000;2.989393;2951142
11.12.2019;4.260000;3.045139;3079500
12.12.2019;4.430000;3.059076;3951762
13.12.2019;4.440000;3.114821;5339000
16.12.2019;4.560000;3.100885;5976800
17.12.2019;4.460000;3.135727;2754687
18.12.2019;4.530000;3.135727;1911250
19.12.2019;4.520000;3.107853;1315466
20.12.2019;4.520000;3.114821;3503531
23.12.2019;4.470000;3.093917;2169415
24.12.2019;4.380000;3.059076;1188500
27.12.2019;4.480000;3.170568;5979795
30.12.2019;4.560000;3.233283;3279800
31.12.2019;4.690000;3.275092;2348000
02.01.2020;4.720000;3.365680;6980200
03.01.2020;4.860000;3.358712;2153384
06.01.2020;4.710000;3.212378;4736000
07.01.2020;4.670000;3.247219;1884500
08.01.2020;4.650000;3.205409;5057839
09.01.2020;4.620000;3.212378;1825700
10.01.2020;4.600000;3.275092;3659500
13.01.2020;4.650000;3.240251;2751488
14.01.2020;4.740000;3.275092;3365500
15.01.2020;4.650000;3.275092;1491760
16.01.2020;4.680000;3.282060;1492616
17.01.2020;4.780000;3.344775;2698162
20.01.2020;4.800000;3.330839;1609529
21.01.2020;4.790000;3.205409;3558500
22.01.2020;4.510000;3.149663;1059000
23.01.2020;4.460000;2.996361;1920683
24.01.2020;4.280000;2.996361;416120
29.01.2020;4.100000;2.850027;1909070
30.01.2020;4.180000;2.752471;1993000
31.01.2020;4.030000;2.675820;3179380
03.02.2020;3.840000;2.689756;9360720
04.02.2020;3.860000;2.794281;2881762
05.02.2020;4.090000;2.815185;4243000
06.02.2020;4.100000;2.877900;3692450
07.02.2020;4.110000;2.863964;2820489
10.02.2020;4.110000;2.815185;1767000
11.02.2020;4.130000;2.850027;1672085
12.02.2020;4.120000;2.877900;2799500
13.02.2020;4.160000;2.870932;3456000
14.02.2020;4.170000;2.898805;6608436
17.02.2020;4.230000;2.961519;3279500
18.02.2020;4.200000;2.891837;2418426
19.02.2020;4.160000;2.933646;1746500
20.02.2020;4.260000;2.870932;2195462
21.02.2020;4.150000;2.891837;3268500
24.02.2020;4.130000;2.822154;3696000
25.02.2020;4.050000;2.794281;2692574
26.02.2020;4.000000;2.787313;1711644
27.02.2020;4.030000;2.926678;3076000
28.02.2020;4.090000;2.912741;16960000
02.03.2020;4.150000;3.031202;8206000
03.03.2020;4.430000;2.926678;3405000
04.03.2020;4.200000;2.954551;3650000
05.03.2020;4.270000;2.877900;3306207
06.03.2020;4.110000;2.808217;3629648
09.03.2020;4.010000;2.647947;5911000
10.03.2020;3.780000;2.634010;5703295
11.03.2020;3.850000;2.606137;2981500
12.03.2020;3.720000;2.508581;4229742
13.03.2020;3.400000;2.397089;10918600
16.03.2020;3.440000;2.132294;8373344
17.03.2020;3.170000;2.208945;0
18.03.2020;3.160000;2.104421;7808904
19.03.2020;3.140000;2.006865;7291440
20.03.2020;3.010000;2.132294;9667179
23.03.2020;3.100000;2.097452;12492272
24.03.2020;3.030000;2.139262;8124460
25.03.2020;3.180000;2.229850;17132791
26.03.2020;3.190000;2.292564;11082100
27.03.2020;3.330000;2.362247;9380788
30.03.2020;3.350000;2.229850;5507428
31.03.2020;3.200000;2.299533;5543408
01.04.2020;3.310000;2.271660;7138256
02.04.2020;3.250000;2.257723;2155982
03.04.2020;3.250000;2.257723;3862099
06.04.2020;3.250000;2.257723;3679981
07.04.2020;3.360000;2.397089;8518400
08.04.2020;3.480000;2.362247;5894748
09.04.2020;3.450000;2.466771;3237000
14.04.2020;3.550000;2.494644;11600548
15.04.2020;3.580000;2.459803;7453000
16.04.2020;3.500000;2.438898;4367715
17.04.2020;3.520000;2.487676;4234866
20.04.2020;3.570000;2.466771;2123500
21.04.2020;3.510000;2.397089;2429916
22.04.2020;3.420000;2.417993;3517532
23.04.2020;3.520000;2.404057;2244860
24.04.2020;3.460000;2.397089;3419070
27.04.2020;3.460000;2.438898;4117856
28.04.2020;3.550000;2.613105;3180434
29.04.2020;3.750000;2.689756;4375573
04.05.2020;3.750000;2.613105;3460024
05.05.2020;3.750000;2.543422;2508807
06.05.2020;3.670000;2.501613;5751159
07.05.2020;3.580000;2.494644;10250806
08.05.2020;3.670000;2.522518;6205500
11.05.2020;3.680000;2.536454;4983500
12.05.2020;3.640000;2.480708;8935342
13.05.2020;3.560000;2.508581;5102500
14.05.2020;3.560000;2.404057;7488105
15.05.2020;3.480000;2.390121;5518500
18.05.2020;3.440000;2.369215;3289500
19.05.2020;3.460000;2.459803;4932000
20.05.2020;3.630000;2.431930;4752272
21.05.2020;3.600000;2.466771;3399000
22.05.2020;3.560000;2.369215;6188000
25.05.2020;3.400000;2.313469;5537500
26.05.2020;3.320000;2.424962;9114000
27.05.2020;3.520000;2.459803;4441500
28.05.2020;3.550000;2.404057;3817074
29.05.2020;3.400000;2.376184;7833530
01.06.2020;3.470000;2.438898;5516225
02.06.2020;3.510000;2.522518;5649000
03.06.2020;3.650000;2.606137;9600763
04.06.2020;3.460000;2.652128;5815000
05.06.2020;3.400000;2.621468;2467250
08.06.2020;3.450000;2.644463;2978500
09.06.2020;3.420000;2.705784;3662721
10.06.2020;3.540000;2.751774;4113500
11.06.2020;3.550000;2.690454;2202900
12.06.2020;3.500000;2.698119;4254400
15.06.2020;3.520000;2.621468;3110290
16.06.2020;3.460000;2.698119;3446500
17.06.2020;3.590000;2.705784;1668035
18.06.2020;3.540000;2.782435;5040476
19.06.2020;3.630000;2.759439;9542301
22.06.2020;3.570000;2.728779;6255661
23.06.2020;3.500000;2.659793;2619221
24.06.2020;3.430000;2.636798;3337637
26.06.2020;3.590000;2.606137;2271893
29.06.2020;3.510000;2.721114;7969840
30.06.2020;3.550000;2.636798;6495500
02.07.2020;3.540000;2.759439;6643500
03.07.2020;3.690000;2.836091;6245800
06.07.2020;3.750000;3.234676;14480018
07.07.2020;4.150000;3.204016;11770931
08.07.2020;4.270000;3.311327;8676000
09.07.2020;4.340000;3.364983;9910314
10.07.2020;4.500000;3.395643;9269500
13.07.2020;4.500000;3.610267;12438568
14.07.2020;4.700000;3.617932;10494500
15.07.2020;4.770000;3.679253;9803500
16.07.2020;4.750000;3.403308;10505000
17.07.2020;4.350000;3.364983;7189000
20.07.2020;4.380000;3.594937;6807796
21.07.2020;4.770000;3.456964;8023126
22.07.2020;4.670000;3.571941;8063990
23.07.2020;4.800000;3.548946;4221147
24.07.2020;4.650000;3.487625;8250500
27.07.2020;4.520000;3.403308;2402168
28.07.2020;4.500000;3.487625;2411000
29.07.2020;4.510000;3.525950;3183435
30.07.2020;4.610000;3.525950;1626564
31.07.2020;4.650000;3.410974;4088618
03.08.2020;4.510000;3.464629;2652922
04.08.2020;4.680000;3.587272;6015710
05.08.2020;4.710000;3.617932;2678083
06.08.2020;4.760000;3.794230;7753550
07.08.2020;4.980000;3.709913;2968000
10.08.2020;4.960000;3.602601;2484500
11.08.2020;4.790000;3.702248;5560186
12.08.2020;4.850000;3.679253;2682500
13.08.2020;4.770000;3.587272;1024790
14.08.2020;4.730000;3.648592;1735490
17.08.2020;4.900000;3.648592;2129391
18.08.2020;4.760000;3.717578;5505229
19.08.2020;4.940000;3.663923;1741667
20.08.2020;4.830000;3.717578;3727620
21.08.2020;4.840000;3.640927;3271722
24.08.2020;4.950000;3.725243;2524500
25.08.2020;4.900000;4.100834;15637000
26.08.2020;5.300000;4.070173;9107757
27.08.2020;5.340000;4.008852;2707810
28.08.2020;5.250000;3.985857;3575000
31.08.2020;5.270000;3.832555;6232000
01.09.2020;5.070000;4.054843;8033931
02.09.2020;5.340000;4.108499;5708500
03.09.2020;5.350000;3.939866;2794500
04.09.2020;5.100000;4.001187;3471000
07.09.2020;5.320000;3.901541;2369832
08.09.2020;5.090000;3.916871;2354120
09.09.2020;5.120000;3.702248;8112587
10.09.2020;4.940000;3.679253;6092000
11.09.2020;4.850000;3.755904;7741000
14.09.2020;4.950000;3.824889;3617000
15.09.2020;5.000000;3.863215;4180700
16.09.2020;5.040000;3.801894;4751976
17.09.2020;4.960000;3.817224;2194541
18.09.2020;5.020000;3.832555;6513067
21.09.2020;5.020000;3.778899;2804860
22.09.2020;4.880000;3.679253;2337555
23.09.2020;4.750000;3.617932;7296405
24.09.2020;4.650000;3.702248;6097500
25.09.2020;4.850000;3.594937;3220000
28.09.2020;4.700000;3.610267;2657000
29.09.2020;4.500000;3.640927;2968500
30.09.2020;4.810000;3.702248;2517500
05.10.2020;4.770000;3.648592;2189357
06.10.2020;4.790000;3.748238;3684440
07.10.2020;4.850000;3.855550;3830877
08.10.2020;5.030000;4.100834;12571872
09.10.2020;5.380000;4.047178;7424156
12.10.2020;5.330000;4.208145;10836000
14.10.2020;5.530000;4.269465;13272508
15.10.2020;5.580000;4.254136;2699631
16.10.2020;5.490000;4.338452;8608500
19.10.2020;5.670000;4.376777;2594104
20.10.2020;5.710000;4.384442;5143447
21.10.2020;5.760000;4.399772;4884648
22.10.2020;5.780000;4.376777;6204500
23.10.2020;5.680000;4.254136;7859500
27.10.2020;5.700000;4.361447;8882354
28.10.2020;5.600000;4.346117;7034500
29.10.2020;5.490000;4.307792;3709260
02.11.2020;5.710000;4.422768;5769239
03.11.2020;5.870000;4.445764;8332344
04.11.2020;5.800000;4.407438;4459084
05.11.2020;5.700000;4.336605;5664500
06.11.2020;5.510000;4.580587;5395500
09.11.2020;5.880000;4.682903;6162000
10.11.2020;6.000000;4.840312;9286105
11.11.2020;6.100000;4.911146;8257599
12.11.2020;6.220000;4.856052;6303710
13.11.2020;6.170000;5.068554;10884775
16.11.2020;6.470000;5.391241;21108200
17.11.2020;6.920000;5.257444;6005500
18.11.2020;6.610000;5.540779;14507000
19.11.2020;7.070000;5.351889;8863348
20.11.2020;6.810000;5.438464;15548769
23.11.2020;7.000000;5.839855;20631876
24.11.2020;7.420000;5.761151;13930782
25.11.2020;6.660000;5.273185;40613150
26.11.2020;6.710000;5.328278;30352147
27.11.2020;6.800000;5.406982;25022935
30.11.2020;6.990000;5.328278;62090074
01.12.2020;6.880000;5.627354;26142500
02.12.2020;7.220000;5.674577;24416000
03.12.2020;7.210000;5.525038;28758516
04.12.2020;6.820000;5.595872;19733919
07.12.2020;7.070000;5.336149;21147118
08.12.2020;6.710000;5.257444;20724726
09.12.2020;6.750000;5.454205;10700000
10.12.2020;7.010000;5.580131;14842500
11.12.2020;7.180000;5.603743;17378277
14.12.2020;7.000000;5.501427;12121040
15.12.2020;6.920000;5.619484;14028804
16.12.2020;7.140000;5.690318;11068500
17.12.2020;7.280000;5.918560;22867876
18.12.2020;7.600000;6.052357;18219259
21.12.2020;7.690000;5.934301;10642998
22.12.2020;7.530000;5.650965;13087000
23.12.2020;7.180000;5.635225;10875072
24.12.2020;7.050000;5.548650;0
28.12.2020;7.110000;5.509297;10687000
29.12.2020;7.330000;5.430593;10736146
30.12.2020;6.950000;5.572261;9921447
31.12.2020;7.070000;5.564390;0
04.01.2021;7.070000;5.690318;8957000
05.01.2021;7.330000;5.831985;13873790
06.01.2021;7.410000;6.060227;23052480
07.01.2021;7.720000;6.099579;24546378
08.01.2021;7.420000;5.446334;81107014
11.01.2021;7.060000;5.391241;26382245
12.01.2021;6.970000;5.509297;22078048
13.01.2021;7.130000;5.446334;21669707
14.01.2021;7.010000;5.493556;18382599
15.01.2021;7.020000;5.454205;11690649
18.01.2021;6.930000;5.430593;10131000
19.01.2021;6.900000;5.414853;16257500
20.01.2021;6.930000;5.556520;19240960
21.01.2021;7.150000;5.887078;34183799
22.01.2021;7.480000;5.548650;20503000
25.01.2021;7.070000;5.761151;19435640
26.01.2021;7.440000;5.666707;15054060
27.01.2021;7.200000;5.698188;20336732
28.01.2021;7.020000;5.517168;27910141
29.01.2021;6.970000;5.391241;19910551
01.02.2021;6.850000;5.588002;29631653
02.02.2021;7.040000;5.776892;22592634
03.02.2021;7.240000;5.713930;11863214
04.02.2021;7.200000;5.729670;22932256
05.02.2021;7.300000;6.304211;53141865
08.02.2021;8.200000;6.705603;48847017
09.02.2021;8.520000;6.878752;16265978
10.02.2021;8.750000;7.036159;17401600
11.02.2021;9.150000;7.201438;0
16.02.2021;9.290000;7.799591;25559701
17.02.2021;9.910000;7.634313;13448100
18.02.2021;9.730000;7.413940;30240721
19.02.2021;9.410000;7.673665;13168976
22.02.2021;9.990000;8.216723;57608520
23.02.2021;10.300000;7.799591;29567600
24.02.2021;10.180000;7.500516;31680677
25.02.2021;10.100000;8.169500;40840800
26.02.2021;9.430000;7.571348;37279682
01.03.2021;9.620000;7.815332;15690971
02.03.2021;10.180000;7.831073;25686613
03.03.2021;9.920000;8.736172;48521469
04.03.2021;10.780000;8.657468;49557958
05.03.2021;10.640000;7.838943;62949268
08.03.2021;10.440000;8.059316;56104819
09.03.2021;10.540000;8.027833;32420000
10.03.2021;10.520000;8.594504;37704518
11.03.2021;10.120000;8.751913;46696350
12.03.2021;11.220000;9.413029;99826137
15.03.2021;12.700000;9.759327;66410834
16.03.2021;12.600000;9.397288;44459115
17.03.2021;12.100000;9.444510;39778797
18.03.2021;12.220000;9.334325;30945149
19.03.2021;11.560000;9.224138;35988502
22.03.2021;11.500000;9.239880;26829314
23.03.2021;11.800000;8.153761;57047447
24.03.2021;10.100000;7.744497;42987313
25.03.2021;9.800000;8.075056;34304788
26.03.2021;10.440000;8.185242;23377268
29.03.2021;10.580000;8.311170;22658061
30.03.2021;10.580000;8.578764;12796019
31.03.2021;10.800000;8.169500;32550173
01.04.2021;10.200000;8.500059;23571212
07.04.2021;11.060000;8.688949;18875144
08.04.2021;11.000000;9.098212;35130898
09.04.2021;11.820000;8.893580;17018843
12.04.2021;11.320000;8.563023;14134937
13.04.2021;10.900000;8.736172;19045114
14.04.2021;11.300000;9.129692;19926864
15.04.2021;11.600000;9.475991;20289872
16.04.2021;12.080000;9.255620;14434282
19.04.2021;11.720000;9.397288;14509020
20.04.2021;11.900000;9.145434;27420735
21.04.2021;11.400000;9.003766;19474458
22.04.2021;11.560000;9.428770;26868916
23.04.2021;11.980000;9.444510;22844464
26.04.2021;12.140000;9.633401;35598129
27.04.2021;12.300000;9.759327;22905354
28.04.2021;12.260000;9.381547;16580479
29.04.2021;11.980000;9.775068;14696230
30.04.2021;12.280000;9.680623;10009932
03.05.2021;12.200000;9.444510;12800677
04.05.2021;12.220000;10.294517;27698000
05.05.2021;12.920000;10.546370;24103354
06.05.2021;13.400000;10.829705;39525362
07.05.2021;13.880000;10.751001;35642665
10.05.2021;13.740000;11.065818;39683366
11.05.2021;13.780000;10.735260;31273906
12.05.2021;13.920000;10.845447;23955606
13.05.2021;13.380000;9.790809;47981721
14.05.2021;12.440000;9.649140;45129341
17.05.2021;12.500000;9.601918;24782532
18.05.2021;12.500000;9.806550;19029680
20.05.2021;11.700000;9.271361;70086095
21.05.2021;11.760000;9.570436;25910096
24.05.2021;12.040000;9.365807;14838848
25.05.2021;12.000000;9.570436;13677853
26.05.2021;12.180000;9.460252;13305757
27.05.2021;12.020000;9.460252;53221463
28.05.2021;12.940000;9.869514;31375963
31.05.2021;12.540000;9.853774;16435650
01.06.2021;12.520000;9.680623;17200508
02.06.2021;12.420000;9.460252;20424673
03.06.2021;11.880000;9.361706;17564890
04.06.2021;11.280000;8.918257;28823742
07.06.2021;11.140000;9.181043;15175235
08.06.2021;11.180000;8.885409;22330698
09.06.2021;10.940000;9.098923;15116564
10.06.2021;10.960000;9.066073;10068651
11.06.2021;11.200000;9.361706;24040647
15.06.2021;11.260000;9.213890;17843928
16.06.2021;11.180000;8.409113;45454197
17.06.2021;10.200000;8.474808;23317028
18.06.2021;10.020000;8.212024;65204768
21.06.2021;9.600000;8.138116;39281214
22.06.2021;10.060000;8.203811;20828142
23.06.2021;10.180000;8.376264;26578070
24.06.2021;10.260000;8.556929;18089000
25.06.2021;10.600000;8.770441;33210187
28.06.2021;10.740000;8.409113;22996845
29.06.2021;10.160000;8.458385;16469441
30.06.2021;10.580000;8.639050;40246661
02.07.2021;10.740000;8.540504;16592652
05.07.2021;10.540000;8.803290;25679605
06.07.2021;10.800000;8.803290;20214180
07.07.2021;10.380000;8.704746;18701783
08.07.2021;10.600000;8.425536;21428958
09.07.2021;10.180000;8.721169;24754089
12.07.2021;10.860000;8.622624;19208118
13.07.2021;10.640000;8.770441;13741975
14.07.2021;10.760000;8.294145;38991643
15.07.2021;10.120000;8.441960;19875000
16.07.2021;10.360000;8.655473;26381947
19.07.2021;10.580000;8.622624;16782500
20.07.2021;10.360000;8.113480;19422014
21.07.2021;10.120000;8.244872;15801222
22.07.2021;10.260000;8.540504;15068652
23.07.2021;10.480000;8.507656;17107000
26.07.2021;10.500000;8.326993;16515792
27.07.2021;10.440000;8.023148;27264825
28.07.2021;9.550000;7.768575;24785426
29.07.2021;9.920000;8.179175;15492709
30.07.2021;10.040000;8.458385;24785771
02.08.2021;10.280000;8.491233;17401670
03.08.2021;10.420000;8.170963;17823500
04.08.2021;10.140000;8.425536;18563200
05.08.2021;10.160000;8.097055;13045933
06.08.2021;9.870000;8.146327;13241271
09.08.2021;10.160000;8.039571;8071092
10.08.2021;9.900000;8.138116;6732600
11.08.2021;10.120000;8.967529;38431700
12.08.2021;11.000000;9.394555;41221376
13.08.2021;11.440000;9.558796;21917746
16.08.2021;11.760000;9.296010;22330600
17.08.2021;11.420000;9.033226;23319000
18.08.2021;10.980000;9.131770;15379483
19.08.2021;10.900000;8.819713;19209731
20.08.2021;10.600000;8.474808;28680553
23.08.2021;10.600000;8.754017;25551141
24.08.2021;11.020000;8.786865;17125623
25.08.2021;10.880000;9.328858;35641277
26.08.2021;11.260000;9.427402;25341173
27.08.2021;11.480000;9.525948;19819500
30.08.2021;11.700000;9.279587;38158100
31.08.2021;11.140000;9.525948;30374682
01.09.2021;11.600000;9.213890;26760297
02.09.2021;11.320000;9.378130;17339859
03.09.2021;11.440000;9.049650;23440000
06.09.2021;11.040000;8.688321;52882737
07.09.2021;10.880000;9.197467;32304242
08.09.2021;11.300000;9.443827;23087343
09.09.2021;11.600000;10.807023;88937753
10.09.2021;13.300000;10.987688;62179106
13.09.2021;13.800000;11.398289;76031391
14.09.2021;14.000000;10.971263;40360113
15.09.2021;13.140000;10.839872;22665963
16.09.2021;13.060000;10.478542;27701710
17.09.2021;12.760000;9.969398;43965550
20.09.2021;12.100000;9.509523;21296985
21.09.2021;11.460000;9.493099;18653543
23.09.2021;12.000000;9.542373;32614100
24.09.2021;11.720000;8.819713;40111375
27.09.2021;10.820000;8.326993;27129785
28.09.2021;10.100000;8.474808;42686474
29.09.2021;10.300000;8.212024;16738664
30.09.2021;9.870000;8.228447;14904987
04.10.2021;10.020000;8.088843;11944100
05.10.2021;9.850000;8.359840;11411607
06.10.2021;10.300000;8.138116;13484870
07.10.2021;10.080000;8.195599;11756013
08.10.2021;10.120000;7.982087;24124564
11.10.2021;9.630000;7.702878;26007848
12.10.2021;9.560000;7.743939;29545204
15.10.2021;9.650000;7.883543;36535496
18.10.2021;9.800000;8.162750;20729178
19.10.2021;10.020000;8.170963;16960318
20.10.2021;9.820000;7.990299;22684192
21.10.2021;9.630000;8.047783;16725029
22.10.2021;9.600000;7.678242;17643096
25.10.2021;9.390000;7.686453;13139867
26.10.2021;9.440000;7.555062;11282483
27.10.2021;9.360000;7.267641;34062473
28.10.2021;8.850000;6.873464;35351621
29.10.2021;8.710000;7.103401;22859771
01.11.2021;8.700000;6.914524;19606936
02.11.2021;8.500000;6.799555;21712704
03.11.2021;8.260000;6.939160;19412706
04.11.2021;8.240000;6.748333;17693143
05.11.2021;7.660000;6.271266;42223521
08.11.2021;7.220000;6.227896;37961378
09.11.2021;7.270000;6.288614;24365301
10.11.2021;7.200000;6.305962;45524900
11.11.2021;7.250000;6.505462;18312234
12.11.2021;7.740000;6.635572;22316235
15.11.2021;7.700000;6.540158;9174774
16.11.2021;7.560000;6.462092;13152532
17.11.2021;7.400000;6.505462;11824323
18.11.2021;7.400000;6.609550;18705715
19.11.2021;7.600000;6.609550;12139069
22.11.2021;7.750000;6.626897;7502836
23.11.2021;7.540000;6.895790;19888509
24.11.2021;7.950000;6.687615;11379677
25.11.2021;7.740000;6.722311;4163531
26.11.2021;7.670000;6.505462;6929000
29.11.2021;7.300000;6.488115;12629348
30.11.2021;7.480000;6.557506;17887738
01.12.2021;7.480000;6.600876;9689834
02.12.2021;7.610000;6.331984;19566251
03.12.2021;7.700000;6.479441;9561315
06.12.2021;7.470000;6.340658;13953863
07.12.2021;7.350000;6.574854;10800058
08.12.2021;7.630000;6.713637;9779675
09.12.2021;7.740000;6.817725;6393005
10.12.2021;7.810000;6.713637;9132973
13.12.2021;7.840000;6.739659;10126861
14.12.2021;7.770000;6.574854;9926530
15.12.2021;7.650000;6.496789;5234422
16.12.2021;7.570000;6.843747;13191114
17.12.2021;7.890000;7.025900;16884428
20.12.2021;8.150000;6.661593;12215220
21.12.2021;7.500000;6.696289;9049025
22.12.2021;7.850000;6.895790;6013671
23.12.2021;8.070000;7.355509;25543362
24.12.2021;8.380000;7.268770;0
28.12.2021;8.560000;7.225400;6962507
29.12.2021;8.360000;7.060596;3143060
30.12.2021;8.140000;6.982530;4590287
31.12.2021;8.060000;7.138660;4500170
03.01.2022;8.230000;7.346836;6740650
04.01.2022;8.610000;7.303466;9387300
05.01.2022;8.440000;7.182030;9865134
06.01.2022;8.310000;7.216726;10191872
07.01.2022;8.330000;7.329487;9515601
10.01.2022;8.480000;7.581032;17470605
11.01.2022;8.800000;7.849925;27846118
12.01.2022;9.160000;7.901968;14625746
13.01.2022;9.250000;8.084121;17065819
14.01.2022;9.280000;7.745837;11809375
17.01.2022;8.920000;7.659098;11962800
18.01.2022;8.860000;7.719815;9165146
19.01.2022;8.900000;7.797881;16537426
20.01.2022;8.990000;7.797881;12832900
21.01.2022;8.990000;8.014729;16142310
24.01.2022;9.150000;7.867272;15120651
25.01.2022;8.990000;7.537662;15804283
26.01.2022;8.820000;7.980034;24640900
27.01.2022;9.190000;7.737164;13435000
28.01.2022;8.920000;7.485619;12226000
31.01.2022;8.710000;7.555011;0
04.02.2022;8.800000;7.780533;8212944
07.02.2022;9.090000;7.789207;8359500
08.02.2022;8.950000;8.162187;22787804
09.02.2022;9.800000;8.647928;44863595
10.02.2022;10.220000;9.142344;43109221
11.02.2022;10.160000;9.107647;24220643
14.02.2022;10.480000;9.142344;19575328
15.02.2022;10.540000;9.072951;18703000
16.02.2022;10.460000;9.142344;10859392
17.02.2022;10.740000;9.229083;15102500
18.02.2022;10.520000;9.315822;13690586
21.02.2022;10.640000;9.333171;11242896
22.02.2022;10.800000;9.471953;14330751
23.02.2022;11.000000;9.419909;11039290
24.02.2022;10.420000;9.298475;25861454
25.02.2022;10.720000;9.298475;13808893
28.02.2022;10.980000;9.419909;15707991
01.03.2022;10.720000;9.177039;22340111
02.03.2022;10.860000;9.628084;30565850
03.03.2022;11.300000;10.044434;30284488
04.03.2022;11.580000;9.818911;75006156
07.03.2022;11.700000;9.975042;46905417
08.03.2022;11.100000;8.986212;65055747
09.03.2022;10.000000;8.725994;37515444
10.03.2022;10.040000;8.673950;20563210
11.03.2022;10.080000;8.708645;25954303
14.03.2022;9.940000;7.971360;28997823
15.03.2022;8.920000;6.965182;50811852
16.03.2022;8.740000;7.546336;30923474
17.03.2022;8.740000;8.318318;31070500
18.03.2022;9.360000;8.743340;27187042
21.03.2022;10.080000;8.673950;22523446
22.03.2022;10.140000;9.159691;21031500
23.03.2022;10.660000;8.899472;24017048
24.03.2022;10.520000;9.471953;28217586
25.03.2022;10.800000;9.281126;24994555
28.03.2022;10.660000;9.211735;13302000
29.03.2022;10.640000;9.211735;17442271
30.03.2022;10.560000;8.934169;18847482
31.03.2022;10.480000;9.072951;14960476
01.04.2022;10.200000;9.142344;10143392
04.04.2022;10.280000;9.177039;7538803
06.04.2022;10.620000;9.107647;17356500
07.04.2022;10.420000;8.986212;13926622
08.04.2022;10.360000;9.142344;18290812
11.04.2022;10.260000;8.812733;13828811
12.04.2022;10.000000;8.561188;24272614
13.04.2022;9.870000;9.003560;18206255
14.04.2022;10.540000;9.194387;13201000
19.04.2022;10.580000;9.471953;28815444
20.04.2022;10.920000;9.177039;18268927
21.04.2022;10.700000;9.281126;12592970
22.04.2022;10.660000;9.385214;18962644
25.04.2022;10.620000;8.760690;24141377
26.04.2022;10.020000;8.170861;28154722
27.04.2022;10.100000;8.474449;23931385
28.04.2022;9.690000;8.543840;9717313
29.04.2022;9.950000;8.665275;14563481
03.05.2022;9.790000;8.500470;5890601
04.05.2022;9.630000;8.361689;4126126
05.05.2022;9.750000;8.222904;13448475
06.05.2022;9.290000;7.789207;14877597
10.05.2022;8.360000;7.563685;18933395
11.05.2022;8.720000;7.581032;13103040
12.05.2022;8.720000;7.476945;16125234
13.05.2022;8.620000;7.771859;19130943
16.05.2022;9.050000;7.702467;17831980
17.05.2022;8.920000;8.066773;20087213
18.05.2022;9.350000;8.049426;9299819
19.05.2022;9.020000;8.066773;12657110
20.05.2022;9.420000;8.457101;32566054
23.05.2022;9.670000;9.122578;44198328
24.05.2022;9.870000;8.873024;14032840
25.05.2022;9.600000;8.817568;19006823
26.05.2022;9.600000;8.678926;18029366
27.05.2022;9.520000;8.743627;6358104
30.05.2022;9.460000;8.817568;8084047
31.05.2022;9.550000;9.002422;28753474
01.06.2022;9.730000;9.020908;8165074
02.06.2022;9.650000;8.983937;9982000
06.06.2022;9.780000;9.104094;15165644
07.06.2022;9.810000;9.233490;14653202
08.06.2022;10.000000;9.196520;20647021
09.06.2022;9.980000;9.030151;13032640
10.06.2022;9.500000;8.919237;69236329
13.06.2022;9.200000;8.595742;33046685
14.06.2022;9.360000;8.577257;18073881
15.06.2022;9.210000;8.577257;17171751
16.06.2022;9.300000;8.568014;19171479
17.06.2022;9.300000;8.318460;21274316
20.06.2022;8.960000;8.263003;14434645
21.06.2022;8.810000;8.466344;6400450
22.06.2022;8.980000;8.355432;26020100
23.06.2022;8.940000;8.179819;16169161
24.06.2022;8.710000;7.837838;47192633
27.06.2022;8.480000;8.050421;20060837
28.06.2022;8.700000;8.281489;20871900
29.06.2022;8.380000;8.087392;22217500
30.06.2022;8.750000;8.198304;21418730
04.07.2022;8.700000;7.948751;16394152
05.07.2022;8.730000;8.133606;13059967
06.07.2022;8.620000;7.856323;21439856
07.07.2022;8.490000;8.031935;16734633
08.07.2022;8.900000;8.013450;12496410
11.07.2022;8.670000;7.847081;10866319
12.07.2022;8.540000;7.726925;6463476
13.07.2022;8.310000;7.579041;14327574
14.07.2022;8.350000;7.440401;12053500
15.07.2022;8.050000;7.153876;18260964
18.07.2022;7.850000;7.551313;13731380
19.07.2022;8.070000;7.532827;10656893
20.07.2022;8.260000;7.394187;11239722
21.07.2022;8.010000;7.495856;10904528
22.07.2022;8.110000;7.301759;14499500
25.07.2022;7.900000;7.274031;5368758
26.07.2022;7.990000;7.523585;7530580
27.07.2022;8.200000;7.421915;10176000
28.07.2022;8.150000;7.588284;9181009
29.07.2022;8.250000;7.542070;12460500
01.08.2022;8.160000;7.301759;14331060
02.08.2022;7.880000;7.042963;14601338
03.08.2022;7.650000;7.144633;7518081
04.08.2022;7.740000;7.172361;4910497
05.08.2022;7.860000;7.246303;9421632
08.08.2022;7.830000;7.181604;5498500
09.08.2022;7.660000;7.264789;16595263
10.08.2022;7.800000;7.061448;8400773
11.08.2022;7.740000;7.311002;10299000
12.08.2022;7.930000;7.671469;18815000
15.08.2022;8.270000;7.440401;19706074
16.08.2022;8.070000;7.329487;13853941
17.08.2022;7.990000;7.440401;5841064
18.08.2022;8.050000;7.255546;8647865
19.08.2022;7.870000;7.116905;15801528
22.08.2022;7.670000;7.421915;17018761
23.08.2022;7.940000;7.477372;8245670
24.08.2022;8.090000;7.477372;11224427
25.08.2022;8.190000;7.893294;23841792
26.08.2022;8.540000;7.791625;8989000
29.08.2022;8.000000;7.458886;19468012
30.08.2022;7.960000;7.107662;24019200
31.08.2022;7.650000;7.079934;25916705
01.09.2022;7.560000;6.765681;20630249
02.09.2022;7.320000;6.488399;22821636
05.09.2022;7.000000;6.710225;15590856
06.09.2022;7.340000;6.830380;13959132
07.09.2022;7.310000;6.959779;18161688
08.09.2022;7.610000;6.913565;8783975
09.09.2022;7.540000;7.209332;21804001
13.09.2022;7.810000;7.255546;11273893
14.09.2022;7.740000;7.246303;9109689
15.09.2022;7.900000;7.200089;8504099
16.09.2022;7.680000;7.061448;11079473
19.09.2022;7.490000;6.959779;7678001
20.09.2022;7.500000;6.904322;12132797
21.09.2022;7.460000;6.913565;9043500
22.09.2022;7.310000;6.830380;10753972
23.09.2022;7.390000;6.664011;9020754
26.09.2022;7.120000;6.220359;22777565
27.09.2022;6.750000;6.359001;20411300
28.09.2022;6.880000;5.832165;30499121
29.09.2022;6.390000;5.758223;15294336
30.09.2022;6.360000;6.007777;12287439
03.10.2022;6.350000;5.970806;6691037
05.10.2022;6.790000;6.220359;8907020
06.10.2022;6.730000;6.164903;3893500
07.10.2022;6.680000;6.081718;4775500
10.10.2022;6.460000;5.813679;10302231
11.10.2022;6.220000;5.832165;14687077
12.10.2022;6.270000;6.053990;12107261
13.10.2022;6.660000;5.952321;18305236
14.10.2022;6.680000;6.063233;13235605
17.10.2022;6.560000;5.980049;8619501
18.10.2022;6.480000;5.989292;6743228
19.10.2022;6.470000;5.813679;9774900
20.10.2022;6.200000;5.499426;33298866
21.10.2022;6.020000;5.499426;25320719
24.10.2022;5.950000;5.203659;19475266
25.10.2022;5.780000;5.148203;23427880
26.10.2022;5.640000;5.351542;27486264
27.10.2022;5.920000;5.591854;34659500
28.10.2022;6.050000;5.379271;16340832
31.10.2022;5.850000;5.148203;18792121
01.11.2022;5.670000;5.619582;22218143
02.11.2022;6.040000;5.804437;11575925
03.11.2022;6.120000;5.517911;10279917
04.11.2022;5.970000;5.795194;17335397
07.11.2022;6.250000;6.137175;25345981
08.11.2022;6.790000;6.109447;11933100
09.11.2022;6.610000;6.192631;17433877
10.11.2022;6.280000;6.133561;18447552
11.11.2022;6.410000;6.468297;18491500
14.11.2022;6.620000;6.753808;25485716
15.11.2022;6.910000;6.950712;29471158
16.11.2022;7.100000;7.177152;30123640
17.11.2022;7.210000;6.970403;29131086
18.11.2022;7.080000;6.734118;22193983
21.11.2022;6.770000;6.556904;17703823
22.11.2022;6.730000;6.556904;8076739
23.11.2022;6.700000;6.527369;6678566
24.11.2022;6.670000;6.665201;5836666
25.11.2022;6.880000;6.773499;4993500
28.11.2022;6.860000;6.684892;11330228
29.11.2022;6.880000;6.970403;14332702
30.11.2022;7.090000;7.118081;25274663
01.12.2022;7.270000;7.186997;23660979
02.12.2022;7.300000;6.921177;13745493
05.12.2022;7.170000;7.472508;22828630
06.12.2022;7.560000;7.354365;13893756
07.12.2022;7.450000;7.068854;13467448
08.12.2022;7.270000;7.147616;15953432
09.12.2022;7.260000;7.393746;19113500
12.12.2022;7.500000;7.196842;12732265
13.12.2022;7.410000;7.255913;7921177
14.12.2022;7.530000;7.403592;12797537
15.12.2022;7.230000;7.374055;8430739
16.12.2022;7.400000;7.383901;9060796
19.12.2022;7.530000;7.265759;16309596
20.12.2022;7.430000;7.068854;11469380
21.12.2022;7.250000;7.147616;4557537
22.12.2022;7.380000;7.196842;5651164
23.12.2022;7.250000;7.177152;5637848
28.12.2022;7.340000;7.393746;9851339
29.12.2022;7.500000;7.275604;9740101
30.12.2022;7.470000;7.255913;6579795
03.01.2023;7.370000;7.403592;7773484
04.01.2023;7.550000;7.305140;26912828
05.01.2023;7.410000;7.462663;11176252
06.01.2023;7.740000;7.423282;20654390
09.01.2023;7.720000;7.856471;27584602
10.01.2023;8.000000;8.033684;34898850
11.01.2023;8.300000;8.004148;30074798
12.01.2023;8.240000;8.151827;28731139
13.01.2023;8.440000;8.289660;14382253
16.01.2023;8.500000;8.309350;30942004
17.01.2023;8.460000;8.516099;33418272
18.01.2023;8.750000;8.575171;27714184
19.01.2023;8.560000;8.525945;5779193
20.01.2023;8.650000;8.811455;13377805
26.01.2023;9.060000;8.978824;10870867
27.01.2023;9.120000;8.998514;4492310
30.01.2023;9.200000;8.772075;31996335
31.01.2023;9.000000;8.919753;24698974
01.02.2023;9.150000;9.156037;34191578
02.02.2023;9.400000;9.136347;20076906
03.02.2023;9.140000;8.742539;24734638
06.02.2023;8.700000;8.348730;35042564
07.02.2023;8.480000;8.437337;19016295
08.02.2023;8.630000;8.545635;12255493
09.02.2023;8.680000;8.614552;9754500
10.02.2023;8.750000;8.427493;8436000
13.02.2023;8.480000;8.378266;10029581
14.02.2023;8.590000;8.358576;11015698
15.02.2023;8.490000;8.210898;17939003
16.02.2023;8.340000;7.866316;35369386
17.02.2023;8.010000;8.151827;29539781
20.02.2023;8.400000;8.959134;78701437
21.02.2023;9.120000;9.057585;40670486
22.02.2023;9.080000;8.870526;26277824
23.02.2023;9.000000;8.713003;10823470
24.02.2023;8.850000;8.525945;14610896
27.02.2023;8.580000;8.260124;15185090
28.02.2023;8.500000;8.260124;24624496
01.03.2023;8.400000;8.742539;20349189
02.03.2023;8.780000;8.683467;16296893
03.03.2023;8.860000;8.653932;10461679
06.03.2023;8.760000;8.653932;11538204
07.03.2023;8.790000;8.663777;16973683
08.03.2023;8.740000;8.565325;11013399
09.03.2023;8.640000;8.279814;21008929
10.03.2023;8.370000;8.063219;23812841
13.03.2023;8.150000;8.181363;19103938
14.03.2023;8.310000;7.984458;21792240
15.03.2023;8.110000;7.994303;11615880
16.03.2023;8.010000;7.649722;14617627
17.03.2023;7.810000;7.905696;23036404
20.03.2023;7.950000;7.777709;18037615
21.03.2023;7.890000;7.866316;13521204
22.03.2023;7.990000;7.698947;27617704
23.03.2023;7.800000;7.905696;15376619
24.03.2023;8.070000;7.915542;15328351
27.03.2023;7.870000;7.275604;41143106
28.03.2023;7.430000;7.177152;32548722
29.03.2023;7.390000;7.196842;15111064
30.03.2023;7.310000;7.314984;12164234
31.03.2023;7.560000;7.403592;14733632
03.04.2023;7.540000;7.127925;25000526
04.04.2023;7.240000;7.186997;16451077
06.04.2023;7.130000;7.167307;11442929
11.04.2023;7.280000;7.600495;28011052
12.04.2023;7.720000;7.590650;12093041
13.04.2023;7.700000;7.689102;14665452
14.04.2023;7.830000;8.141982;40945505
17.04.2023;8.360000;8.319195;50555800
18.04.2023;8.370000;8.427493;22235770
19.04.2023;8.570000;8.417647;19773816
20.04.2023;8.510000;8.407802;18423262
21.04.2023;8.530000;7.994303;16557464
24.04.2023;8.100000;7.895852;14857113
25.04.2023;8.100000;7.708793;20090641
26.04.2023;7.850000;7.580805;17010620
27.04.2023;7.540000;7.551270;15363203
28.04.2023;7.650000;7.570960;7964528
02.05.2023;7.730000;7.570960;6780700
03.05.2023;7.600000;7.472508;5765250
04.05.2023;7.580000;7.570960;8306837
05.05.2023;7.720000;7.570960;4512500
08.05.2023;7.700000;7.826935;13814474
09.05.2023;8.030000;7.541424;14599000
10.05.2023;7.700000;7.511889;9454365
11.05.2023;7.650000;7.255913;21726136
12.05.2023;7.360000;6.753808;49269073
15.05.2023;6.850000;6.704582;16071856
16.05.2023;6.880000;6.724272;12222900
17.05.2023;6.830000;6.576594;7973461
18.05.2023;6.680000;6.497833;21404649
19.05.2023;6.600000;6.409226;17635053
22.05.2023;6.500000;6.360000;10615630
23.05.2023;6.390000;6.110000;17069000
24.05.2023;6.120000;6.060000;22443504
25.05.2023;6.030000;5.920000;18511750
29.05.2023;5.980000;5.860000;15657606
30.05.2023;5.870000;5.800000;18819459
31.05.2023;5.720000;5.560000;38510606
01.06.2023;5.560000;5.670000;27446813
02.06.2023;5.670000;6.300000;40557826
05.06.2023;6.240000;6.060000;23813963
06.06.2023;6.060000;6.170000;31609113
07.06.2023;6.200000;5.870000;33835391
08.06.2023;5.900000;5.950000;19297351
09.06.2023;6.000000;6.040000;18568300
12.06.2023;6.060000;6.140000;14796300
13.06.2023;6.140000;6.170000;14542958
14.06.2023;6.280000;6.220000;16632371
15.06.2023;6.280000;6.420000;19155271
16.06.2023;6.500000;6.500000;24168693
19.06.2023;6.450000;6.440000;28407414
20.06.2023;6.470000;6.320000;12456000
21.06.2023;6.130000;6.250000;20565279
23.06.2023;6.190000;6.120000;6771000
26.06.2023;6.120000;6.060000;10690050
27.06.2023;6.070000;6.340000;12173831
28.06.2023;6.290000;6.410000;6506500
29.06.2023;6.410000;6.240000;8122000
30.06.2023;6.250000;6.360000;10659800
03.07.2023;6.360000;6.650000;14636512
04.07.2023;6.650000;6.690000;7861954
05.07.2023;6.690000;6.670000;15760500
06.07.2023;6.670000;6.450000;9390190
07.07.2023;6.390000;6.430000;14787500
10.07.2023;6.460000;6.340000;15743000
11.07.2023;6.400000;6.460000;9371500
12.07.2023;6.520000;6.440000;11341283
13.07.2023;6.610000;6.670000;15017000
14.07.2023;6.700000;6.850000;18404127
18.07.2023;6.850000;6.700000;17044304
19.07.2023;6.650000;6.630000;20983402
20.07.2023;6.720000;6.750000;15732000
21.07.2023;6.650000;6.640000;12586600
24.07.2023;6.600000;6.390000;24173928
25.07.2023;6.680000;6.880000;64535689
26.07.2023;6.850000;6.920000;44995296
27.07.2023;6.850000;6.890000;33335220
28.07.2023;6.800000;7.120000;30757456
31.07.2023;7.250000;7.490000;69139859
01.08.2023;7.600000;7.520000;37772200
02.08.2023;7.520000;7.300000;32091071
03.08.2023;7.200000;7.250000;29671740
04.08.2023;7.380000;7.360000;28206894
07.08.2023;7.260000;7.400000;21873000
08.08.2023;7.490000;7.680000;47263310
09.08.2023;7.670000;7.590000;32311710
10.08.2023;7.590000;7.600000;21218054
11.08.2023;7.580000;7.440000;28286500
14.08.2023;7.210000;7.420000;22646052
15.08.2023;7.420000;7.200000;23523136
16.08.2023;7.100000;7.190000;19430000
17.08.2023;7.180000;7.180000;16131400
18.08.2023;7.230000;7.130000;22777335
21.08.2023;7.030000;7.260000;23553500
22.08.2023;7.280000;7.420000;18856430
23.08.2023;7.340000;7.310000;22259000
24.08.2023;7.510000;7.430000;19836567
25.08.2023;7.420000;7.540000;28190467
28.08.2023;7.750000;7.520000;19846500
29.08.2023;7.500000;7.700000;17167000
30.08.2023;7.700000;7.940000;36981500
31.08.2023;7.920000;7.820000;24213175
04.09.2023;8.060000;8.320000;92508451
05.09.2023;8.200000;8.110000;56888708
06.09.2023;8.110000;8.030000;19580800
07.09.2023;7.900000;7.940000;16082000
11.09.2023;7.810000;7.910000;23571926
12.09.2023;7.910000;7.760000;35539996
13.09.2023;7.700000;7.750000;11819801
14.09.2023;7.750000;7.880000;27508500
15.09.2023;7.980000;8.090000;41807454
18.09.2023;7.960000;7.950000;17885600
19.09.2023;7.980000;8.040000;16529500
20.09.2023;8.040000;8.060000;23368055
21.09.2023;8.090000;7.760000;18589500
22.09.2023;7.700000;7.780000;27071310
25.09.2023;7.670000;7.640000;7337103
26.09.2023;7.600000;7.610000;16960306
27.09.2023;7.610000;7.350000;20773336
28.09.2023;7.350000;7.390000;16097000
29.09.2023;7.390000;7.670000;13048000
03.10.2023;7.470000;7.460000;6082050
04.10.2023;7.440000;7.310000;6206559
05.10.2023;7.250000;7.310000;3663500
06.10.2023;7.280000;7.300000;6399287
09.10.2023;7.330000;7.290000;9227567
10.10.2023;7.350000;7.120000;25381166
11.10.2023;7.140000;6.920000;29362461
12.10.2023;6.920000;6.880000;30361270
13.10.2023;6.750000;6.670000;25901000
16.10.2023;6.740000;6.500000;22484000
17.10.2023;6.690000;6.430000;26236000
18.10.2023;6.430000;6.550000;22847798
19.10.2023;6.460000;6.410000;25078159
20.10.2023;6.410000;6.500000;24115310
24.10.2023;6.580000;6.750000;38506600
25.10.2023;7.000000;7.070000;50708890
26.10.2023;7.000000;7.130000;24383491