date;ftse_index;ftse_index_change
27.10.2023;4.741,72;1,18%
26.10.2023;4.686,37;0,40%
25.10.2023;4.667,83;2,19%
24.10.2023;4.567,76;1,82%
23.10.2023;4.486,17;-2,73%
20.10.2023;4.612,03;-0,15%
19.10.2023;4.618,92;-1,91%
18.10.2023;4.709,04;-1,28%
17.10.2023;4.770,23;0,37%
16.10.2023;4.752,73;-1,25%
13.10.2023;4.813,00;-1,45%
12.10.2023;4.884,03;2,04%
11.10.2023;4.786,27;-0,61%
10.10.2023;4.815,43;-0,40%
09.10.2023;4.834,72;-0,08%
28.09.2023;4.838,59;0,07%
27.09.2023;4.835,23;-0,24%
26.09.2023;4.846,84;-0,62%
25.09.2023;4.876,99;-0,74%
22.09.2023;4.913,38;0,05%
21.09.2023;4.910,85;-1,15%
20.09.2023;4.967,79;-0,68%
19.09.2023;5.002,00;0,13%
18.09.2023;4.995,74;-0,05%
15.09.2023;4.998,20;-0,02%
14.09.2023;4.999,21;0,51%
13.09.2023;4.973,90;-0,33%
12.09.2023;4.990,16;-0,21%
11.09.2023;5.000,60;0,98%
08.09.2023;4.952,13;-1,08%
07.09.2023;5.006,25;-1,62%
06.09.2023;5.088,72;-0,48%
05.09.2023;5.113,50;-0,65%
04.09.2023;5.146,84;3,37%
01.09.2023;4.978,91;2,76%
31.08.2023;4.845,00;-0,86%
30.08.2023;4.886,81;-0,38%
29.08.2023;4.905,44;0,66%
28.08.2023;4.873,51;1,18%
25.08.2023;4.816,55;-1,01%
24.08.2023;4.865,65;0,77%
23.08.2023;4.828,30;-2,11%
22.08.2023;4.932,39;0,48%
21.08.2023;4.908,69;-1,20%
18.08.2023;4.968,25;-1,64%
17.08.2023;5.051,12;0,28%
16.08.2023;5.037,07;-0,69%
15.08.2023;5.071,83;-0,57%
14.08.2023;5.101,16;-0,56%
11.08.2023;5.129,68;-2,22%
10.08.2023;5.246,22;0,05%
09.08.2023;5.243,62;-0,73%
08.08.2023;5.282,05;-0,07%
07.08.2023;5.285,78;-0,36%
04.08.2023;5.304,65;0,24%
03.08.2023;5.291,88;-0,53%
02.08.2023;5.320,24;-0,41%
01.08.2023;5.341,98;0,76%
31.07.2023;5.301,83;0,84%
28.07.2023;5.257,90;1,53%
27.07.2023;5.178,56;0,03%
26.07.2023;5.177,01;0,47%
25.07.2023;5.153,03;3,58%
24.07.2023;4.975,09;-1,20%
21.07.2023;5.035,27;-0,69%
20.07.2023;5.070,03;0,12%
19.07.2023;5.064,12;0,17%
18.07.2023;5.055,35;0,22%
17.07.2023;5.044,39;-1,55%
14.07.2023;5.123,70;-0,46%
13.07.2023;5.147,40;1,61%
12.07.2023;5.065,73;-0,66%
11.07.2023;5.099,46;0,43%
10.07.2023;5.077,60;-0,20%
07.07.2023;5.087,89;0,09%
06.07.2023;5.083,08;-1,79%
05.07.2023;5.175,67;2,13%
04.07.2023;5.067,90;0,33%
03.07.2023;5.051,02;1,53%
30.06.2023;4.974,93;1,10%
29.06.2023;4.920,61;-0,59%
28.06.2023;4.949,77;-0,24%
27.06.2023;4.961,53;1,68%
26.06.2023;4.879,32;-1,29%
21.06.2023;4.942,99;-1,60%
20.06.2023;5.023,61;-0,81%
19.06.2023;5.064,84;-1,70%
16.06.2023;5.152,47;0,76%
15.06.2023;5.113,68;1,18%
14.06.2023;5.053,86;0,05%
13.06.2023;5.051,51;-0,20%
12.06.2023;5.061,46;0,03%
09.06.2023;5.059,75;0,58%
08.06.2023;5.030,73;0,55%
07.06.2023;5.003,45;-0,54%
06.06.2023;5.030,56;-1,39%
05.06.2023;5.101,71;-0,60%
02.06.2023;5.132,33;2,39%
01.06.2023;5.012,29;0,44%
31.05.2023;4.990,40;-0,77%
30.05.2023;5.029,32;-0,18%
29.05.2023;5.038,17;-0,37%
26.05.2023;5.056,99;0,16%
25.05.2023;5.048,85;-0,78%
24.05.2023;5.088,64;-1,28%
23.05.2023;5.154,85;-1,48%
22.05.2023;5.232,24;0,07%
19.05.2023;5.228,36;-0,45%
18.05.2023;5.252,20;-0,78%
17.05.2023;5.293,36;-0,42%
16.05.2023;5.315,46;-0,84%
15.05.2023;5.360,55;2,39%
12.05.2023;5.235,52;-2,54%
11.05.2023;5.371,82;-0,59%
10.05.2023;5.403,83;0,19%
09.05.2023;5.393,63;-0,65%
08.05.2023;5.428,78;2,48%
05.05.2023;5.297,47;-1,44%
04.05.2023;5.375,11;-0,26%
28.04.2023;5.388,90;1,05%
27.04.2023;5.333,08;-0,02%
26.04.2023;5.334,27;0,91%
25.04.2023;5.286,05;-2,43%
24.04.2023;5.417,90;-2,01%
21.04.2023;5.529,21;-2,36%
20.04.2023;5.663,05;-1,99%
19.04.2023;5.777,98;-0,11%
18.04.2023;5.784,12;-0,41%
17.04.2023;5.808,15;1,60%
14.04.2023;5.716,86;2,17%
13.04.2023;5.595,69;-0,79%
12.04.2023;5.640,42;1,00%
11.04.2023;5.584,81;1,50%
10.04.2023;5.502,11;0,14%
07.04.2023;5.494,52;-0,03%
06.04.2023;5.496,16;0,00%
04.04.2023;5.496,16;-0,36%
03.04.2023;5.516,24;0,23%
31.03.2023;5.503,37;0,60%
30.03.2023;5.470,49;0,69%
29.03.2023;5.433,10;-0,14%
28.03.2023;5.440,95;-1,20%
27.03.2023;5.507,30;-0,51%
24.03.2023;5.535,29;-0,29%
23.03.2023;5.551,65;0,35%
22.03.2023;5.532,26;-0,08%
21.03.2023;5.536,83;1,02%
20.03.2023;5.481,17;-0,38%
17.03.2023;5.502,14;0,72%
16.03.2023;5.462,58;-3,18%
15.03.2023;5.641,98;0,62%
14.03.2023;5.607,29;-0,62%
13.03.2023;5.642,11;0,15%
10.03.2023;5.633,46;-2,15%
09.03.2023;5.757,53;-0,11%
08.03.2023;5.763,98;-0,23%
07.03.2023;5.777,40;-1,07%
06.03.2023;5.839,96;-0,57%
03.03.2023;5.873,23;0,15%
02.03.2023;5.864,63;-0,92%
01.03.2023;5.918,87;0,89%
28.02.2023;5.866,64;0,10%
27.02.2023;5.860,73;-0,70%
24.02.2023;5.901,90;-0,85%
23.02.2023;5.952,36;-0,01%
22.02.2023;5.953,24;-0,96%
21.02.2023;6.010,90;2,00%
20.02.2023;5.892,98;2,46%
17.02.2023;5.751,61;-0,26%
16.02.2023;5.766,85;-2,02%
15.02.2023;5.885,58;-0,83%
14.02.2023;5.935,06;0,97%
13.02.2023;5.877,86;0,59%
10.02.2023;5.843,54;-1,49%
09.02.2023;5.932,22;0,85%
08.02.2023;5.882,33;-0,49%
07.02.2023;5.911,22;0,46%
06.02.2023;5.884,07;-1,30%
03.02.2023;5.961,57;-1,33%
02.02.2023;6.042,18;-0,54%
01.02.2023;6.075,04;2,85%
31.01.2023;5.906,46;0,49%
30.01.2023;5.877,92;1,70%
20.01.2023;5.779,45;2,50%
19.01.2023;5.638,27;0,46%
18.01.2023;5.612,62;1,09%
17.01.2023;5.551,95;0,05%
16.01.2023;5.548,90;0,88%
13.01.2023;5.500,67;0,27%
12.01.2023;5.485,68;0,34%
11.01.2023;5.466,98;0,17%
10.01.2023;5.457,48;0,12%
09.01.2023;5.451,12;1,45%
06.01.2023;5.373,39;1,23%
05.01.2023;5.308,21;1,49%
04.01.2023;5.230,05;-1,47%
03.01.2023;5.308,29;1,91%
30.12.2022;5.208,89;-0,62%
29.12.2022;5.241,19;-0,97%
28.12.2022;5.292,33;-0,56%
27.12.2022;5.322,13;1,31%
26.12.2022;5.253,14;1,08%
23.12.2022;5.197,06;-0,23%
22.12.2022;5.209,15;-1,68%
21.12.2022;5.297,93;-0,73%
20.12.2022;5.337,15;-0,91%
19.12.2022;5.386,25;-1,54%
16.12.2022;5.470,64;-1,25%
15.12.2022;5.540,01;-0,05%
14.12.2022;5.542,55;-0,59%
13.12.2022;5.575,66;0,54%
12.12.2022;5.545,55;-2,33%
09.12.2022;5.677,63;1,46%
08.12.2022;5.595,87;-0,42%
07.12.2022;5.619,64;-0,63%
06.12.2022;5.655,48;0,34%
05.12.2022;5.636,09;2,02%
02.12.2022;5.524,65;-1,43%
01.12.2022;5.604,59;1,07%
30.11.2022;5.545,45;0,44%
29.11.2022;5.520,96;0,01%
28.11.2022;5.520,26;0,00%
25.11.2022;5.520,26;-0,50%
24.11.2022;5.547,73;0,12%
23.11.2022;5.541,01;0,56%
22.11.2022;5.510,38;-0,45%
21.11.2022;5.535,02;0,41%
18.11.2022;5.512,42;-1,41%
17.11.2022;5.591,45;-1,17%
16.11.2022;5.657,67;-1,39%
15.11.2022;5.737,52;1,59%
14.11.2022;5.647,50;-1,86%
11.11.2022;5.754,62;1,43%
10.11.2022;5.673,39;-1,62%
09.11.2022;5.766,99;-0,28%
08.11.2022;5.783,47;0,39%
07.11.2022;5.761,12;1,66%
04.11.2022;5.667,21;4,41%
03.11.2022;5.427,84;-0,39%
02.11.2022;5.448,91;1,05%
01.11.2022;5.392,12;3,80%
31.10.2022;5.194,70;-0,04%
28.10.2022;5.196,63;-3,79%
27.10.2022;5.401,59;0,30%
26.10.2022;5.385,55;0,39%
25.10.2022;5.364,84;0,57%
24.10.2022;5.334,35;-0,31%
21.10.2022;5.350,78;-0,99%
20.10.2022;5.404,09;-1,15%
19.10.2022;5.467,11;-0,87%
18.10.2022;5.515,36;-0,34%
17.10.2022;5.534,21;0,03%
14.10.2022;5.532,66;2,60%
13.10.2022;5.392,46;-0,93%
12.10.2022;5.442,93;1,76%
11.10.2022;5.348,96;1,36%
10.10.2022;5.277,00;-2,08%
30.09.2022;5.388,87;-1,11%
29.09.2022;5.449,27;0,83%
28.09.2022;5.404,44;-4,65%
27.09.2022;5.667,79;0,24%
26.09.2022;5.654,19;-2,08%
23.09.2022;5.774,36;-1,72%
22.09.2022;5.875,61;-0,40%
21.09.2022;5.899,43;1,15%
20.09.2022;5.832,41;2,34%
19.09.2022;5.699,33;-0,15%
16.09.2022;5.707,94;-3,26%
15.09.2022;5.900,06;-2,77%
14.09.2022;6.067,91;-1,03%
13.09.2022;6.131,19;0,20%
09.09.2022;6.118,76;1,61%
08.09.2022;6.021,79;-0,30%
07.09.2022;6.039,70;1,09%
06.09.2022;5.974,68;2,52%
05.09.2022;5.828,06;0,54%
02.09.2022;5.796,51;-0,82%
01.09.2022;5.844,27;-1,07%
31.08.2022;5.907,45;-3,02%
30.08.2022;6.091,72;-0,59%
29.08.2022;6.128,13;-0,18%
26.08.2022;6.139,04;0,39%
25.08.2022;6.115,25;-0,33%
24.08.2022;6.135,51;-2,66%
23.08.2022;6.302,90;-0,75%
22.08.2022;6.350,49;3,55%
19.08.2022;6.132,74;-1,58%
18.08.2022;6.231,03;-0,91%
17.08.2022;6.288,52;-0,61%
16.08.2022;6.327,29;-0,74%
15.08.2022;6.374,23;1,49%
12.08.2022;6.280,53;-0,29%
11.08.2022;6.298,61;0,52%
10.08.2022;6.266,29;-0,48%
09.08.2022;6.296,73;0,83%
08.08.2022;6.244,93;1,17%
05.08.2022;6.172,97;2,15%
04.08.2022;6.042,87;0,65%
03.08.2022;6.004,02;-1,08%
02.08.2022;6.069,73;-3,56%
01.08.2022;6.293,81;1,01%
29.07.2022;6.230,73;-0,40%
28.07.2022;6.255,67;-0,03%
27.07.2022;6.257,78;-0,16%
26.07.2022;6.267,76;1,56%
25.07.2022;6.171,29;-1,25%
22.07.2022;6.249,24;-0,38%
21.07.2022;6.273,36;-1,88%
20.07.2022;6.393,74;1,34%
19.07.2022;6.309,47;0,03%
18.07.2022;6.307,74;1,38%
15.07.2022;6.221,62;-1,86%
14.07.2022;6.339,85;-0,11%
13.07.2022;6.346,54;0,06%
12.07.2022;6.342,79;-0,49%
11.07.2022;6.374,07;-3,47%
08.07.2022;6.603,26;-1,06%
07.07.2022;6.674,12;0,86%
06.07.2022;6.617,33;-1,87%
05.07.2022;6.743,09;1,31%
04.07.2022;6.656,05;1,56%
01.07.2022;6.554,12;2,03%
30.06.2022;6.423,84;1,23%
29.06.2022;6.346,04;-3,40%
28.06.2022;6.569,45;1,36%
27.06.2022;6.481,59;2,28%
24.06.2022;6.337,15;0,40%
23.06.2022;6.311,61;1,50%
22.06.2022;6.218,09;-0,37%
21.06.2022;6.241,08;-2,23%
20.06.2022;6.383,39;-0,22%
17.06.2022;6.397,31;2,11%
16.06.2022;6.265,12;-0,39%
15.06.2022;6.289,88;-0,12%
14.06.2022;6.297,40;-0,65%
13.06.2022;6.338,39;1,61%
10.06.2022;6.238,17;2,22%
09.06.2022;6.102,65;-1,20%
08.06.2022;6.176,94;2,09%
07.06.2022;6.050,39;-0,61%
06.06.2022;6.087,39;4,61%
02.06.2022;5.819,40;1,73%
01.06.2022;5.720,60;-1,09%
31.05.2022;5.783,86;1,35%
30.05.2022;5.706,95;0,78%
27.05.2022;5.662,59;-0,47%
26.05.2022;5.689,34;0,86%
25.05.2022;5.640,77;0,35%
24.05.2022;5.620,86;-3,27%
23.05.2022;5.811,09;2,64%
20.05.2022;5.661,83;2,10%
19.05.2022;5.545,60;1,14%
18.05.2022;5.483,19;0,13%
17.05.2022;5.475,94;2,96%
16.05.2022;5.318,41;0,23%
13.05.2022;5.306,28;0,40%
12.05.2022;5.285,01;-0,86%
11.05.2022;5.330,95;2,17%
10.05.2022;5.217,92;1,22%
09.05.2022;5.155,13;0,98%
06.05.2022;5.105,01;-3,22%
05.05.2022;5.275,06;0,59%
29.04.2022;5.244,29;5,27%
28.04.2022;4.981,59;0,95%
27.04.2022;4.934,65;6,91%
26.04.2022;4.615,85;-3,06%
25.04.2022;4.761,50;-8,42%
22.04.2022;5.199,40;-1,13%
21.04.2022;5.258,76;-4,37%
20.04.2022;5.499,35;-3,82%
19.04.2022;5.717,77;1,04%
18.04.2022;5.659,18;-0,64%
15.04.2022;5.695,49;-1,40%
14.04.2022;5.776,43;0,88%
13.04.2022;5.725,77;0,76%
12.04.2022;5.682,56;1,42%
11.04.2022;5.603,14;-5,89%
08.04.2022;5.953,71;-0,27%
07.04.2022;5.970,07;-1,42%
06.04.2022;6.056,08;0,30%
01.04.2022;6.037,82;0,58%
31.03.2022;6.003,17;-2,08%
30.03.2022;6.130,60;2,04%
29.03.2022;6.008,20;-0,22%
28.03.2022;6.021,15;-1,45%
25.03.2022;6.109,62;-1,41%
24.03.2022;6.196,98;-0,07%
23.03.2022;6.201,16;-0,44%
22.03.2022;6.228,50;0,56%
21.03.2022;6.193,73;1,29%
18.03.2022;6.114,56;0,06%
17.03.2022;6.110,70;1,27%
16.03.2022;6.034,21;4,25%
15.03.2022;5.788,03;-4,36%
14.03.2022;6.051,72;-3,75%
11.03.2022;6.287,36;-0,34%
10.03.2022;6.308,96;2,06%
09.03.2022;6.181,43;-2,35%
08.03.2022;6.330,41;-6,04%
07.03.2022;6.737,17;-1,51%
04.03.2022;6.840,78;-1,67%
03.03.2022;6.956,93;-0,58%
02.03.2022;6.997,69;0,58%
01.03.2022;6.957,68;-1,80%
28.02.2022;7.085,20;1,96%
25.02.2022;6.949,17;1,85%
24.02.2022;6.823,21;-2,34%
23.02.2022;6.987,00;1,09%
22.02.2022;6.911,91;0,82%
21.02.2022;6.856,01;-0,63%
18.02.2022;6.899,23;0,49%
17.02.2022;6.865,63;2,89%
16.02.2022;6.672,64;0,87%
15.02.2022;6.615,03;0,92%
14.02.2022;6.554,85;0,09%
11.02.2022;6.549,08;-0,39%
10.02.2022;6.574,68;0,43%
09.02.2022;6.546,82;2,94%
08.02.2022;6.359,58;0,18%
07.02.2022;6.348,35;2,85%
28.01.2022;6.172,38;-1,44%
27.01.2022;6.262,66;-2,17%
26.01.2022;6.401,56;0,69%
25.01.2022;6.357,67;-2,75%
24.01.2022;6.537,51;2,39%
21.01.2022;6.384,79;-0,45%
20.01.2022;6.413,43;-1,21%
19.01.2022;6.491,94;-2,05%
18.01.2022;6.627,72;0,51%
17.01.2022;6.593,80;-0,73%
14.01.2022;6.642,22;0,21%
13.01.2022;6.628,34;-2,69%
12.01.2022;6.811,28;2,13%
11.01.2022;6.669,39;-0,28%
10.01.2022;6.688,41;0,66%
07.01.2022;6.644,44;-1,52%
06.01.2022;6.746,83;1,45%
05.01.2022;6.650,48;-2,85%
04.01.2022;6.845,65;-2,04%
31.12.2021;6.988,55;1,63%
30.12.2021;6.876,18;0,63%
29.12.2021;6.833,41;-0,29%
28.12.2021;6.853,15;2,97%
27.12.2021;6.655,80;-0,59%
24.12.2021;6.695,58;-3,56%
23.12.2021;6.943,07;0,62%
22.12.2021;6.900,15;-0,66%
21.12.2021;6.945,95;0,00%
20.12.2021;6.946,14;-2,76%
17.12.2021;7.143,22;-1,17%
16.12.2021;7.228,15;1,60%
15.12.2021;7.114,38;-1,43%
14.12.2021;7.217,43;-2,38%
13.12.2021;7.393,27;0,34%
10.12.2021;7.368,27;1,03%
09.12.2021;7.292,87;0,04%
08.12.2021;7.290,22;1,74%
07.12.2021;7.165,26;-1,34%
06.12.2021;7.262,32;-1,25%
03.12.2021;7.354,24;0,60%
02.12.2021;7.310,03;0,39%
01.12.2021;7.281,49;-0,40%
30.11.2021;7.310,61;-1,30%
29.11.2021;7.407,26;0,56%
26.11.2021;7.365,68;1,44%
25.11.2021;7.261,11;-0,25%
24.11.2021;7.279,47;1,11%
23.11.2021;7.199,69;0,19%
22.11.2021;7.186,00;2,88%
19.11.2021;6.984,52;1,00%
18.11.2021;6.915,43;2,16%
17.11.2021;6.768,99;3,79%
16.11.2021;6.521,82;-1,97%
15.11.2021;6.652,93;-2,42%
12.11.2021;6.817,79;-0,23%
11.11.2021;6.833,69;0,23%
10.11.2021;6.817,86;-2,07%
09.11.2021;6.961,80;0,51%
08.11.2021;6.926,63;4,87%
05.11.2021;6.604,81;-1,19%
04.11.2021;6.684,48;0,80%
03.11.2021;6.631,34;-0,04%
02.11.2021;6.633,68;-0,98%
01.11.2021;6.699,26;-2,07%
29.10.2021;6.841,07;1,12%
28.10.2021;6.765,22;-4,55%
27.10.2021;7.087,45;-1,26%
26.10.2021;7.177,87;0,89%
25.10.2021;7.114,66;2,12%
22.10.2021;6.967,05;-3,81%
21.10.2021;7.243,21;0,50%
20.10.2021;7.207,01;0,09%
19.10.2021;7.200,24;-0,18%
18.10.2021;7.212,89;3,12%
15.10.2021;6.994,67;0,86%
14.10.2021;6.935,21;1,29%
13.10.2021;6.846,72;2,15%
12.10.2021;6.702,44;-3,66%
11.10.2021;6.956,91;-0,29%
08.10.2021;6.976,88;-1,88%
30.09.2021;7.110,78;3,07%
29.09.2021;6.899,06;-4,68%
28.09.2021;7.238,15;-0,40%
27.09.2021;7.267,54;-5,97%
24.09.2021;7.728,99;-3,52%
23.09.2021;8.010,67;0,24%
22.09.2021;7.991,58;-3,89%
16.09.2021;8.314,76;-3,72%
15.09.2021;8.636,29;0,65%
14.09.2021;8.580,27;-4,16%
13.09.2021;8.952,32;2,55%
10.09.2021;8.729,84;0,95%
09.09.2021;8.647,33;3,95%
08.09.2021;8.318,74;0,32%
07.09.2021;8.291,96;3,39%
06.09.2021;8.020,23;1,57%
03.09.2021;7.896,28;-4,58%
02.09.2021;8.275,69;2,07%
01.09.2021;8.108,14;-6,32%
31.08.2021;8.655,00;3,44%
30.08.2021;8.367,11;3,75%
27.08.2021;8.065,02;2,45%
26.08.2021;7.872,31;1,50%
25.08.2021;7.756,26;1,67%
24.08.2021;7.629,17;2,53%
23.08.2021;7.441,05;2,08%
20.08.2021;7.289,75;0,73%
19.08.2021;7.236,98;1,43%
18.08.2021;7.135,11;1,41%
17.08.2021;7.036,19;-1,95%
16.08.2021;7.175,86;-3,25%
13.08.2021;7.416,88;0,24%
12.08.2021;7.399,45;1,79%
11.08.2021;7.269,48;1,90%
10.08.2021;7.134,20;-1,23%
09.08.2021;7.222,95;-0,96%
06.08.2021;7.293,22;2,09%
05.08.2021;7.143,75;-1,63%
04.08.2021;7.261,92;5,72%
03.08.2021;6.869,29;-6,16%
02.08.2021;7.320,59;-0,62%
30.07.2021;7.366,48;4,17%
29.07.2021;7.071,51;5,93%
28.07.2021;6.675,69;-2,81%
27.07.2021;6.868,78;-4,73%
26.07.2021;7.209,79;1,26%
23.07.2021;7.119,73;0,56%
22.07.2021;7.080,32;4,45%
21.07.2021;6.778,40;4,76%
20.07.2021;6.470,70;0,11%
19.07.2021;6.463,51;-0,68%
16.07.2021;6.508,00;-0,42%
15.07.2021;6.535,60;4,72%
14.07.2021;6.240,78;-3,60%
13.07.2021;6.474,11;0,81%
12.07.2021;6.422,30;3,41%
09.07.2021;6.210,48;5,66%
08.07.2021;5.877,70;0,34%
07.07.2021;5.857,90;2,95%
06.07.2021;5.689,78;0,22%
05.07.2021;5.677,42;4,19%
02.07.2021;5.448,98;0,53%
01.07.2021;5.420,18;-1,15%
30.06.2021;5.483,22;1,36%
29.06.2021;5.409,68;-1,61%
28.06.2021;5.498,35;-0,99%
25.06.2021;5.553,17;2,57%
24.06.2021;5.414,11;-0,22%
23.06.2021;5.426,14;2,98%
22.06.2021;5.268,99;0,24%
21.06.2021;5.256,33;0,73%
18.06.2021;5.218,46;1,47%
17.06.2021;5.142,67;0,09%
16.06.2021;5.138,11;-4,17%
15.06.2021;5.361,94;-3,27%
11.06.2021;5.543,18;0,24%
10.06.2021;5.529,99;0,99%
09.06.2021;5.475,76;0,48%
08.06.2021;5.449,87;-2,17%
07.06.2021;5.570,60;-0,32%
04.06.2021;5.588,64;-0,21%
03.06.2021;5.600,51;0,36%
02.06.2021;5.580,61;-1,30%
01.06.2021;5.654,09;0,09%
31.05.2021;5.649,28;2,12%
28.05.2021;5.531,97;1,39%
27.05.2021;5.456,05;0,29%
26.05.2021;5.440,02;-0,16%
25.05.2021;5.448,94;1,04%
24.05.2021;5.392,65;-0,42%
21.05.2021;5.415,35;1,17%
20.05.2021;5.352,57;-2,94%
19.05.2021;5.514,47;-0,28%
18.05.2021;5.530,19;1,01%
17.05.2021;5.475,13;2,48%
14.05.2021;5.342,45;0,43%
13.05.2021;5.319,34;-5,17%
12.05.2021;5.609,44;0,53%
11.05.2021;5.580,04;-3,81%
10.05.2021;5.800,84;4,65%
07.05.2021;5.543,01;0,71%
06.05.2021;5.504,00;2,86%
30.04.2021;5.351,11;-0,33%
29.04.2021;5.368,70;1,00%
28.04.2021;5.315,46;0,93%
27.04.2021;5.266,40;-0,16%
26.04.2021;5.274,61;-0,18%
23.04.2021;5.284,09;1,39%
22.04.2021;5.211,64;0,63%
21.04.2021;5.178,95;-1,40%
20.04.2021;5.252,39;-0,61%
19.04.2021;5.284,50;3,57%
16.04.2021;5.102,30;-1,11%
15.04.2021;5.159,68;1,44%
14.04.2021;5.086,54;2,70%
13.04.2021;4.952,74;-0,64%
12.04.2021;4.984,61;-3,53%
09.04.2021;5.166,89;0,09%
08.04.2021;5.162,29;1,18%
07.04.2021;5.101,99;1,98%
06.04.2021;5.002,82;0,85%
02.04.2021;4.960,52;-0,02%
01.04.2021;4.961,54;1,09%
31.03.2021;4.908,12;-1,95%
30.03.2021;5.005,77;1,47%
29.03.2021;4.933,01;0,12%
26.03.2021;4.927,03;3,11%
25.03.2021;4.778,21;0,82%
24.03.2021;4.739,49;-8,77%
19.03.2021;5.194,95;-1,73%
18.03.2021;5.286,19;0,61%
17.03.2021;5.254,17;-0,19%
16.03.2021;5.264,27;-1,62%
15.03.2021;5.350,91;0,52%
12.03.2021;5.323,27;-0,43%
11.03.2021;5.346,00;5,40%
10.03.2021;5.071,89;-0,14%
09.03.2021;5.078,96;0,08%
08.03.2021;5.074,86;-2,74%
05.03.2021;5.217,97;-3,76%
04.03.2021;5.421,93;-2,29%
03.03.2021;5.549,00;5,68%
02.03.2021;5.250,67;-3,15%
01.03.2021;5.421,18;2,99%
26.02.2021;5.263,70;-4,55%
25.02.2021;5.514,70;-0,33%
24.02.2021;5.532,83;-4,35%
23.02.2021;5.784,24;-2,40%
22.02.2021;5.926,54;4,21%
19.02.2021;5.687,27;-0,40%
18.02.2021;5.710,13;6,67%
10.02.2021;5.352,99;2,45%
09.02.2021;5.225,11;3,67%
08.02.2021;5.039,96;1,98%
05.02.2021;4.942,04;-2,76%
04.02.2021;5.082,54;-2,75%
03.02.2021;5.226,02;1,90%
02.02.2021;5.128,44;2,79%
01.02.2021;4.989,18;-0,43%
29.01.2021;5.010,60;-3,05%
28.01.2021;5.168,28;-2,96%
27.01.2021;5.325,79;0,66%
26.01.2021;5.290,88;-1,49%
25.01.2021;5.370,95;2,02%
22.01.2021;5.264,50;0,41%
21.01.2021;5.243,11;2,33%
20.01.2021;5.123,79;2,51%
19.01.2021;4.998,57;-2,34%
18.01.2021;5.118,23;0,62%
15.01.2021;5.086,53;1,35%
14.01.2021;5.018,72;-0,76%
13.01.2021;5.057,34;-2,08%
12.01.2021;5.164,69;2,72%
11.01.2021;5.028,15;-3,78%
08.01.2021;5.225,86;1,66%
07.01.2021;5.140,69;4,81%
06.01.2021;4.904,91;1,43%
05.01.2021;4.835,83;0,95%
04.01.2021;4.790,11;4,93%
31.12.2020;4.565,11;1,05%
30.12.2020;4.517,85;1,80%
29.12.2020;4.437,78;-4,26%
28.12.2020;4.635,11;0,34%
25.12.2020;4.619,62;4,45%
24.12.2020;4.422,99;-0,42%
23.12.2020;4.441,79;1,38%
22.12.2020;4.381,21;-3,86%
21.12.2020;4.557,07;1,94%
18.12.2020;4.470,46;2,30%
17.12.2020;4.369,83;3,78%
16.12.2020;4.210,47;-0,29%
15.12.2020;4.222,53;0,14%
14.12.2020;4.216,56;-0,31%
11.12.2020;4.229,46;-0,73%
10.12.2020;4.260,61;0,06%
09.12.2020;4.258,09;-0,50%
08.12.2020;4.279,45;-0,06%
07.12.2020;4.282,01;-0,51%
04.12.2020;4.304,05;1,34%
03.12.2020;4.246,99;-2,38%
02.12.2020;4.350,52;-0,47%
01.12.2020;4.370,92;0,21%
30.11.2020;4.361,81;0,10%
27.11.2020;4.357,25;-0,25%
26.11.2020;4.368,09;-0,45%
25.11.2020;4.387,66;-3,28%
24.11.2020;4.536,60;2,10%
23.11.2020;4.443,31;2,42%
20.11.2020;4.338,48;3,04%
19.11.2020;4.210,58;-1,00%
18.11.2020;4.252,99;0,19%
17.11.2020;4.245,07;-1,15%
16.11.2020;4.294,53;3,91%
13.11.2020;4.132,79;0,61%
12.11.2020;4.107,86;0,99%
11.11.2020;4.067,52;-0,29%
10.11.2020;4.079,23;-0,64%
09.11.2020;4.105,49;3,64%
06.11.2020;3.961,31;1,51%
05.11.2020;3.902,26;3,09%
04.11.2020;3.785,17;1,03%
03.11.2020;3.746,66;2,48%
02.11.2020;3.656,08;1,40%
30.10.2020;3.605,56;-2,23%
29.10.2020;3.687,71;-0,09%
28.10.2020;3.691,15;0,15%
27.10.2020;3.685,53;0,92%
26.10.2020;3.652,08;0,07%
23.10.2020;3.649,67;-0,71%
22.10.2020;3.675,93;0,01%
21.10.2020;3.675,72;-0,43%
20.10.2020;3.691,77;0,05%
19.10.2020;3.689,94;-0,03%
16.10.2020;3.691,17;0,09%
15.10.2020;3.687,91;0,42%
14.10.2020;3.672,54;-1,14%
13.10.2020;3.714,84;-0,35%
12.10.2020;3.727,98;1,96%
09.10.2020;3.656,40;2,82%
30.09.2020;3.556,26;-0,64%
29.09.2020;3.579,30;1,22%
28.09.2020;3.536,21;-0,77%
25.09.2020;3.563,73;0,24%
24.09.2020;3.555,12;-3,12%
23.09.2020;3.669,56;-0,62%
22.09.2020;3.692,29;-2,14%
21.09.2020;3.772,86;-0,53%
18.09.2020;3.792,81;1,68%
17.09.2020;3.730,31;0,28%
16.09.2020;3.719,81;-0,24%
15.09.2020;3.728,92;0,90%
14.09.2020;3.695,68;0,93%
11.09.2020;3.661,59;0,34%
10.09.2020;3.649,32;-2,11%
09.09.2020;3.728,17;-0,45%
08.09.2020;3.745,17;1,02%
07.09.2020;3.707,43;-0,83%
04.09.2020;3.738,63;-0,48%
03.09.2020;3.756,84;-0,81%
02.09.2020;3.787,67;-1,08%
01.09.2020;3.828,87;1,15%
31.08.2020;3.785,26;-0,63%
28.08.2020;3.809,43;1,78%
27.08.2020;3.742,83;0,67%
26.08.2020;3.718,09;-2,32%
25.08.2020;3.806,28;-1,62%
24.08.2020;3.868,86;-0,47%
21.08.2020;3.887,04;0,18%
20.08.2020;3.879,92;-0,98%
19.08.2020;3.918,30;-0,25%
18.08.2020;3.928,18;0,58%
17.08.2020;3.905,58;1,73%
14.08.2020;3.839,12;0,11%
13.08.2020;3.834,83;-0,25%
12.08.2020;3.844,61;0,15%
11.08.2020;3.838,94;-2,00%
10.08.2020;3.917,18;-0,73%
07.08.2020;3.945,82;-1,97%
06.08.2020;4.025,12;0,92%
05.08.2020;3.988,47;0,82%
04.08.2020;3.956,21;0,41%
03.08.2020;3.939,86;1,65%
31.07.2020;3.876,06;0,25%
30.07.2020;3.866,44;-1,35%
29.07.2020;3.919,28;0,90%
28.07.2020;3.884,17;1,62%
27.07.2020;3.822,30;1,29%
24.07.2020;3.773,55;-3,82%
23.07.2020;3.923,25;-0,77%
22.07.2020;3.953,62;-0,04%
21.07.2020;3.955,19;-1,18%
20.07.2020;4.002,62;4,68%
17.07.2020;3.823,60;-0,65%
16.07.2020;3.848,44;-3,65%
15.07.2020;3.994,11;-2,68%
14.07.2020;4.104,01;-2,22%
13.07.2020;4.197,24;4,77%
10.07.2020;4.006,05;-2,83%
09.07.2020;4.122,83;2,35%
08.07.2020;4.028,26;2,83%
07.07.2020;3.917,31;0,63%
06.07.2020;3.892,81;5,96%
03.07.2020;3.673,77;1,88%
02.07.2020;3.605,81;1,55%
01.07.2020;3.550,83;0,65%
30.06.2020;3.527,82;0,39%
29.06.2020;3.514,10;-1,56%
25.06.2020;3.569,92;0,00%
24.06.2020;3.569,92;-0,98%
23.06.2020;3.605,19;0,09%
22.06.2020;3.602,02;-0,92%
19.06.2020;3.635,63;-0,60%
18.06.2020;3.657,73;1,39%
17.06.2020;3.607,71;1,19%
16.06.2020;3.565,43;3,09%
15.06.2020;3.458,60;-0,06%
12.06.2020;3.460,74;-0,45%
11.06.2020;3.476,31;-0,35%
10.06.2020;3.488,46;-0,13%
09.06.2020;3.492,97;0,04%
08.06.2020;3.491,63;1,21%
05.06.2020;3.449,95;-0,50%
04.06.2020;3.467,44;0,49%
03.06.2020;3.450,58;-0,48%
02.06.2020;3.467,30;-0,26%
01.06.2020;3.476,44;1,86%
29.05.2020;3.413,05;1,41%
28.05.2020;3.365,62;0,48%
27.05.2020;3.349,44;-0,35%
26.05.2020;3.361,31;1,94%
25.05.2020;3.297,50;-0,66%
22.05.2020;3.319,57;-1,82%
21.05.2020;3.381,02;-0,71%
20.05.2020;3.405,15;-0,46%
19.05.2020;3.421,05;0,25%
18.05.2020;3.412,43;0,41%
15.05.2020;3.398,37;0,12%
14.05.2020;3.394,20;-1,48%
13.05.2020;3.445,12;1,36%
12.05.2020;3.398,88;-0,56%
11.05.2020;3.417,99;-0,97%
08.05.2020;3.451,64;1,09%
07.05.2020;3.414,55;0,16%
06.05.2020;3.409,03;0,92%
01.05.2020;3.377,85;0,00%
30.04.2020;3.377,85;2,45%
29.04.2020;3.297,20;-0,16%
28.04.2020;3.302,33;-1,43%
27.04.2020;3.350,08;-0,13%
24.04.2020;3.354,50;-0,56%
23.04.2020;3.373,43;-1,00%
22.04.2020;3.407,47;-0,17%
21.04.2020;3.413,23;-1,16%
20.04.2020;3.453,26;0,47%
17.04.2020;3.437,12;-0,11%
16.04.2020;3.440,97;0,20%
15.04.2020;3.434,12;-1,18%
14.04.2020;3.475,19;2,33%
13.04.2020;3.396,09;0,24%
10.04.2020;3.388,03;-1,50%
09.04.2020;3.439,64;0,43%
08.04.2020;3.424,87;0,42%
07.04.2020;3.410,45;2,77%
06.04.2020;3.318,63;0,00%
03.04.2020;3.318,63;-0,69%
02.04.2020;3.341,77;2,10%
01.04.2020;3.273,00;0,55%
31.03.2020;3.254,99;0,61%
30.03.2020;3.235,35;-2,41%
27.03.2020;3.315,39;-0,12%
26.03.2020;3.319,36;-1,58%
25.03.2020;3.372,67;1,76%
24.03.2020;3.314,33;2,46%
23.03.2020;3.234,88;-3,95%
20.03.2020;3.367,80;0,61%
19.03.2020;3.347,44;-0,73%
18.03.2020;3.372,22;-1,68%
17.03.2020;3.429,98;-1,10%
16.03.2020;3.468,06;-3,56%
13.03.2020;3.596,16;-2,10%
12.03.2020;3.673,15;-0,93%
11.03.2020;3.707,54;-0,70%
10.03.2020;3.733,74;1,92%
09.03.2020;3.663,39;-3,97%
06.03.2020;3.814,86;-0,52%
05.03.2020;3.834,96;1,40%
04.03.2020;3.782,12;1,11%
03.03.2020;3.740,57;0,86%
02.03.2020;3.708,58;3,73%
28.02.2020;3.575,12;-4,69%
27.02.2020;3.750,97;-1,05%
26.02.2020;3.790,84;-0,09%
25.02.2020;3.794,09;0,53%
24.02.2020;3.774,06;-1,43%
21.02.2020;3.828,64;-0,04%
20.02.2020;3.830,32;1,28%
19.02.2020;3.782,04;-1,77%
18.02.2020;3.850,31;-0,83%
17.02.2020;3.882,43;2,49%
14.02.2020;3.788,05;1,24%
13.02.2020;3.741,61;0,04%
12.02.2020;3.739,94;2,65%
11.02.2020;3.643,39;1,10%
10.02.2020;3.603,82;2,65%
07.02.2020;3.510,62;-0,47%
06.02.2020;3.527,07;0,66%
05.02.2020;3.503,91;1,70%
04.02.2020;3.445,42;1,42%
03.02.2020;3.397,27;-9,68%
24.01.2020;3.761,20;0,00%
23.01.2020;3.761,20;-3,00%
22.01.2020;3.877,35;0,74%
21.01.2020;3.848,85;-2,12%
20.01.2020;3.932,12;0,65%
17.01.2020;3.906,66;-0,22%
16.01.2020;3.915,26;-0,53%
15.01.2020;3.936,25;-1,87%
14.01.2020;4.011,45;1,70%
13.01.2020;3.944,54;0,34%
10.01.2020;3.931,23;-0,42%
09.01.2020;3.947,65;0,44%
08.01.2020;3.930,17;-1,38%
07.01.2020;3.985,28;0,56%
06.01.2020;3.962,97;1,14%
03.01.2020;3.918,21;0,23%
02.01.2020;3.909,29;0,96%
01.01.2020;3.872,00;0,00%
31.12.2019;3.872,00;0,61%
30.12.2019;3.848,45;1,47%
27.12.2019;3.792,81;2,00%
26.12.2019;3.718,38;1,39%
25.12.2019;3.667,52;-0,35%
24.12.2019;3.680,49;2,71%
23.12.2019;3.583,55;-1,19%
20.12.2019;3.626,67;-0,89%
19.12.2019;3.659,42;-0,17%
18.12.2019;3.665,72;-0,39%
17.12.2019;3.680,04;1,92%
16.12.2019;3.610,72;0,96%
13.12.2019;3.576,42;1,35%
12.12.2019;3.528,86;-0,58%
11.12.2019;3.549,37;-0,32%
10.12.2019;3.560,84;0,27%
09.12.2019;3.551,41;0,62%
06.12.2019;3.529,59;0,05%
05.12.2019;3.527,98;0,40%
04.12.2019;3.513,97;0,50%
03.12.2019;3.496,47;0,01%
02.12.2019;3.496,25;-0,15%
29.11.2019;3.501,37;0,00%
28.11.2019;3.501,50;-1,35%
27.11.2019;3.549,56;0,83%
26.11.2019;3.520,30;-1,15%
25.11.2019;3.561,17;3,00%
22.11.2019;3.457,39;0,58%
21.11.2019;3.437,58;0,03%
20.11.2019;3.436,57;-0,27%
19.11.2019;3.445,79;2,13%
18.11.2019;3.374,02;1,07%
15.11.2019;3.338,19;-0,20%
14.11.2019;3.344,94;-0,13%
13.11.2019;3.349,33;-0,86%
12.11.2019;3.378,43;-0,06%
11.11.2019;3.380,29;-2,12%
08.11.2019;3.453,64;-0,25%
07.11.2019;3.462,14;-0,41%
06.11.2019;3.476,22;0,17%
05.11.2019;3.470,25;1,16%
04.11.2019;3.430,40;0,37%
01.11.2019;3.417,79;0,74%
31.10.2019;3.392,67;-0,79%
30.10.2019;3.419,74;-0,81%
29.10.2019;3.447,79;-1,09%
28.10.2019;3.485,89;0,93%
25.10.2019;3.453,66;0,32%
24.10.2019;3.442,61;0,68%
23.10.2019;3.419,37;-1,26%
22.10.2019;3.463,16;0,61%
21.10.2019;3.442,13;-0,25%
18.10.2019;3.450,63;-1,00%
17.10.2019;3.485,65;0,10%
16.10.2019;3.482,25;-0,64%
15.10.2019;3.504,61;-1,14%
14.10.2019;3.544,98;0,91%
11.10.2019;3.513,18;-0,05%
10.10.2019;3.515,08;0,51%
09.10.2019;3.497,30;0,30%
08.10.2019;3.486,89;0,01%
30.09.2019;3.486,57;-0,91%
27.09.2019;3.518,73;-0,13%
26.09.2019;3.523,40;-1,10%
25.09.2019;3.562,68;-0,19%
24.09.2019;3.569,38;-0,08%
23.09.2019;3.572,40;-0,82%
20.09.2019;3.601,91;-0,38%
19.09.2019;3.615,63;0,96%
18.09.2019;3.581,09;-0,35%
17.09.2019;3.593,53;-2,32%
16.09.2019;3.678,97;0,09%
13.09.2019;3.675,78;0,00%
12.09.2019;3.675,78;0,57%
11.09.2019;3.654,88;-0,16%
10.09.2019;3.660,60;0,24%
09.09.2019;3.651,73;1,25%
06.09.2019;3.606,47;-0,31%
05.09.2019;3.617,59;0,79%
04.09.2019;3.589,31;1,86%
03.09.2019;3.523,61;-0,11%
02.09.2019;3.527,33;1,83%
30.08.2019;3.463,87;-0,33%
29.08.2019;3.475,20;-0,58%
28.08.2019;3.495,46;-0,25%
27.08.2019;3.504,18;1,29%
26.08.2019;3.459,59;-0,96%
23.08.2019;3.493,03;-0,59%
22.08.2019;3.513,88;-0,05%
21.08.2019;3.515,79;-0,71%
20.08.2019;3.540,85;0,58%
19.08.2019;3.520,50;2,12%
16.08.2019;3.447,58;-0,09%
15.08.2019;3.450,79;-0,36%
14.08.2019;3.463,29;0,23%
13.08.2019;3.455,40;-0,37%
12.08.2019;3.468,25;0,44%
09.08.2019;3.452,96;-1,17%
08.08.2019;3.493,93;-0,05%
07.08.2019;3.495,65;1,76%
06.08.2019;3.435,07;-2,64%
05.08.2019;3.528,26;-1,57%
02.08.2019;3.584,49;-0,84%
01.08.2019;3.614,80;-0,26%
31.07.2019;3.624,38;-0,42%
30.07.2019;3.639,79;0,84%
29.07.2019;3.609,57;-0,38%
26.07.2019;3.623,49;-0,04%
25.07.2019;3.624,84;-0,44%
24.07.2019;3.640,79;0,43%
23.07.2019;3.625,12;0,43%
22.07.2019;3.609,64;-2,33%
19.07.2019;3.695,65;1,22%
18.07.2019;3.651,00;-0,61%
17.07.2019;3.673,42;-0,32%
16.07.2019;3.685,21;0,01%
15.07.2019;3.684,88;0,40%
12.07.2019;3.670,22;0,02%
11.07.2019;3.669,31;0,36%
10.07.2019;3.656,24;-1,17%
09.07.2019;3.699,65;0,24%
08.07.2019;3.690,95;-3,40%
05.07.2019;3.820,78;0,08%
04.07.2019;3.817,91;-0,39%
03.07.2019;3.832,72;-1,15%
02.07.2019;3.877,37;0,13%
01.07.2019;3.872,52;1,76%
28.06.2019;3.805,70;-1,08%
27.06.2019;3.847,38;0,11%
26.06.2019;3.843,09;-0,98%
25.06.2019;3.881,13;-0,72%
24.06.2019;3.909,25;0,71%
21.06.2019;3.881,75;0,83%
20.06.2019;3.849,79;1,30%
19.06.2019;3.800,30;0,47%
18.06.2019;3.782,41;-0,64%
17.06.2019;3.806,82;0,32%
14.06.2019;3.794,75;-1,14%
13.06.2019;3.838,65;-0,09%
12.06.2019;3.842,09;-0,02%
11.06.2019;3.842,88;2,98%
10.06.2019;3.731,68;0,86%
07.06.2019;3.699,74;0,00%
06.06.2019;3.699,74;-1,48%
05.06.2019;3.755,22;0,08%
04.06.2019;3.752,36;-1,46%
03.06.2019;3.807,82;-1,30%
31.05.2019;3.857,81;-1,14%
30.05.2019;3.902,20;0,58%
29.05.2019;3.879,87;0,55%
28.05.2019;3.858,79;0,07%
27.05.2019;3.855,98;2,16%
24.05.2019;3.774,46;-0,27%
23.05.2019;3.784,75;-1,53%
22.05.2019;3.843,62;-1,95%
21.05.2019;3.920,08;2,50%
20.05.2019;3.824,46;0,43%
17.05.2019;3.808,14;-3,45%
16.05.2019;3.944,25;2,83%
15.05.2019;3.835,62;1,83%
14.05.2019;3.766,68;-0,56%
13.05.2019;3.787,81;-1,40%
10.05.2019;3.841,63;2,46%
09.05.2019;3.749,41;-1,00%
08.05.2019;3.787,37;-1,15%
07.05.2019;3.831,51;0,71%
06.05.2019;3.804,60;-6,58%
30.04.2019;4.072,50;0,82%
29.04.2019;4.039,40;-2,53%
26.04.2019;4.144,16;-2,17%
25.04.2019;4.235,97;-3,31%
24.04.2019;4.381,04;0,22%
23.04.2019;4.371,29;-0,95%
22.04.2019;4.413,09;-2,30%
19.04.2019;4.517,20;0,22%
18.04.2019;4.507,10;-0,50%
17.04.2019;4.529,76;-0,09%
16.04.2019;4.533,96;2,66%
15.04.2019;4.416,50;-0,50%
12.04.2019;4.438,61;-0,99%
11.04.2019;4.482,77;-1,57%
10.04.2019;4.554,44;-0,89%
09.04.2019;4.595,26;-1,89%
08.04.2019;4.683,99;2,58%
04.04.2019;4.566,28;0,39%
03.04.2019;4.548,76;0,88%
02.04.2019;4.509,14;0,86%
01.04.2019;4.470,52;5,07%
29.03.2019;4.254,71;2,80%
28.03.2019;4.138,96;-1,46%
27.03.2019;4.200,18;-0,02%
26.03.2019;4.200,88;-1,96%
25.03.2019;4.284,99;-2,55%
22.03.2019;4.397,28;-0,72%
21.03.2019;4.428,98;0,28%
20.03.2019;4.416,44;-0,44%
19.03.2019;4.435,90;-0,99%
18.03.2019;4.480,10;3,13%
15.03.2019;4.344,27;1,07%
14.03.2019;4.298,42;-1,01%
13.03.2019;4.342,33;-0,88%
12.03.2019;4.380,84;0,50%
11.03.2019;4.358,91;2,05%
08.03.2019;4.271,49;-6,35%
07.03.2019;4.561,23;1,58%
06.03.2019;4.490,39;3,24%
05.03.2019;4.349,54;0,75%
04.03.2019;4.316,97;1,28%
01.03.2019;4.262,51;0,76%
28.02.2019;4.230,32;0,22%
27.02.2019;4.221,19;-1,36%
26.02.2019;4.279,59;2,15%
25.02.2019;4.189,34;6,63%
22.02.2019;3.929,03;1,23%
21.02.2019;3.881,27;-0,61%
20.02.2019;3.905,08;0,94%
19.02.2019;3.868,85;-0,31%
18.02.2019;3.880,77;2,50%
15.02.2019;3.786,20;-1,16%
14.02.2019;3.830,75;-0,32%
13.02.2019;3.842,87;2,23%
12.02.2019;3.758,96;0,33%
11.02.2019;3.746,66;2,36%
01.02.2019;3.660,25;2,06%
31.01.2019;3.586,50;-0,81%
30.01.2019;3.615,92;-0,57%
29.01.2019;3.636,65;-0,58%
28.01.2019;3.657,93;-0,75%
25.01.2019;3.685,48;-0,01%
24.01.2019;3.685,91;-0,46%
23.01.2019;3.703,08;-0,01%
22.01.2019;3.703,29;-1,64%
21.01.2019;3.764,91;0,38%
18.01.2019;3.750,72;2,58%
17.01.2019;3.656,22;-0,37%
16.01.2019;3.669,93;-0,29%
15.01.2019;3.680,46;0,47%
14.01.2019;3.663,32;0,66%
11.01.2019;3.639,12;0,93%
10.01.2019;3.605,75;-0,29%
09.01.2019;3.616,21;0,22%
08.01.2019;3.608,15;-0,65%
07.01.2019;3.631,67;1,42%
04.01.2019;3.580,84;2,11%
03.01.2019;3.506,71;0,61%
02.01.2019;3.485,51;-1,19%
28.12.2018;3.527,60;0,36%
27.12.2018;3.514,98;-0,52%
26.12.2018;3.533,23;-0,42%
25.12.2018;3.548,10;-2,11%
24.12.2018;3.624,44;-0,10%
21.12.2018;3.627,92;-1,12%
20.12.2018;3.669,10;-0,12%
19.12.2018;3.673,58;-0,84%
18.12.2018;3.704,79;-0,32%
17.12.2018;3.716,64;0,66%
14.12.2018;3.692,30;-2,20%
13.12.2018;3.775,53;1,05%
12.12.2018;3.736,15;0,07%
11.12.2018;3.733,59;0,31%
10.12.2018;3.722,03;-1,06%
07.12.2018;3.762,01;0,19%
06.12.2018;3.755,02;-1,53%
05.12.2018;3.813,45;-0,08%
04.12.2018;3.816,68;0,66%
03.12.2018;3.791,58;2,52%
30.11.2018;3.698,32;1,11%
29.11.2018;3.657,78;-1,78%
28.11.2018;3.724,13;0,82%
27.11.2018;3.693,94;0,17%
26.11.2018;3.687,49;-1,50%
23.11.2018;3.743,62;-3,65%
22.11.2018;3.885,49;-0,88%
21.11.2018;3.920,09;-0,14%
20.11.2018;3.925,44;-1,87%
19.11.2018;4.000,26;0,56%
16.11.2018;3.977,92;-0,17%
15.11.2018;3.984,86;0,92%
14.11.2018;3.948,59;0,14%
13.11.2018;3.943,13;1,34%
12.11.2018;3.890,83;1,39%
09.11.2018;3.837,39;-1,11%
08.11.2018;3.880,34;-0,89%
07.11.2018;3.915,35;-0,20%
06.11.2018;3.923,31;-0,61%
05.11.2018;3.947,50;-0,68%
02.11.2018;3.974,44;2,86%
01.11.2018;3.864,07;-0,68%
31.10.2018;3.890,62;1,64%
30.10.2018;3.827,74;1,14%
29.10.2018;3.784,45;-1,86%
26.10.2018;3.856,29;0,62%
25.10.2018;3.832,67;-0,03%
24.10.2018;3.833,80;0,84%
23.10.2018;3.801,74;-2,61%
22.10.2018;3.903,59;4,94%
19.10.2018;3.719,93;2,02%
18.10.2018;3.646,26;-3,58%
17.10.2018;3.781,51;0,62%
16.10.2018;3.758,19;-1,92%
15.10.2018;3.831,74;-2,15%
12.10.2018;3.915,89;1,29%
11.10.2018;3.865,90;-6,47%
10.10.2018;4.133,23;-0,61%
09.10.2018;4.158,76;0,98%
08.10.2018;4.118,48;-3,15%
01.10.2018;4.252,43;0,00%
28.09.2018;4.252,43;0,89%
27.09.2018;4.214,82;-0,23%
26.09.2018;4.224,47;0,40%
25.09.2018;4.207,51;-0,62%
21.09.2018;4.233,60;2,75%
20.09.2018;4.120,21;0,61%
19.09.2018;4.095,30;0,61%
18.09.2018;4.070,31;2,95%
17.09.2018;3.953,72;-2,30%
14.09.2018;4.046,85;0,36%
13.09.2018;4.032,46;0,95%
12.09.2018;3.994,43;0,33%
11.09.2018;3.981,37;-1,84%
10.09.2018;4.055,92;-0,91%
07.09.2018;4.093,26;0,51%
06.09.2018;4.072,54;-0,93%
05.09.2018;4.110,58;-2,09%
04.09.2018;4.198,53;0,43%
03.09.2018;4.180,60;-0,26%
31.08.2018;4.191,45;-0,98%
30.08.2018;4.232,97;-1,41%
29.08.2018;4.293,71;-0,94%
28.08.2018;4.334,29;1,06%
27.08.2018;4.288,71;1,23%
24.08.2018;4.236,57;-0,34%
23.08.2018;4.251,15;-0,45%
22.08.2018;4.270,55;-0,91%
21.08.2018;4.309,84;0,67%
20.08.2018;4.281,28;1,96%
17.08.2018;4.198,84;-0,69%
16.08.2018;4.227,88;-1,33%
15.08.2018;4.284,91;-2,53%
14.08.2018;4.396,08;-1,01%
13.08.2018;4.440,83;0,56%
10.08.2018;4.415,91;-0,34%
09.08.2018;4.431,07;1,65%
08.08.2018;4.359,31;-0,82%
07.08.2018;4.395,41;3,10%
06.08.2018;4.263,40;-2,61%
03.08.2018;4.377,67;-1,08%
02.08.2018;4.425,67;-1,69%
01.08.2018;4.501,73;-2,61%
31.07.2018;4.622,42;-0,61%
30.07.2018;4.650,79;0,54%
27.07.2018;4.625,82;0,47%
26.07.2018;4.604,07;-1,23%
25.07.2018;4.661,18;-0,08%
24.07.2018;4.665,10;2,93%
23.07.2018;4.532,34;2,59%
20.07.2018;4.417,92;1,16%
19.07.2018;4.367,41;0,62%
18.07.2018;4.340,62;-0,82%
17.07.2018;4.376,29;-0,24%
16.07.2018;4.386,70;-0,79%
13.07.2018;4.421,73;0,84%
12.07.2018;4.384,87;2,00%
11.07.2018;4.298,72;-1,60%
10.07.2018;4.368,51;1,52%
09.07.2018;4.302,98;2,23%
06.07.2018;4.209,10;0,90%
05.07.2018;4.171,53;-2,54%
04.07.2018;4.280,14;-0,96%
03.07.2018;4.321,65;-0,05%
02.07.2018;4.323,97;-2,75%
29.06.2018;4.446,29;1,93%
28.06.2018;4.362,29;-0,97%
27.06.2018;4.405,23;-1,61%
26.06.2018;4.477,35;-0,66%
25.06.2018;4.507,24;-0,93%
22.06.2018;4.549,63;1,79%
21.06.2018;4.469,51;-1,26%
20.06.2018;4.526,65;0,38%
19.06.2018;4.509,57;-6,37%
18.06.2018;4.816,31;0,00%
15.06.2018;4.816,31;-0,67%
14.06.2018;4.848,96;0,50%
13.06.2018;4.825,00;-1,00%
12.06.2018;4.873,67;0,15%
11.06.2018;4.866,33;0,71%
08.06.2018;4.832,23;-2,09%
07.06.2018;4.935,53;0,74%
06.06.2018;4.899,04;1,04%
05.06.2018;4.848,64;0,69%
04.06.2018;4.815,24;-0,05%
01.06.2018;4.817,66;0,36%
31.05.2018;4.800,25;1,27%
30.05.2018;4.740,20;-4,08%
29.05.2018;4.941,58;0,19%
28.05.2018;4.932,16;-0,93%
25.05.2018;4.978,30;-1,15%
24.05.2018;5.036,37;0,02%
23.05.2018;5.035,31;-2,38%
22.05.2018;5.158,30;-0,41%
21.05.2018;5.179,55;0,47%
18.05.2018;5.155,36;0,65%
17.05.2018;5.122,06;-0,77%
16.05.2018;5.161,99;-0,71%
15.05.2018;5.198,84;0,02%
14.05.2018;5.197,77;0,21%
11.05.2018;5.186,88;1,26%
10.05.2018;5.122,59;0,48%
09.05.2018;5.097,88;-0,60%
08.05.2018;5.128,84;0,17%
07.05.2018;5.120,38;1,87%
04.05.2018;5.026,46;-0,62%
03.05.2018;5.057,66;0,29%
02.05.2018;5.043,26;-0,88%
30.04.2018;5.088,07;0,00%
27.04.2018;5.088,07;0,81%
26.04.2018;5.047,29;-1,94%
25.04.2018;5.147,24;-0,77%
24.04.2018;5.187,15;1,20%
23.04.2018;5.125,62;0,35%
20.04.2018;5.107,69;-1,81%
19.04.2018;5.201,64;2,74%
18.04.2018;5.063,02;1,25%
17.04.2018;5.000,55;-1,56%
16.04.2018;5.079,72;-1,72%
13.04.2018;5.168,61;0,34%
12.04.2018;5.151,08;-1,81%
11.04.2018;5.246,14;-0,05%
10.04.2018;5.248,87;2,97%
09.04.2018;5.097,61;-48,36%
05.04.2018;9.872,18;95,67%
04.04.2018;5.045,44;-1,36%
03.04.2018;5.115,00;-1,67%
02.04.2018;5.201,84;-0,84%
30.03.2018;5.246,01;-0,02%
29.03.2018;5.246,89;1,34%
28.03.2018;5.177,48;-1,66%
27.03.2018;5.264,80;2,19%
26.03.2018;5.151,87;0,66%
23.03.2018;5.117,87;-6,25%
22.03.2018;5.459,11;0,00%
21.03.2018;5.459,34;-1,26%
20.03.2018;5.528,88;-0,43%
19.03.2018;5.552,53;-1,19%
16.03.2018;5.619,46;-1,69%
15.03.2018;5.716,02;-0,27%
14.03.2018;5.731,45;0,81%
13.03.2018;5.685,13;-0,60%
12.03.2018;5.719,39;2,32%
09.03.2018;5.589,74;-0,28%
08.03.2018;5.605,23;-0,19%
07.03.2018;5.616,00;-1,50%
06.03.2018;5.701,44;2,30%
05.03.2018;5.573,37;-0,91%
02.03.2018;5.624,38;-2,00%
01.03.2018;5.739,45;-0,69%
28.02.2018;5.779,26;0,35%
27.02.2018;5.759,35;-2,96%
26.02.2018;5.935,32;0,00%
23.02.2018;5.935,59;1,70%
22.02.2018;5.836,11;2,24%
15.02.2018;5.708,49;0,00%
14.02.2018;5.708,49;2,00%
13.02.2018;5.596,34;0,68%
12.02.2018;5.558,45;2,60%
09.02.2018;5.417,47;-4,89%
08.02.2018;5.696,26;-1,13%
07.02.2018;5.761,31;-0,55%
06.02.2018;5.793,46;-3,92%
05.02.2018;6.029,63;0,04%
02.02.2018;6.027,43;3,76%
01.02.2018;5.808,90;-1,71%
31.01.2018;5.910,26;-0,31%
30.01.2018;5.928,56;-0,72%
29.01.2018;5.971,83;1,44%
26.01.2018;5.887,25;-0,87%
25.01.2018;5.938,80;1,10%
24.01.2018;5.873,95;-0,33%
23.01.2018;5.893,11;0,80%
22.01.2018;5.846,48;1,37%
19.01.2018;5.767,45;0,50%
18.01.2018;5.738,78;1,21%
17.01.2018;5.670,13;-0,42%
16.01.2018;5.693,86;0,13%
15.01.2018;5.686,58;-3,62%
12.01.2018;5.900,30;-0,19%
11.01.2018;5.911,73;-0,62%
10.01.2018;5.948,47;-0,95%
09.01.2018;6.005,41;-0,51%
08.01.2018;6.036,22;2,26%
05.01.2018;5.902,93;-0,89%
04.01.2018;5.955,73;0,68%
03.01.2018;5.915,28;1,27%
02.01.2018;5.841,29;1,65%