date;norsk_hydro_price;norsk_hydro_adj;norsk_hydro_volume
02.01.2018;63.400002;47.684685;4639365
03.01.2018;62.860001;46.437428;7270513
04.01.2018;61.599998;46.498272;5235602
05.01.2018;61.459999;46.026749;4576207
08.01.2018;60.919998;46.133224;3511169
09.01.2018;60.939999;47.045845;7175602
10.01.2018;61.860001;47.243580;4525685
11.01.2018;62.200001;47.319633;4434394
12.01.2018;62.560001;46.954586;4604575
15.01.2018;62.200001;47.380478;3098072
16.01.2018;61.779999;46.133224;4270691
17.01.2018;60.160000;46.346165;5915917
18.01.2018;59.860001;45.448753;5334025
19.01.2018;59.759998;46.239689;5354583
22.01.2018;60.939999;46.270115;3564492
23.01.2018;60.900002;44.855549;5354117
24.01.2018;58.820000;44.277546;6084395
25.01.2018;58.240002;43.729973;6092720
26.01.2018;57.400002;43.669132;5089715
29.01.2018;57.820000;43.942921;4389758
30.01.2018;57.099998;42.634823;6223998
31.01.2018;56.500000;42.741299;7038387
01.02.2018;56.380001;43.273663;4492116
02.02.2018;57.000000;42.132881;4057626
05.02.2018;55.200001;43.319294;5781028
06.02.2018;54.500000;42.452301;6379202
07.02.2018;56.980000;42.132881;5858148
08.02.2018;55.000000;41.600513;5973921
09.02.2018;54.000000;41.691776;5526651
12.02.2018;55.200001;42.345821;4879815
13.02.2018;55.720001;42.345821;5511438
14.02.2018;55.799999;42.847767;4596743
15.02.2018;56.880001;43.106346;5341848
16.02.2018;58.799999;43.836449;6669991
19.02.2018;57.660000;42.589191;5079233
20.02.2018;56.299999;42.786926;4342436
21.02.2018;56.099998;42.497929;5132970
22.02.2018;55.340000;42.771721;6225206
23.02.2018;56.400002;42.710876;3595620
26.02.2018;56.240002;42.619614;4323855
27.02.2018;54.680000;41.448406;9333385
28.02.2018;54.000000;40.794361;6468433
01.03.2018;53.000000;40.049049;7004514
02.03.2018;52.099998;39.683998;7788704
05.03.2018;52.160000;39.364582;6274145
06.03.2018;52.480000;40.185947;7174420
07.03.2018;52.200001;39.349373;5405584
08.03.2018;51.580002;39.121212;5976812
09.03.2018;51.279999;39.592739;5646131
12.03.2018;51.500000;38.969116;5876079
13.03.2018;50.160000;38.102119;5924439
14.03.2018;50.299999;37.805511;5453091
15.03.2018;49.709999;37.204700;6232328
16.03.2018;48.500000;36.900497;9627606
19.03.2018;48.000000;36.041100;6399732
20.03.2018;47.209999;35.752102;5763098
21.03.2018;46.759998;35.797741;10778964
22.03.2018;47.049999;35.060028;9612621
23.03.2018;45.750000;35.577183;9925246
26.03.2018;46.779999;35.128475;6278704
27.03.2018;47.090000;35.379448;5569326
28.03.2018;46.259998;34.945953;5552564
03.04.2018;46.020000;35.523949;10294087
04.04.2018;47.000000;34.961159;9665939
05.04.2018;46.939999;35.858578;5742906
06.04.2018;46.680000;34.679768;6262721
09.04.2018;46.709999;36.976540;15473730
10.04.2018;49.320000;36.839653;11544445
11.04.2018;48.419998;37.539330;9389931
12.04.2018;49.860001;38.299854;8307639
13.04.2018;50.980000;39.136425;8206199
16.04.2018;51.880001;39.729633;7738876
17.04.2018;52.500000;39.318954;10217645
18.04.2018;52.639999;41.068153;12007768
19.04.2018;56.400002;40.703098;11992452
20.04.2018;53.660000;40.490154;6316816
23.04.2018;53.660000;38.573639;12326379
24.04.2018;50.700001;38.467167;9959339
25.04.2018;50.639999;38.908272;7843603
26.04.2018;51.119999;39.197273;11509881
27.04.2018;51.580002;38.406326;4642932
30.04.2018;50.500000;38.071697;5995678
02.05.2018;50.180000;38.588848;6771971
03.05.2018;50.799999;38.284641;4318792
04.05.2018;50.560001;38.664902;5636388
07.05.2018;50.000000;38.071697;6876973
08.05.2018;48.849998;38.347519;5760758
09.05.2018;48.549999;38.331760;6739667
11.05.2018;48.880001;38.134743;5783919
14.05.2018;48.369999;37.646137;6630482
15.05.2018;47.590000;37.693424;5492208
16.05.2018;47.930000;40.617165;10931783
18.05.2018;51.799999;40.428028;7920180
22.05.2018;50.900002;40.743256;6434002
23.05.2018;51.279999;39.797573;5717238
24.05.2018;50.500000;39.206520;3873924
25.05.2018;49.990002;38.938576;3713542
28.05.2018;49.540001;39.498104;2665389
29.05.2018;51.000000;40.743256;9598045
30.05.2018;51.320000;40.664448;5739602
31.05.2018;52.000000;40.459549;8495259
01.06.2018;51.279999;40.963917;3783955
04.06.2018;52.279999;40.979683;3600900
05.06.2018;52.000000;41.688946;4938676
06.06.2018;53.119999;42.098740;4142244
07.06.2018;53.639999;42.256355;5494946
08.06.2018;53.880001;42.335163;6385144
11.06.2018;54.119999;42.776474;5862386
12.06.2018;53.000000;42.019924;8079426
13.06.2018;53.320000;42.240593;4764957
14.06.2018;53.000000;41.846554;5429708
15.06.2018;53.080002;42.634628;10725480
18.06.2018;53.720001;41.878078;4792222
19.06.2018;52.299999;41.121525;4890346
20.06.2018;52.200001;41.279144;4559647
21.06.2018;52.720001;40.617165;3759661
22.06.2018;51.439999;40.317696;3946978
25.06.2018;51.180000;39.419296;3429121
26.06.2018;50.000000;38.836121;4582028
27.06.2018;49.400002;39.269566;4477633
28.06.2018;49.610001;38.426331;4307879
29.06.2018;49.259998;38.449966;7144809
02.07.2018;48.500000;37.921959;4358260
03.07.2018;48.160000;38.071693;5198210
04.07.2018;48.060001;37.527927;2438059
05.07.2018;47.570000;37.890442;4386116
06.07.2018;48.040001;37.149651;4214449
09.07.2018;47.540001;37.764347;2555231
10.07.2018;48.169998;37.866795;2967122
11.07.2018;47.509998;36.881706;4444308
12.07.2018;47.000000;37.110249;3404463
13.07.2018;47.189999;36.865948;2970402
16.07.2018;47.299999;36.889591;3511189
17.07.2018;47.180000;37.985012;4790676
18.07.2018;47.200001;37.291508;4296767
19.07.2018;47.299999;36.787140;4406730
20.07.2018;46.400002;35.778412;6429611
23.07.2018;45.500000;36.038471;3972542
24.07.2018;46.000000;37.275749;7424744
25.07.2018;46.990002;36.771378;8071494
26.07.2018;46.990002;36.802902;3624382
27.07.2018;46.790001;37.039326;3772681
30.07.2018;46.700001;36.716213;3769208
31.07.2018;46.590000;36.645287;5732620
01.08.2018;46.419998;36.062111;6052077
02.08.2018;45.560001;35.565632;7214024
03.08.2018;45.389999;36.298538;5347535
06.08.2018;46.849998;36.235493;4367578
07.08.2018;46.470001;37.283627;5094323
08.08.2018;47.330002;37.149651;3831026
09.08.2018;48.000000;38.363285;6677165
10.08.2018;48.290001;36.992039;6183739
13.08.2018;46.799999;36.944756;3125720
14.08.2018;46.900002;36.944756;5562541
15.08.2018;46.889999;35.691723;5626218
16.08.2018;45.939999;36.148804;3854127
17.08.2018;45.880001;35.210999;6814008
20.08.2018;45.090000;36.093636;4533237
21.08.2018;45.860001;36.172447;3232430
22.08.2018;45.900002;36.613766;5538059
23.08.2018;46.360001;36.582245;3558026
24.08.2018;46.439999;36.889591;3380225
27.08.2018;47.000000;37.165417;3176821
28.08.2018;47.400002;37.622494;5055447
29.08.2018;47.750000;37.480644;3168170
30.08.2018;47.560001;36.818665;4531744
31.08.2018;46.500000;36.495556;7165729
03.09.2018;46.250000;36.267014;3720373
04.09.2018;46.000000;36.046360;4036318
05.09.2018;45.500000;36.085762;5584423
06.09.2018;47.700001;37.126015;13052469
07.09.2018;47.000000;36.385220;10549798
10.09.2018;46.750000;37.315144;9983177
11.09.2018;47.430000;37.023563;9712286
12.09.2018;47.099998;35.920265;8656068
13.09.2018;45.750000;35.376499;8594857
14.09.2018;45.230000;35.762646;6461103
17.09.2018;45.299999;35.675961;4496190
18.09.2018;46.040001;36.322178;10480602
19.09.2018;46.400002;37.118126;7693487
20.09.2018;47.240002;37.985012;10093339
21.09.2018;48.660000;38.300236;8286779
24.09.2018;48.240002;38.300236;6377854
25.09.2018;49.270000;39.096191;9906262
26.09.2018;50.000000;38.686394;4311466
27.09.2018;49.040001;38.260830;4065385
28.09.2018;48.529999;38.505131;5837855
01.10.2018;49.040001;38.292358;5738067
02.10.2018;48.529999;38.780960;5244309
03.10.2018;49.500000;34.186512;29656434
04.10.2018;40.720001;33.169899;18298210
05.10.2018;42.779999;34.541142;16495566
08.10.2018;46.770000;35.888741;15931492
09.10.2018;46.480000;35.226761;11028252
10.10.2018;44.959999;34.328365;7295706
11.10.2018;42.220001;33.619099;10538561
12.10.2018;43.000000;33.768829;6974195
15.10.2018;42.900002;33.642735;5391650
16.10.2018;42.549999;33.603336;7483812
17.10.2018;42.680000;33.934326;7373785
18.10.2018;43.000000;32.988640;7746521
19.10.2018;42.189999;33.264462;6377485
22.10.2018;42.830002;33.319626;4822461
23.10.2018;41.869999;32.169044;8701105
24.10.2018;42.299999;32.216331;8478339
25.10.2018;40.000000;32.381828;8406574
26.10.2018;41.230000;33.075329;11541278
29.10.2018;42.330002;32.988640;6179952
31.10.2018;42.799999;34.485973;9585305
01.11.2018;43.630001;35.210995;6161041
02.11.2018;45.419998;35.762650;8579275
05.11.2018;45.290001;35.557751;4524200
06.11.2018;45.209999;35.037624;4846592
07.11.2018;44.439999;35.045506;3163700
08.11.2018;44.029999;34.359882;7059025
09.11.2018;43.200001;33.398441;6144771
12.11.2018;42.830002;33.626972;4143988
13.11.2018;42.720001;33.098972;5465892
14.11.2018;41.900002;33.091091;6177818
15.11.2018;42.299999;33.193535;4697526
16.11.2018;42.500000;33.690022;5891133
19.11.2018;43.000000;33.075325;7468197
20.11.2018;41.500000;32.570961;6036314
21.11.2018;41.700001;33.193535;5076532
22.11.2018;42.209999;32.988644;2660256
23.11.2018;41.830002;32.350304;3678330
26.11.2018;41.270000;32.933475;3501791
27.11.2018;41.740002;32.429111;4078476
28.11.2018;41.209999;32.626125;3999586
29.11.2018;41.500000;32.271492;7456078
30.11.2018;40.770000;31.916857;6218887
03.12.2018;42.000000;32.917717;7501256
04.12.2018;41.680000;32.641888;4879062
05.12.2018;40.840000;32.310898;2705807
06.12.2018;40.529999;31.136671;6780262
07.12.2018;39.610001;31.633158;6059594
10.12.2018;39.400002;30.750519;5518647
11.12.2018;39.200001;31.570114;5677017
12.12.2018;40.000000;31.775011;4905531
13.12.2018;40.000000;32.153286;6416098
14.12.2018;40.310001;31.451904;3908972
17.12.2018;39.939999;31.373096;3599144
18.12.2018;39.500000;31.593758;5509900
19.12.2018;40.090000;31.956266;5991865
20.12.2018;39.700001;30.931774;8000332
21.12.2018;39.000000;31.160316;8977891
27.12.2018;39.580002;30.490456;4050455
28.12.2018;39.070000;30.900253;4062902
02.01.2019;39.200001;30.301321;4701068
03.01.2019;38.330002;30.167343;6195709
04.01.2019;38.680000;30.498337;7902990
07.01.2019;39.200001;31.380976;4701867
08.01.2019;39.779999;31.916857;5280107
09.01.2019;40.889999;32.082363;4520892
10.01.2019;40.700001;32.082363;4889318
11.01.2019;41.000000;31.696205;4602251
14.01.2019;39.980000;31.365213;4472917
15.01.2019;40.470001;31.113031;6750130
16.01.2019;41.369999;32.744339;12966533
17.01.2019;41.599998;32.121761;5643381
18.01.2019;39.740002;32.035076;9156155
21.01.2019;40.540001;31.664684;3674912
22.01.2019;39.810001;31.049984;6300528
23.01.2019;39.400002;30.955416;3723833
24.01.2019;39.080002;30.797812;4642784
25.01.2019;38.880001;31.247007;3967933
28.01.2019;38.459999;29.899401;6831024
29.01.2019;37.599998;29.765430;4612709
30.01.2019;37.799999;30.388008;5159734
31.01.2019;38.830002;30.671711;5899736
01.02.2019;39.389999;30.860849;3162179
04.02.2019;39.250000;30.671711;4262586
05.02.2019;39.200001;30.892374;5148821
06.02.2019;39.240002;30.246157;6644767
07.02.2019;36.000000;28.559685;23885059
08.02.2019;35.750000;26.944138;10387869
11.02.2019;34.500000;26.991421;5316569
12.02.2019;34.549999;26.715601;5471560
13.02.2019;34.000000;27.495785;5820178
14.02.2019;34.919998;26.904734;6010301
15.02.2019;33.950001;27.330294;7379490
18.02.2019;34.770000;27.259367;4023260
19.02.2019;34.509998;27.267246;2967753
20.02.2019;34.599998;27.464264;4344831
21.02.2019;35.000000;27.472145;4911577
22.02.2019;34.950001;27.732208;4750351
25.02.2019;35.500000;28.386307;5779408
26.02.2019;35.990002;28.480877;4719110
27.02.2019;36.099998;28.354782;6681605
28.02.2019;35.900002;27.929224;5257180
01.03.2019;35.439999;27.519430;5186209
04.03.2019;35.110001;27.480026;9888540
05.03.2019;34.900002;27.535194;4184899
06.03.2019;34.799999;27.472145;4902497
07.03.2019;34.980000;27.267246;6361804
08.03.2019;34.400002;26.502821;7060226
11.03.2019;33.900002;26.368845;6433401
12.03.2019;33.700001;26.518579;6922051
13.03.2019;33.750000;27.204199;7641330
14.03.2019;34.720001;27.290890;8174884
15.03.2019;34.740002;27.684925;7804305
18.03.2019;35.310001;28.236572;5339005
19.03.2019;35.000000;28.039557;10595623
20.03.2019;35.200001;28.433594;6326861
21.03.2019;36.250000;28.449348;4869855
22.03.2019;36.259998;27.503668;4197601
25.03.2019;34.599998;27.212080;4905299
26.03.2019;34.660000;26.755001;4213897
27.03.2019;35.000000;27.574593;6773377
28.03.2019;35.090000;27.606119;7129147
29.03.2019;35.349998;27.543072;5676807
01.04.2019;35.459999;28.378424;6134345
02.04.2019;36.240002;29.071926;7157905
03.04.2019;37.599998;29.040405;6971412
04.04.2019;36.910000;28.922194;5185174
05.04.2019;36.709999;29.371399;4128403
08.04.2019;37.709999;29.607817;5545311
09.04.2019;37.689999;29.064045;5105770
10.04.2019;37.009998;29.426558;4859601
11.04.2019;37.540001;29.253187;3986195
12.04.2019;37.200001;29.434443;4652286
15.04.2019;38.500000;30.411652;9040266
16.04.2019;39.000000;30.514101;6621277
17.04.2019;38.720001;30.514101;0
23.04.2019;39.419998;30.805683;6130352
24.04.2019;39.040001;30.246157;5164693
25.04.2019;38.500000;30.230394;4175091
26.04.2019;38.400002;30.269796;3836606
29.04.2019;38.639999;30.025492;3599860
30.04.2019;37.900002;29.127092;5404120
02.05.2019;36.820000;28.252333;8025899
03.05.2019;35.849998;28.496635;3474193
06.05.2019;35.139999;27.795254;4038667
07.05.2019;35.520000;27.369694;5209207
08.05.2019;33.779999;27.157148;6990910
09.05.2019;33.500000;26.584902;7459827
10.05.2019;32.959999;27.026350;6058390
13.05.2019;33.150002;26.176155;6838899
14.05.2019;32.020000;26.413229;4905355
15.05.2019;32.639999;26.192505;4855905
16.05.2019;33.330002;27.467793;12987190
20.05.2019;34.160000;27.328821;7657572
21.05.2019;35.000000;28.865709;14073110
22.05.2019;35.500000;27.901068;9649112
23.05.2019;34.000000;26.723873;8475173
24.05.2019;32.990002;26.486801;7667309
27.05.2019;32.520000;26.388702;3260313
28.05.2019;32.290001;25.979956;7914248
29.05.2019;31.270000;25.391357;7342715
31.05.2019;30.650000;25.031664;8318779
03.06.2019;30.490000;25.546684;5712465
04.06.2019;31.170000;25.522158;5346254
05.06.2019;33.220001;25.742882;10932986
06.06.2019;31.750000;25.816456;8046383
07.06.2019;31.719999;25.824631;8318239
11.06.2019;31.980000;26.249731;8783221
12.06.2019;31.670000;25.424059;5593929
13.06.2019;31.000000;25.489460;4611597
14.06.2019;31.180000;25.276913;4646421
17.06.2019;30.990000;24.933563;3773506
18.06.2019;30.500000;25.088886;9429908
19.06.2019;30.840000;25.031664;8904397
20.06.2019;31.000000;25.203337;6625218
21.06.2019;30.780001;25.285086;9004677
24.06.2019;30.930000;24.745543;6390173
25.06.2019;30.139999;24.312269;5227010
26.06.2019;29.799999;24.385841;6386438
27.06.2019;30.020000;24.778236;6422837
28.06.2019;30.379999;24.933563;5377513
01.07.2019;31.200001;25.751057;8042636
02.07.2019;31.430000;25.146112;6460921
03.07.2019;30.700001;25.424059;7278202
04.07.2019;31.299999;25.718357;6231436
05.07.2019;31.480000;25.448584;4431710
08.07.2019;31.129999;25.661133;5077670
09.07.2019;31.150000;25.015314;7097344
10.07.2019;30.400000;24.851812;6915447
11.07.2019;30.500000;24.671967;5024111
12.07.2019;30.400000;25.146112;5565182
15.07.2019;30.900000;25.072536;5071331
16.07.2019;30.770000;25.505810;5291288
17.07.2019;31.020000;25.031664;3925126
18.07.2019;30.299999;24.492117;6092310
19.07.2019;30.010000;24.900862;3540214
22.07.2019;30.570000;25.064363;5765610
23.07.2019;30.200001;26.895552;15860073
24.07.2019;33.000000;27.165321;7798887
25.07.2019;33.250000;26.871021;5791240
26.07.2019;32.959999;26.478626;3839167
29.07.2019;32.439999;25.939081;4964248
30.07.2019;31.629999;25.097063;5190408
31.07.2019;30.850000;24.859987;6904941
01.08.2019;30.299999;24.573864;6207187
02.08.2019;29.250000;23.339451;13494195
05.08.2019;28.020000;22.824429;9520857
06.08.2019;28.020000;22.791729;6053099
07.08.2019;28.020000;22.530130;5223926
08.08.2019;28.139999;23.208651;6944160
09.08.2019;28.000000;22.873478;6335963
12.08.2019;28.000000;22.595531;5867246
13.08.2019;27.340000;22.930700;6987470
14.08.2019;28.049999;22.194958;9007268
15.08.2019;27.190001;21.892487;7002353
16.08.2019;26.969999;21.655413;8697392
19.08.2019;26.920000;21.966059;6306166
20.08.2019;26.900000;22.064161;5904162
21.08.2019;26.990000;22.268532;5251240
22.08.2019;27.299999;22.938877;7728873
23.08.2019;27.889999;22.374811;6784432
26.08.2019;26.719999;22.096861;4718739
27.08.2019;27.120001;22.611879;6988855
28.08.2019;27.709999;22.235834;5624580
29.08.2019;27.200001;22.652756;5817367
30.08.2019;28.000000;23.576523;6880453
02.09.2019;29.020000;24.042494;6617297
03.09.2019;29.400000;23.543823;6298144
04.09.2019;29.290001;24.238693;6947001
05.09.2019;30.150000;25.276913;9623045
06.09.2019;30.930000;25.424059;7440939
09.09.2019;31.250000;26.053530;8622545
10.09.2019;31.900000;27.075396;10816201
11.09.2019;33.930000;27.852016;11953341
12.09.2019;34.070000;27.484146;11296349
13.09.2019;33.610001;27.974640;8577229
16.09.2019;34.139999;27.688515;7502203
17.09.2019;33.630001;26.838326;8922443
18.09.2019;32.740002;27.099922;6069161
19.09.2019;33.119999;27.345171;5698325
20.09.2019;33.450001;27.108097;7443060
23.09.2019;33.200001;27.377872;8568580
24.09.2019;33.900002;26.732050;8198669
25.09.2019;32.660000;26.396877;6556124
26.09.2019;32.549999;26.511326;5105605
27.09.2019;33.000000;26.732050;5726100
30.09.2019;32.700001;26.159805;7210226
01.10.2019;31.990000;25.898207;5027540
02.10.2019;31.440001;25.211512;6856457
03.10.2019;30.510000;24.532991;6459908
04.10.2019;30.260000;24.868164;7184500
07.10.2019;30.500000;25.489460;4667130
08.10.2019;31.500000;25.121586;3133719
09.10.2019;30.680000;25.546684;5532303
10.10.2019;31.250000;25.914555;5950181
11.10.2019;31.629999;25.898207;4326074
14.10.2019;31.740000;25.546684;4943924
15.10.2019;31.299999;25.808281;3946998
16.10.2019;31.540001;26.061705;4664987
17.10.2019;31.379999;26.356003;8741825
18.10.2019;31.969999;26.601252;7142359
21.10.2019;32.540001;27.402395;6579594
22.10.2019;33.599998;26.732050;5237240
23.10.2019;34.000000;27.565895;12587812
24.10.2019;33.779999;27.361521;5373130
25.10.2019;33.500000;26.781097;6331636
28.10.2019;32.889999;27.255245;5032751
29.10.2019;33.360001;27.598591;5330508
31.10.2019;33.240002;26.527678;6500938
01.11.2019;32.500000;27.475969;4556087
04.11.2019;33.840000;28.653162;7884696
05.11.2019;35.189999;29.045559;5850412
06.11.2019;35.340000;29.119129;5649304
07.11.2019;35.700001;29.160006;7744164
08.11.2019;35.830002;29.045559;5430572
11.11.2019;35.369999;28.612286;4442032
12.11.2019;34.980000;28.399738;4171877
13.11.2019;34.599998;28.317986;4801408
14.11.2019;34.689999;27.819317;4997854
15.11.2019;34.310001;27.753918;3832108
18.11.2019;34.099998;27.157146;6537235
19.11.2019;33.290001;27.124449;4599883
20.11.2019;32.910000;26.715702;5042252
21.11.2019;32.299999;26.756571;5919590
22.11.2019;32.799999;26.944595;5279628
25.11.2019;33.200001;26.985472;3785847
26.11.2019;32.910000;26.617599;8095338
27.11.2019;32.799999;27.132620;4614523
28.11.2019;33.009998;26.920074;2400227
29.11.2019;32.900002;26.650301;4571779
02.12.2019;32.639999;25.832809;7046448
03.12.2019;31.299999;25.742880;5185715
04.12.2019;31.420000;26.135279;5292208
05.12.2019;31.750000;25.832809;6092383
06.12.2019;31.600000;25.571207;8221031
09.12.2019;31.400000;26.151628;5588267
10.12.2019;31.850000;26.184328;4859227
11.12.2019;31.049999;25.890032;5590519
12.12.2019;31.340000;26.535852;5546759
13.12.2019;32.889999;26.732050;5782986
16.12.2019;32.750000;26.928249;3359799
17.12.2019;33.020000;26.960947;6069688
18.12.2019;32.799999;26.568552;4429380
19.12.2019;32.139999;26.593073;5386251
20.12.2019;32.520000;26.576727;7227421
23.12.2019;32.650002;26.740225;2678558
27.12.2019;32.930000;26.633951;3728437
30.12.2019;32.660000;26.683002;2678606
02.01.2020;32.900002;27.312471;5016663
03.01.2020;33.160000;26.699348;4406908
06.01.2020;32.799999;26.405050;4229913
07.01.2020;32.630001;26.339655;3063750
08.01.2020;32.310001;26.233379;4329444
09.01.2020;32.400002;26.086227;4495190
10.01.2020;32.200001;26.593073;4841576
13.01.2020;32.590000;26.503151;3470933
14.01.2020;32.730000;26.854673;7588207
15.01.2020;32.970001;26.347828;5008184
16.01.2020;32.230000;26.045355;6992556
17.01.2020;32.099998;26.110754;4753740
20.01.2020;32.000000;26.372355;6940504
21.01.2020;32.009998;26.290602;4742761
22.01.2020;32.259998;26.004480;4811744
23.01.2020;31.600000;25.015314;7121404
24.01.2020;30.799999;24.900864;4149983
27.01.2020;30.040001;24.214170;8009441
28.01.2020;29.620001;24.810942;5813545
29.01.2020;30.500000;24.549343;5234486
30.01.2020;29.620001;23.985271;5957323
31.01.2020;29.410000;23.715498;7068270
03.02.2020;29.000000;23.625572;5395648
04.02.2020;29.160000;23.838123;4718192
05.02.2020;29.309999;24.745541;7187960
06.02.2020;30.860001;25.751059;9920012
07.02.2020;29.000000;22.644581;31340874
10.02.2020;28.000000;22.423861;15507712
11.02.2020;27.969999;23.650097;13724419
12.02.2020;28.940001;24.524817;12083088
13.02.2020;29.809999;24.295916;8697182
14.02.2020;29.750000;24.124243;6531228
17.02.2020;29.750000;24.124243;3748132
18.02.2020;29.299999;23.829947;6807630
19.02.2020;29.200001;24.500290;7168092
20.02.2020;30.170000;24.492115;6244076
21.02.2020;29.799999;24.582041;5232918
24.02.2020;29.299999;22.914354;12131095
25.02.2020;28.400000;22.595530;7418883
26.02.2020;27.440001;22.873476;9016884
27.02.2020;27.480000;21.491915;9088079
28.02.2020;25.420000;21.794384;13802891
02.03.2020;27.700001;21.688114;8847781
03.03.2020;27.379999;22.235834;8524086
04.03.2020;27.280001;21.827085;7175163
05.03.2020;27.010000;21.132219;9608698
06.03.2020;25.270000;20.445522;11652790
09.03.2020;22.660000;19.055780;15629785
10.03.2020;23.590000;18.810535;16309250
11.03.2020;23.400000;18.025740;14348050
12.03.2020;20.950001;16.668697;14947732
13.03.2020;20.510000;17.379921;16220711
16.03.2020;20.000000;17.878590;20057286
17.03.2020;22.200001;18.597986;15879461
18.03.2020;22.000000;18.033915;16988768
19.03.2020;22.230000;20.143047;15840559
20.03.2020;25.500000;18.843231;17614803
23.03.2020;21.500000;17.527067;15173822
24.03.2020;22.299999;18.933157;10157225
25.03.2020;23.889999;19.260155;11360542
26.03.2020;23.160000;18.802361;9207889
27.03.2020;22.799999;17.739618;8748964
30.03.2020;21.780001;18.164715;6032792
31.03.2020;22.500000;18.491711;8948995
01.04.2020;22.000000;18.074791;8677460
02.04.2020;22.000000;17.984865;7048127
03.04.2020;21.700001;16.856724;14284783
06.04.2020;21.270000;17.453495;10244454
07.04.2020;21.920000;18.369089;11797130
08.04.2020;22.160000;17.739618;5664992
14.04.2020;22.650000;18.148363;10725753
15.04.2020;22.000000;17.167370;8937468
16.04.2020;21.200001;16.954824;9344414
17.04.2020;21.420000;18.205589;15187053
20.04.2020;22.500000;18.107489;8188591
21.04.2020;21.850000;17.576118;5993914
22.04.2020;21.400000;17.862242;7175179
23.04.2020;21.950001;18.720610;9299164
24.04.2020;22.450001;18.393612;5963837
27.04.2020;22.750000;18.638861;5353099
28.04.2020;22.670000;18.941334;7785442
29.04.2020;25.000000;20.445522;16406860
30.04.2020;24.850000;21.393814;16634740
04.05.2020;25.750000;20.061300;14721055
05.05.2020;24.910000;20.118526;7322110
06.05.2020;24.750000;19.619854;7114955
07.05.2020;23.900000;19.628029;6720341
08.05.2020;24.200001;19.701601;4827737
11.05.2020;24.200001;19.096657;7154853
12.05.2020;23.309999;19.170231;7168092
13.05.2020;23.100000;18.614336;6766317
14.05.2020;22.500000;17.935816;7054921
15.05.2020;22.510000;18.638861;7716645
18.05.2020;23.200001;19.317379;9360496
19.05.2020;24.000000;19.824226;10790912
20.05.2020;24.080000;19.619854;6886401
22.05.2020;23.250000;19.129356;7368873
25.05.2020;23.500000;19.358255;3976374
26.05.2020;24.020000;20.028599;8600206
27.05.2020;24.379999;20.756168;9325859
28.05.2020;25.680000;20.821569;6828222
29.05.2020;25.059999;20.175749;12967656
02.06.2020;25.180000;21.074993;8929157
03.06.2020;26.000000;21.957888;9075442
04.06.2020;26.709999;22.178608;8986049
05.06.2020;27.450001;22.840778;12626385
08.06.2020;28.160000;22.914354;8504516
09.06.2020;28.000000;22.064157;10302104
10.06.2020;27.230000;22.644581;8607653
11.06.2020;27.059999;21.516439;8980383
12.06.2020;25.900000;22.006935;7858028
15.06.2020;26.000000;21.132219;8280879
16.06.2020;26.580000;22.530130;9778685
17.06.2020;27.360001;22.105034;6167938
18.06.2020;26.990000;21.966061;6166739
19.06.2020;27.070000;21.908834;11460899
22.06.2020;26.389999;22.072336;5302415
23.06.2020;27.309999;22.391159;6929529
24.06.2020;27.459999;22.203133;4570105
25.06.2020;26.799999;21.704462;6797717
26.06.2020;26.809999;21.475565;4876159
29.06.2020;26.150000;21.761688;5017065
30.06.2020;26.700001;21.720814;4681470
01.07.2020;26.680000;21.720814;5105525
02.07.2020;26.260000;21.843435;4669415
03.07.2020;26.590000;21.344765;3470074
06.07.2020;26.500000;22.039635;4539167
07.07.2020;26.959999;22.006935;3927188
08.07.2020;26.590000;22.055984;5067695
09.07.2020;27.100000;22.154087;5011889
10.07.2020;27.000000;22.358458;4106615
13.07.2020;27.700001;23.347622;8693483
14.07.2020;28.450001;23.298576;5151474
15.07.2020;28.799999;23.363977;7159937
16.07.2020;28.500000;23.126905;5617722
17.07.2020;28.500000;23.298576;4433019
20.07.2020;28.500000;23.159601;4165277
21.07.2020;28.580000;23.184126;5906867
22.07.2020;29.280001;22.783554;11107799
23.07.2020;27.750000;22.407505;5659615
24.07.2020;27.080000;21.859785;6738447
27.07.2020;26.500000;21.540966;5054336
28.07.2020;26.420000;21.655413;3995179
29.07.2020;26.520000;21.573666;3768233
30.07.2020;26.309999;20.478220;5276385
31.07.2020;25.500000;20.764345;5618220
03.08.2020;25.400000;21.140394;3979646
04.08.2020;26.000000;21.581837;4116882
05.08.2020;26.520000;22.105034;6158405
06.08.2020;27.040001;22.317583;5257500
07.08.2020;27.080000;22.170433;3281770
10.08.2020;27.270000;22.546482;3862404
11.08.2020;27.660000;23.135077;8316845
12.08.2020;28.250000;23.388500;4317678
13.08.2020;28.530001;23.380323;4595200
14.08.2020;28.600000;22.865303;4188477
17.08.2020;28.000000;22.865303;2145578
18.08.2020;27.940001;23.143250;5515780
19.08.2020;27.299999;22.350285;6516432
20.08.2020;27.250000;22.047810;3880793
21.08.2020;27.030001;21.867962;3451006
24.08.2020;27.100000;22.783554;5849337
25.08.2020;28.000000;22.595530;3818159
26.08.2020;27.549999;22.685455;2830147
27.08.2020;27.790001;22.538307;3563759
28.08.2020;27.790001;22.505608;3468022
31.08.2020;27.559999;22.799904;9163636
01.09.2020;27.910000;22.669104;5433962
02.09.2020;28.000000;22.677279;4170033
03.09.2020;27.830000;22.644581;3601297
04.09.2020;27.070000;22.554657;4224631
07.09.2020;27.559999;22.571005;2569574
08.09.2020;27.610001;22.031460;3813410
09.09.2020;27.010000;22.538307;3421795
10.09.2020;27.530001;22.235834;3725382
11.09.2020;27.000000;22.301231;3987673
14.09.2020;27.549999;22.521955;4004566
15.09.2020;27.549999;22.808079;6535789
16.09.2020;27.799999;22.726330;3605785
17.09.2020;27.629999;22.399332;3422715
18.09.2020;27.400000;22.170433;8260326
21.09.2020;27.049999;21.418341;7718271
22.09.2020;26.100000;21.115866;5088675
23.09.2020;26.000000;20.952368;3553613
24.09.2020;25.299999;20.837919;4206910
25.09.2020;25.309999;20.641720;4343826
28.09.2020;25.650000;21.148567;4319274
29.09.2020;25.959999;21.083166;3693193
30.09.2020;25.770000;21.042292;3388822
01.10.2020;25.799999;20.846092;3837171
02.10.2020;25.110001;20.698944;4965512
05.10.2020;25.139999;21.303892;5005304
06.10.2020;26.280001;21.303892;4110120
07.10.2020;25.910000;21.361115;5495206
08.10.2020;26.309999;21.442863;4858792
09.10.2020;26.100000;21.254839;5375311
12.10.2020;26.200001;21.254839;5381833
13.10.2020;26.360001;21.598188;10943654
14.10.2020;26.500000;21.418341;7075402
15.10.2020;26.330000;21.181267;5876309
16.10.2020;26.420000;21.639063;8889670
19.10.2020;26.500000;21.418341;6671860
20.10.2020;26.090000;21.336592;5133700
21.10.2020;26.139999;21.434689;5372433
22.10.2020;26.100000;21.475565;5211348
23.10.2020;27.100000;22.889828;16472161
26.10.2020;27.900000;22.767204;6691950
27.10.2020;27.719999;22.333931;6473187
28.10.2020;27.100000;21.876137;9255100
29.10.2020;26.820000;22.072336;5946927
30.10.2020;27.000000;21.851610;5756536
02.11.2020;26.910000;22.530132;4916678
03.11.2020;27.750000;23.290401;7130381
04.11.2020;28.260000;23.184126;5508729
05.11.2020;28.400000;23.486599;4997641
06.11.2020;28.629999;24.026142;7653975
09.11.2020;29.969999;25.587559;11354514
10.11.2020;31.000000;25.456758;6340449
11.11.2020;31.280001;25.759232;6340379
12.11.2020;31.400000;25.579382;4467766
13.11.2020;31.600000;26.789274;9942067
16.11.2020;33.119999;27.516846;7616202
17.11.2020;32.700001;27.780043;6158642
18.11.2020;32.990002;28.527180;7426360
19.11.2020;33.400002;29.121498;9718859
20.11.2020;34.480000;29.707325;9256026
23.11.2020;36.049999;30.573328;10192686
24.11.2020;36.400002;31.948750;12897040
25.11.2020;37.400002;31.031797;8129807
26.11.2020;36.840000;30.989349;3466832
27.11.2020;36.490002;30.972370;3875521
30.11.2020;36.270000;30.564840;8560401
01.12.2020;36.000000;31.430841;6029064
02.12.2020;37.389999;31.965727;7046730
03.12.2020;38.130001;32.407215;7482681
04.12.2020;38.200001;32.670418;6131706
07.12.2020;38.480000;32.653431;4993115
08.12.2020;38.459999;32.220432;5792995
09.12.2020;38.110001;32.925121;5573366
10.12.2020;39.439999;34.130733;9282595
11.12.2020;40.349998;33.748672;6511531
14.12.2020;40.450001;33.527931;4295914
15.12.2020;39.599998;33.893009;5101710
16.12.2020;39.889999;33.307182;6596798
17.12.2020;39.500000;34.190166;6706526
18.12.2020;40.299999;34.258087;7010393
21.12.2020;40.000000;33.162849;6895293
22.12.2020;38.990002;33.315674;3430374
23.12.2020;39.400002;33.578873;2229961
28.12.2020;40.090000;34.147717;3048912
29.12.2020;40.139999;33.324162;4637424
30.12.2020;39.340000;33.842064;2525579
04.01.2021;40.000000;33.392086;5438103
05.01.2021;38.950001;33.273224;5593163
06.01.2021;39.509998;34.784481;7855221
07.01.2021;41.259998;35.692936;6408701
08.01.2021;42.599998;35.650490;7848282
11.01.2021;41.990002;34.911835;5564673
12.01.2021;41.419998;35.684448;5985405
13.01.2021;42.110001;34.648640;5080191
14.01.2021;41.189999;35.658974;7151114
15.01.2021;41.250000;34.096771;7444548
18.01.2021;40.099998;34.283558;2735615
19.01.2021;40.799999;33.799618;5352951
20.01.2021;40.880001;34.402424;6076692
21.01.2021;40.970001;34.079796;5099973
22.01.2021;39.580002;33.443027;5614457
25.01.2021;39.849998;32.814751;5732187
26.01.2021;38.549999;32.721355;5062740
27.01.2021;38.259998;31.405371;7644758
28.01.2021;36.570000;31.787432;6215424
29.01.2021;36.770000;32.364765;8579065
01.02.2021;38.209999;32.169495;3965029
02.02.2021;38.139999;32.118549;4433710
03.02.2021;38.709999;33.018517;5091042
04.02.2021;39.020000;33.536419;6579710
05.02.2021;39.900002;33.680748;6524171
08.02.2021;40.139999;34.385445;4990557
09.02.2021;40.560001;33.604343;6240281
10.02.2021;39.759998;34.266582;5889474
11.02.2021;40.680000;35.124096;6812733
12.02.2021;42.000000;34.826935;5816019
15.02.2021;42.000000;35.489174;4002639
16.02.2021;41.799999;35.361820;3538287
17.02.2021;41.990002;36.516491;7747857
18.02.2021;43.220001;36.236313;5237923
19.02.2021;42.779999;37.340042;5295958
22.02.2021;44.099998;38.231514;8234880
23.02.2021;45.380001;39.080540;6509417
24.02.2021;46.099998;40.447468;8733100
25.02.2021;48.119999;41.313473;8185506
26.02.2021;47.500000;40.753120;11276418
01.03.2021;48.689999;40.829525;6682753
02.03.2021;47.799999;41.568176;5714667
03.03.2021;49.580002;41.678551;7137717
04.03.2021;49.200001;40.557846;6781130
05.03.2021;48.049999;41.559692;5216586
08.03.2021;49.139999;41.355927;5236405
09.03.2021;48.450001;41.135181;5633120
10.03.2021;49.200001;43.113400;8990695
11.03.2021;51.240002;44.573719;9226097
12.03.2021;51.799999;43.690739;6812315
15.03.2021;51.500000;44.115250;4888286
16.03.2021;52.000000;43.673756;6482246
17.03.2021;51.439999;44.081284;5737160
18.03.2021;52.320000;45.983097;8496354
19.03.2021;53.779999;44.709564;10853799
22.03.2021;52.180000;43.962425;5801881
23.03.2021;49.500000;41.678551;10966626
24.03.2021;48.889999;42.357769;5722759
25.03.2021;50.320000;42.502106;6411121
26.03.2021;50.959999;45.066158;8151074
29.03.2021;53.000000;45.049175;3733974
30.03.2021;53.279999;45.354820;4449449
31.03.2021;53.980000;46.492512;4778346
06.04.2021;56.560001;45.422745;8368862
07.04.2021;53.720001;45.422745;4058291
08.04.2021;53.799999;45.252945;4846069
09.04.2021;53.520000;45.252945;4319130
12.04.2021;52.959999;44.794464;3491723
13.04.2021;53.500000;45.541607;6884712
14.04.2021;53.880001;46.441578;4522494
15.04.2021;55.220001;47.307575;4923565
16.04.2021;56.480000;48.173584;5885745
19.04.2021;56.860001;47.477379;3223366
20.04.2021;55.919998;46.849110;4138357
21.04.2021;55.000000;46.068001;4840459
22.04.2021;54.299999;46.068001;3708412
23.04.2021;54.320000;46.917027;3882221
26.04.2021;55.500000;47.562283;4826485
27.04.2021;56.599998;46.152905;8612127
28.04.2021;55.000000;45.932156;5203343
29.04.2021;54.540001;45.847256;3971197
30.04.2021;54.099998;45.134075;6563026
03.05.2021;53.000000;46.068001;2409103
04.05.2021;54.680000;45.660473;5865588
05.05.2021;54.220001;46.832123;4471185
06.05.2021;55.759998;45.949139;4324041
07.05.2021;54.200001;47.800316;3463849
10.05.2021;55.660000;49.051811;4222319
11.05.2021;55.980000;48.339153;3843659
12.05.2021;56.099998;48.130573;3478796
14.05.2021;54.279999;46.826927;5265323
18.05.2021;54.400002;46.826927;6134927
19.05.2021;53.160000;44.237022;6017846
20.05.2021;51.980000;43.958908;6388398
21.05.2021;50.880001;45.001823;5695564
25.05.2021;52.000000;43.646034;5011498
26.05.2021;50.639999;43.837234;4480519
27.05.2021;51.000000;46.548820;13427595
28.05.2021;54.200001;47.087658;5541658
31.05.2021;54.279999;47.574352;3175667
01.06.2021;55.200001;48.756321;5236587
02.06.2021;56.200001;48.930138;4717326
03.06.2021;56.340000;47.105038;4183722
04.06.2021;54.200001;48.008896;2132173
07.06.2021;55.320000;46.879070;2964345
08.06.2021;53.700001;46.479286;3937357
09.06.2021;53.759998;46.288086;5160880
10.06.2021;53.540001;46.270706;2999579
11.06.2021;53.540001;47.018124;3605155
14.06.2021;54.279999;47.209328;3698157
15.06.2021;54.340000;45.575424;5601405
16.06.2021;52.459999;44.723713;6533492
17.06.2021;50.980000;43.854614;4316160
18.06.2021;50.119999;43.168026;10723138
21.06.2021;49.000000;44.289162;4982739
22.06.2021;51.580002;44.567276;4573529
23.06.2021;52.040001;46.218555;4993142
24.06.2021;53.619999;47.191944;4739948
25.06.2021;54.580002;48.008896;3485874
28.06.2021;55.080002;47.313622;2801736
29.06.2021;54.279999;47.609112;2899882
30.06.2021;55.000000;47.748165;4821627
01.07.2021;55.160000;47.800316;2721788
02.07.2021;55.160000;48.617264;3315826
05.07.2021;56.299999;49.521126;3589799
06.07.2021;57.299999;48.721558;2933946
07.07.2021;56.400002;48.982288;3118193
08.07.2021;55.799999;46.705254;6057816
09.07.2021;54.000000;49.017052;3609137
12.07.2021;56.160000;48.825848;2576621
13.07.2021;56.299999;49.329926;3147653
14.07.2021;56.500000;49.729710;2726098
15.07.2021;57.439999;50.407604;3516549
16.07.2021;58.500000;48.147953;5517866
19.07.2021;55.500000;46.514053;4523838
20.07.2021;54.060001;48.130573;3750907
21.07.2021;55.419998;48.895374;3364722
22.07.2021;56.500000;49.225628;3756642
23.07.2021;58.000000;48.808468;4337602
26.07.2021;55.980000;49.834000;3393074
27.07.2021;57.200001;50.494511;3757691
28.07.2021;57.779999;50.303314;2882795
29.07.2021;58.320000;51.971977;4704282
30.07.2021;59.000000;51.085495;4804254
02.08.2021;59.000000;51.780781;2839811
03.08.2021;59.500000;51.746014;3687390
04.08.2021;59.779999;51.867687;3066580
05.08.2021;59.619999;50.233784;5121202
06.08.2021;58.000000;50.772625;2938943
09.08.2021;58.299999;50.216404;1935961
10.08.2021;58.959999;51.798161;4137144
11.08.2021;59.900002;52.980129;7548452
12.08.2021;61.500000;53.605881;3983740
13.08.2021;61.799999;54.318539;3858974
16.08.2021;62.080002;53.223480;3468723
17.08.2021;61.360001;53.310387;3422984
18.08.2021;61.400002;52.841072;3266256
19.08.2021;60.000000;50.059963;7242056
20.08.2021;57.320000;48.599880;6077351
23.08.2021;56.599998;50.842155;5379838
24.08.2021;58.959999;51.380993;3482634
25.08.2021;59.000000;50.859531;3426388
26.08.2021;58.099998;51.137646;3050470
27.08.2021;58.840000;52.667255;5359831
30.08.2021;60.980000;52.580345;3233805
31.08.2021;61.279999;52.163177;10347030
01.09.2021;61.840000;52.788929;5036336
02.09.2021;61.000000;53.658028;4565562
03.09.2021;62.180000;54.057812;3237810
06.09.2021;63.200001;55.882915;7777672
07.09.2021;63.980000;55.483131;4443680
08.09.2021;63.900002;55.344070;3801359
09.09.2021;63.900002;55.900299;4764831
10.09.2021;64.959999;57.881832;5185382
13.09.2021;67.199997;56.873684;6313349
14.09.2021;65.500000;56.734627;5021952
15.09.2021;65.580002;58.438061;5871336
16.09.2021;67.099998;57.933987;4675675
17.09.2021;66.940002;57.099644;9195056
20.09.2021;64.099998;54.631416;8803829
21.09.2021;63.040001;54.631416;6826027
22.09.2021;64.900002;56.491283;6801650
23.09.2021;65.800003;57.099644;4208280
24.09.2021;65.099998;56.404373;4716931
27.09.2021;65.300003;56.056732;4589038
28.09.2021;64.639999;56.630341;5088549
29.09.2021;64.860001;56.421749;5112542
30.09.2021;65.500000;56.943207;6084732
01.10.2021;63.759998;56.526047;3908041
04.10.2021;65.260002;58.368530;4987889
05.10.2021;67.459999;58.577114;4267874
06.10.2021;67.580002;55.935062;6504880
07.10.2021;65.519997;56.925831;5646676
08.10.2021;65.040001;55.691711;5586174
11.10.2021;64.620003;58.681400;5865678
12.10.2021;66.500000;58.559727;5664279
13.10.2021;67.139999;58.855228;4739007
14.10.2021;68.199997;61.253937;6699404
15.10.2021;71.599998;60.836765;6114079
18.10.2021;70.360001;62.105644;5727614
19.10.2021;72.000000;61.792770;4542830
20.10.2021;70.099998;59.011658;6968605
21.10.2021;67.620003;56.995358;5811032
22.10.2021;65.599998;56.891068;4828706
25.10.2021;66.040001;57.377758;3978797
26.10.2021;68.000000;56.943207;8751164
27.10.2021;64.199997;54.335922;8319715
28.10.2021;63.000000;55.274544;5430602
29.10.2021;63.400002;53.779701;7070279
01.11.2021;62.459999;55.344074;5684226
02.11.2021;62.619999;53.883987;5957687
03.11.2021;62.540001;55.448364;6122803
04.11.2021;64.099998;53.623264;6476430
05.11.2021;61.580002;52.980129;7108616
08.11.2021;61.220001;53.953518;3803915
09.11.2021;61.799999;52.771549;4542823
10.11.2021;60.820000;53.101803;4608234
11.11.2021;61.279999;56.178406;8015792
12.11.2021;64.599998;56.578190;4201628
15.11.2021;64.400002;54.509739;4439088
16.11.2021;62.599998;53.293003;4261544
17.11.2021;61.099998;54.266392;4779031
18.11.2021;61.599998;53.014893;5377219
19.11.2021;62.439999;54.318539;6874999
22.11.2021;62.700001;53.571114;4402449
23.11.2021;62.200001;53.814461;3822795
24.11.2021;62.180000;53.866608;3634154
25.11.2021;62.599998;54.666180;2129351
26.11.2021;61.160000;51.867687;4927529
29.11.2021;59.880001;52.580345;5585089
30.11.2021;59.060001;51.189793;9960977
01.12.2021;59.599998;53.136566;5771376
02.12.2021;60.540001;52.736782;5005436
03.12.2021;61.279999;52.354382;3986974
06.12.2021;60.099998;52.284851;3248407
07.12.2021;61.099998;54.231628;5228504
08.12.2021;62.240002;54.700939;4517218
09.12.2021;63.020000;55.187637;4311520
10.12.2021;63.759998;54.926910;4285805
13.12.2021;64.199997;56.421753;6704668
14.12.2021;65.199997;55.882912;5369276
15.12.2021;64.599998;54.683559;5925463
16.12.2021;64.480003;57.221317;6568319
17.12.2021;65.379997;57.238705;8202469
20.12.2021;64.680000;57.047501;3583588
21.12.2021;66.500000;59.376682;5608677
22.12.2021;68.699997;60.176247;4968410
23.12.2021;69.599998;61.636330;3271593
27.12.2021;71.000000;61.149643;1555251
28.12.2021;70.419998;60.471745;2385251
29.12.2021;69.500000;59.880760;3197034
30.12.2021;68.919998;60.419598;2747724
03.01.2022;69.900002;60.228397;2647161
04.01.2022;69.500000;61.636330;6364953
05.01.2022;71.040001;61.497280;4867504
06.01.2022;69.400002;60.124104;3533239
07.01.2022;69.339996;61.618954;3926113
10.01.2022;70.959999;60.662949;3494791
11.01.2022;70.019997;61.027966;4682500
12.01.2022;71.000000;63.756924;5659434
13.01.2022;72.919998;63.513580;3510906
14.01.2022;73.000000;62.905212;4431793
17.01.2022;73.220001;64.139336;2828630
18.01.2022;73.699997;64.087189;3168340
19.01.2022;73.639999;63.113792;5344513
20.01.2022;73.919998;63.670017;5080994
21.01.2022;72.459999;61.966587;3746586
24.01.2022;71.019997;59.307148;6198571
25.01.2022;69.260002;60.141487;5205947
26.01.2022;70.000000;61.375603;5078151
27.01.2022;69.559998;61.688480;4034176
28.01.2022;70.839996;60.662949;5016875
31.01.2022;71.000000;59.081188;6077729
01.02.2022;68.639999;61.410370;3777760
02.02.2022;71.040001;60.350071;4615510
03.02.2022;69.959999;60.923676;3161608
04.02.2022;70.800003;61.931831;5176452
07.02.2022;71.699997;63.409290;6097638
08.02.2022;73.620003;66.381599;8592520
09.02.2022;77.080002;67.824303;5309512
10.02.2022;78.620003;66.746620;6063859
11.02.2022;76.199997;67.424515;4275054
14.02.2022;77.580002;67.250694;4633036
15.02.2022;77.000000;65.807999;4777274
16.02.2022;76.779999;67.389755;3835726
17.02.2022;77.919998;66.885674;2971962
18.02.2022;77.519997;67.094261;4582749
21.02.2022;76.500000;67.667870;5371078
22.02.2022;77.699997;68.067642;5112249
23.02.2022;78.800003;69.406059;6739931
24.02.2022;78.300003;71.665710;8520809
25.02.2022;84.800003;72.552185;6523058
28.02.2022;84.000000;72.621712;10576563
01.03.2022;84.000000;75.194237;6722652
02.03.2022;86.500000;76.602180;6075423
03.03.2022;89.000000;78.653244;8776915
04.03.2022;91.120003;76.480507;6059462
07.03.2022;88.919998;75.611412;8295597
08.03.2022;86.540001;71.648323;10724187
09.03.2022;83.000000;69.701546;9763280
10.03.2022;79.480003;72.639091;6782788
11.03.2022;83.599998;72.865059;5803387
14.03.2022;83.800003;69.910133;5596230
15.03.2022;79.279999;66.816147;8468638
16.03.2022;79.099998;69.944901;8205121
17.03.2022;81.059998;73.334373;8808290
18.03.2022;85.000000;72.360992;9323532
21.03.2022;85.139999;78.305611;9687360
22.03.2022;90.500000;78.496803;5395151
23.03.2022;91.019997;80.043800;5991487
24.03.2022;92.440002;79.661400;4460990
25.03.2022;91.000000;78.357758;3722641
28.03.2022;89.540001;78.236076;3563282
29.03.2022;89.599998;72.969353;7253674
30.03.2022;86.379997;77.001953;5470357
31.03.2022;89.000000;74.829224;7486759
01.04.2022;86.419998;77.262688;3698618
04.04.2022;89.699997;77.036720;3357437
05.04.2022;88.800003;77.088867;4033721
06.04.2022;88.480003;76.480507;4685998
07.04.2022;87.500000;75.124710;3436746
08.04.2022;87.099998;76.028572;4598006
11.04.2022;87.620003;74.047028;6174839
12.04.2022;86.279999;75.698318;4221962
13.04.2022;87.000000;78.218697;3814705
19.04.2022;90.400002;78.635864;6809356
20.04.2022;90.480003;77.245308;4590412
21.04.2022;88.199997;77.540802;4848486
22.04.2022;86.839996;72.569572;8127485
25.04.2022;80.419998;66.398979;8375863
26.04.2022;77.599998;67.893829;5974061
27.04.2022;78.720001;71.752617;6208940
28.04.2022;83.000000;69.805840;4720891
29.04.2022;83.279999;69.475586;3809251
02.05.2022;79.260002;67.615723;4045738
03.05.2022;77.800003;67.354996;6565137
04.05.2022;79.000000;65.356064;5567368
05.05.2022;77.680000;66.590187;5598850
06.05.2022;75.580002;63.061649;7197758
09.05.2022;71.500000;60.523888;6570386
10.05.2022;69.000000;56.439140;7175397
11.05.2022;66.000000;60.958569;9080012
12.05.2022;65.339996;58.358105;8630298
13.05.2022;66.000000;61.514530;6014215
16.05.2022;68.760002;62.482986;5264151
18.05.2022;72.000000;65.442139;7540489
19.05.2022;71.080002;65.083458;4978338
20.05.2022;73.779999;65.657349;4652661
23.05.2022;74.500000;67.396980;4416875
24.05.2022;74.000000;66.392654;3546086
25.05.2022;74.620003;65.316597;3614416
27.05.2022;73.059998;66.894814;4238825
30.05.2022;75.379997;66.733398;3102548
31.05.2022;74.000000;67.396980;7897733
01.06.2022;76.000000;64.653030;5417156
02.06.2022;72.220001;66.625801;3432931
03.06.2022;74.860001;65.980171;1949664
07.06.2022;73.019997;67.127960;4066523
08.06.2022;74.879997;65.334534;4505883
09.06.2022;72.379997;64.186745;4898777
10.06.2022;70.199997;59.613503;8975421
13.06.2022;65.199997;56.672283;7629667
14.06.2022;63.759998;57.425522;3809015
15.06.2022;63.660000;57.838009;5477801
16.06.2022;64.519997;54.825050;5110875
17.06.2022;61.860001;54.986458;6435503
20.06.2022;61.200001;56.403267;3123087
21.06.2022;63.020000;56.690216;2873143
22.06.2022;61.439999;54.197350;4143146
23.06.2022;59.480000;54.161488;6211711
24.06.2022;59.919998;54.143551;3536605
27.06.2022;60.500000;55.058197;4198726
28.06.2022;62.740002;55.919041;5693466
29.06.2022;61.799999;54.609840;4717058
30.06.2022;59.220001;49.462708;10134549
01.07.2022;55.000000;48.422520;5732865
04.07.2022;54.160000;49.355099;5597071
05.07.2022;55.099998;47.382332;5512199
06.07.2022;52.459999;47.794815;5657274
07.07.2022;53.779999;49.695850;7689957
08.07.2022;54.740002;49.337166;3762627
11.07.2022;53.580002;48.996414;4652279
12.07.2022;54.119999;48.996414;4942954
13.07.2022;54.779999;48.368713;3784129
14.07.2022;54.200001;47.274723;4453268
15.07.2022;52.480000;48.027966;5130947
18.07.2022;54.520000;49.050217;4032473
19.07.2022;54.000000;49.911064;7984139
20.07.2022;56.099998;50.449089;4472771
21.07.2022;56.160000;50.233883;4040758
22.07.2022;58.580002;53.444111;7096584
25.07.2022;59.400002;53.766930;4918337
26.07.2022;61.020000;53.246838;4090928
27.07.2022;59.860001;54.735382;3286345
28.07.2022;61.540001;55.632095;4682056
29.07.2022;63.299999;58.340164;6334504
01.08.2022;65.099998;57.479321;4838618
02.08.2022;63.900002;56.923359;2924755
03.08.2022;63.919998;55.919041;3785703
04.08.2022;62.840000;56.385334;3094110
05.08.2022;62.939999;57.586929;3461207
08.08.2022;64.480003;58.142887;2928670
09.08.2022;64.419998;58.286366;3647625
10.08.2022;64.000000;57.981483;2968170
11.08.2022;65.260002;59.936314;4606089
12.08.2022;67.099998;58.752655;3860101
15.08.2022;65.919998;56.959229;3113519
16.08.2022;63.560001;59.165150;3469579
17.08.2022;65.500000;58.232567;4583471
18.08.2022;65.099998;60.456409;4884969
19.08.2022;67.239998;60.205334;3643979
22.08.2022;66.559998;59.631432;3361745
23.08.2022;66.199997;61.245518;5599812
24.08.2022;68.660004;61.855282;4953546
25.08.2022;69.699997;62.465050;4732211
26.08.2022;70.000000;63.756317;4055638
29.08.2022;70.000000;63.021008;3520322
30.08.2022;70.000000;61.281380;3854637
31.08.2022;68.019997;61.424858;6650446
01.09.2022;67.500000;57.891808;4962761
02.09.2022;64.480003;58.788521;3698615
05.09.2022;65.599998;58.196693;2624904
06.09.2022;64.760002;56.995098;3165310
07.09.2022;63.139999;55.919041;4834592
08.09.2022;63.220001;57.604858;4169394
09.09.2022;65.500000;60.456409;4672806
12.09.2022;68.320000;62.088425;4311572
13.09.2022;69.800003;62.357445;4724845
14.09.2022;68.660004;59.003738;6246429
15.09.2022;65.540001;59.057537;5044403
16.09.2022;64.459999;58.017349;7652309
19.09.2022;64.080002;57.551060;3351178
20.09.2022;64.739998;54.430500;4132751
21.09.2022;61.000000;55.799301;4640421
22.09.2022;60.000000;54.660164;3787568
23.09.2022;60.500000;51.830692;4493825
26.09.2022;54.779999;52.694233;5312587
27.09.2022;57.060001;52.767727;3027196
28.09.2022;55.000000;52.234905;6383356
29.09.2022;57.180000;53.355671;9397301
30.09.2022;58.240002;54.053848;5816091
03.10.2022;58.320000;55.578819;4776806
04.10.2022;61.619999;57.103794;5706980
05.10.2022;61.660000;56.313747;4100181
06.10.2022;62.240002;56.368866;4435163
07.10.2022;61.160000;55.505325;3352138
10.10.2022;60.000000;56.644463;3181701
11.10.2022;60.779999;53.925236;4661059
12.10.2022;58.759998;52.639114;3268889
13.10.2022;59.759998;56.185135;6115725
14.10.2022;61.880001;56.460732;4358990
17.10.2022;60.480000;56.074898;3452071
18.10.2022;61.000000;56.405613;4088904
19.10.2022;61.500000;55.303223;3832726
20.10.2022;59.500000;56.093269;5096980
21.10.2022;60.400002;56.791451;4423214
24.10.2022;62.480000;57.342644;3970880
25.10.2022;64.000000;59.382065;6842746
26.10.2022;64.720001;60.796799;4089505
27.10.2022;66.000000;62.138039;4854786
28.10.2022;64.540001;60.374218;6608733
31.10.2022;65.959999;60.613071;4639115
01.11.2022;66.900002;61.788952;4258736
02.11.2022;67.839996;60.796799;2746686
03.11.2022;64.199997;60.613071;3363694
04.11.2022;67.000000;63.736504;5651101
07.11.2022;69.800003;63.332298;4111123
08.11.2022;68.519997;63.185310;3928133
09.11.2022;69.000000;63.332298;2845995
10.11.2022;68.000000;64.067223;3796399
11.11.2022;70.260002;68.421669;6150284
14.11.2022;73.940002;67.594872;2792612
15.11.2022;73.879997;67.300903;2915221
16.11.2022;73.580002;65.647316;3007720
17.11.2022;71.099998;64.655159;3237090
18.11.2022;71.519997;65.426834;2642659
21.11.2022;69.599998;64.875641;3128407
22.11.2022;70.599998;66.804825;2701402
23.11.2022;73.540001;67.190659;2934336
24.11.2022;73.879997;67.962334;2784978
25.11.2022;73.980003;67.153915;3022614
28.11.2022;72.000000;65.996399;3237911
29.11.2022;72.019997;67.135544;3898261
30.11.2022;73.120003;66.676216;9517394
01.12.2022;73.519997;67.209038;3139118
02.12.2022;73.139999;66.602722;2758070
05.12.2022;73.000000;68.366539;3159315
06.12.2022;74.199997;68.752373;3528314
07.12.2022;74.260002;67.613243;3198350
08.12.2022;73.720001;68.587021;3970905
09.12.2022;75.000000;68.587021;3383611
12.12.2022;74.180000;67.723480;4683860
13.12.2022;74.199997;67.723480;5610021
14.12.2022;73.339996;64.544930;7272525
15.12.2022;67.000000;63.975357;5948052
16.12.2022;69.239998;63.479279;6103852
19.12.2022;69.300003;64.306076;4017624
20.12.2022;70.139999;65.518700;5257135
21.12.2022;71.879997;66.510857;4890766
22.12.2022;72.480003;65.996399;3669936
23.12.2022;72.139999;67.190659;2395517
27.12.2022;73.620003;66.584351;1748166
28.12.2022;72.940002;66.896690;2155116
29.12.2022;72.680000;67.356018;2155765
30.12.2022;73.000000;67.356018;1876620
02.01.2023;73.739998;67.319275;1244820
03.01.2023;73.900002;65.904533;3010547
04.01.2023;72.239998;62.523876;7057774
05.01.2023;68.199997;65.132866;4574883
06.01.2023;71.000000;66.418991;2548594
09.01.2023;73.720001;69.358696;5514881
10.01.2023;73.699997;68.954483;3947247
11.01.2023;75.099998;69.230080;3904377
12.01.2023;76.000000;69.340324;5308212
13.01.2023;75.720001;70.314102;2525342
16.01.2023;76.900002;71.545097;2539364
17.01.2023;77.879997;73.511024;5716008
18.01.2023;80.320000;76.340492;6183684
19.01.2023;80.980003;73.382416;6535584
20.01.2023;81.519997;73.731506;3699695
23.01.2023;80.879997;75.127869;2142107
24.01.2023;82.320000;73.676384;3280992
25.01.2023;80.459999;74.613419;3364054
26.01.2023;82.000000;73.547775;4042895
27.01.2023;80.300003;74.539925;3447213
30.01.2023;80.580002;74.209206;2442501
31.01.2023;80.300003;73.804993;4906670
01.02.2023;80.760002;74.227585;4862983
02.02.2023;81.180000;73.676384;5305261
03.02.2023;79.820000;74.043846;4670167
06.02.2023;80.699997;74.190842;4671543
07.02.2023;81.500000;75.568825;5161682
08.02.2023;82.720001;75.532082;3510194
09.02.2023;81.760002;73.841743;4461001
10.02.2023;79.500000;73.492653;5221749
13.02.2023;78.839996;72.316772;5047488
14.02.2023;76.260002;70.552956;7143627
15.02.2023;77.000000;69.083092;4212152
16.02.2023;76.000000;70.975533;3821319
17.02.2023;77.000000;71.067398;3996527
20.02.2023;78.199997;74.337822;4271417
21.02.2023;80.019997;74.356194;3507642
22.02.2023;80.120003;71.508354;5330644
23.02.2023;78.260002;71.710457;3878778
24.02.2023;77.680000;68.146065;6265845
27.02.2023;73.339996;69.083092;3693220
28.02.2023;74.839996;69.505684;7345379
01.03.2023;77.339996;72.445389;5283799
02.03.2023;79.440002;72.849594;3853837
03.03.2023;79.500000;75.256477;4579073
06.03.2023;81.779999;73.768257;3477812
07.03.2023;80.260002;73.180313;5893681
08.03.2023;79.160004;72.923088;5416405
09.03.2023;79.900002;71.379738;2989430
10.03.2023;76.300003;69.836395;3017122
13.03.2023;77.339996;68.899368;4848752
14.03.2023;74.320000;69.946632;4314961
15.03.2023;75.879997;66.529228;4056825
16.03.2023;72.760002;65.500336;5554003
17.03.2023;72.959999;65.500336;11703074
20.03.2023;71.180000;67.080421;4285678
21.03.2023;73.500000;67.594872;3431627
22.03.2023;73.980003;67.796974;2748849
23.03.2023;73.379997;67.153915;3355912
24.03.2023;73.279999;65.812675;4373219
27.03.2023;72.400002;67.613243;3534640
28.03.2023;74.559998;69.230080;2897224
29.03.2023;75.739998;69.524055;2621499
30.03.2023;76.940002;71.416489;3840498
31.03.2023;78.139999;71.471611;3447226
03.04.2023;78.639999;72.114670;2414355
04.04.2023;79.059998;71.085770;3211236
05.04.2023;77.519997;69.634293;2204369
11.04.2023;75.779999;72.206535;4858180
12.04.2023;78.620003;72.335144;2925076
13.04.2023;78.500000;73.455910;2719357
14.04.2023;80.500000;73.731506;1705134
17.04.2023;80.040001;73.088448;2068726
18.04.2023;80.360001;74.705284;2771811
19.04.2023;80.940002;74.558304;2555656
20.04.2023;80.400002;75.274857;4560689
21.04.2023;81.199997;73.621269;4153089
24.04.2023;79.620003;74.429688;2798924
25.04.2023;80.300003;71.783951;3417801
26.04.2023;77.519997;72.757729;3214008
27.04.2023;81.000000;73.970352;5188788
28.04.2023;77.000000;71.857445;9701104
02.05.2023;78.000000;70.332466;3749223
03.05.2023;77.099998;70.479462;3712850
04.05.2023;76.180000;68.844246;4415348
05.05.2023;75.040001;67.209038;4952774
08.05.2023;73.980003;68.972862;3616234
09.05.2023;75.400002;68.311424;3362633
10.05.2023;75.260002;63.809998;4534576
11.05.2023;70.239998;68.120003;3899790
12.05.2023;68.440002;68.699997;3226156
15.05.2023;69.000000;69.120003;2857458
16.05.2023;68.860001;69.040001;3337828
19.05.2023;70.000000;69.320000;3808542
22.05.2023;69.379997;69.620003;2941592
23.05.2023;69.059998;68.639999;3265796
24.05.2023;68.000000;67.400002;4738063
25.05.2023;67.019997;68.279999;3719953
26.05.2023;69.080002;69.639999;2970552
30.05.2023;69.639999;68.919998;2906327
31.05.2023;67.660004;67.080002;7567417
01.06.2023;67.779999;66.720001;2029435
02.06.2023;67.599998;69.839996;3631998
05.06.2023;69.699997;68.800003;2422751
06.06.2023;68.980003;68.000000;3901633
07.06.2023;68.080002;69.019997;2924565
08.06.2023;69.099998;69.400002;2275657
09.06.2023;69.500000;69.599998;2675066
12.06.2023;69.279999;69.440002;2318350
13.06.2023;69.599998;72.180000;6439870
14.06.2023;72.239998;73.419998;4541154
15.06.2023;72.800003;72.279999;3310267
16.06.2023;72.879997;72.160004;6238719
19.06.2023;71.660004;68.779999;6100587
20.06.2023;68.300003;67.620003;3599839
21.06.2023;67.000000;65.599998;5253012
22.06.2023;65.459999;64.680000;4054267
23.06.2023;64.019997;62.320000;3489178
26.06.2023;62.299999;63.400002;4237691
27.06.2023;63.900002;63.279999;3299006
28.06.2023;63.180000;63.799999;3602293
29.06.2023;63.560001;64.019997;2077534
30.06.2023;64.480003;63.799999;5031087
03.07.2023;64.360001;64.559998;2161777
04.07.2023;64.720001;65.120003;1337300
05.07.2023;64.480003;64.320000;2702469
06.07.2023;63.419998;62.619999;2579980
07.07.2023;62.500000;62.840000;2972355
10.07.2023;62.599998;63.580002;2154980
11.07.2023;63.860001;63.860001;2911464
12.07.2023;64.080002;66.099998;2924681
13.07.2023;66.080002;66.599998;3459904
14.07.2023;66.760002;65.800003;2072945
17.07.2023;64.739998;65.019997;1746461
18.07.2023;64.739998;64.260002;2982288
19.07.2023;63.639999;62.599998;4519231
20.07.2023;63.220001;63.860001;4432269
21.07.2023;62.660000;62.480000;4821283
24.07.2023;62.119999;62.299999;3742671
25.07.2023;63.520000;65.559998;4363478
26.07.2023;64.839996;63.860001;2924711
27.07.2023;63.599998;64.339996;2692620
28.07.2023;64.320000;65.239998;2765292
31.07.2023;65.739998;66.400002;3119539
01.08.2023;66.260002;66.320000;1940774
02.08.2023;65.360001;65.320000;2989349
03.08.2023;64.599998;65.300003;2862184
04.08.2023;65.660004;65.120003;1789872
07.08.2023;65.120003;64.160004;1571253
08.08.2023;63.500000;63.220001;4142654
09.08.2023;63.900002;64.500000;3780604
10.08.2023;64.519997;64.580002;2017630
11.08.2023;64.320000;64.260002;2488581
14.08.2023;64.059998;62.740002;2217629
15.08.2023;62.939999;62.060001;2136610
16.08.2023;61.860001;61.980000;1694434
17.08.2023;61.840000;61.700001;2919792
18.08.2023;61.240002;59.220001;5676136
21.08.2023;59.580002;59.180000;2140363
22.08.2023;59.480000;59.619999;2683476
23.08.2023;60.139999;58.900002;3316452
24.08.2023;59.599998;57.900002;2504921
25.08.2023;58.099998;58.040001;2195900
28.08.2023;58.340000;58.220001;1770023
29.08.2023;58.439999;59.320000;3159793
30.08.2023;59.599998;59.020000;2452083
31.08.2023;58.720001;59.099998;7338094
01.09.2023;59.759998;61.419998;3428807
04.09.2023;62.220001;62.540001;2910782
05.09.2023;62.139999;62.320000;2494022
06.09.2023;62.419998;62.020000;1853125
07.09.2023;62.220001;59.660000;2824767
08.09.2023;59.500000;58.779999;2918197
11.09.2023;59.759998;60.900002;3510389
12.09.2023;60.900002;61.400002;4482321
13.09.2023;61.259998;61.000000;3678128
14.09.2023;61.560001;62.419998;4724133
15.09.2023;63.040001;63.020000;9025535
18.09.2023;62.520000;61.939999;2233903
19.09.2023;61.520000;61.680000;2228474
20.09.2023;61.880001;63.759998;5305871
21.09.2023;63.299999;61.840000;3850594
22.09.2023;61.980000;62.580002;2708031
25.09.2023;61.820000;62.799999;2398544
26.09.2023;62.419998;63.660000;3840781
27.09.2023;63.720001;64.800003;3931397
28.09.2023;65.099998;65.500000;3592939
29.09.2023;66.000000;67.199997;6450121
02.10.2023;67.559998;65.860001;4997940
03.10.2023;65.300003;63.560001;6065031
04.10.2023;63.240002;62.180000;4826300
05.10.2023;62.099998;62.419998;3792878
06.10.2023;61.900002;61.099998;5047982
09.10.2023;60.660000;60.840000;2866756
10.10.2023;60.840000;62.220001;3808989
11.10.2023;61.759998;62.240002;2809556
12.10.2023;62.240002;62.119999;2338824
13.10.2023;62.200001;61.340000;3238656
16.10.2023;61.520000;62.340000;2050263
17.10.2023;61.880001;61.619999;3302098
18.10.2023;61.340000;60.500000;2656566
19.10.2023;60.160000;59.320000;3818005
20.10.2023;59.000000;58.020000;3598673
23.10.2023;57.560001;56.759998;4414974
24.10.2023;57.520000;59.680000;4924944
25.10.2023;59.500000;59.939999;3028721
26.10.2023;58.980000;60.939999;4076004
27.10.2023;61.340000;60.660000;3637597
30.10.2023;60.200001;62.320000;3636828