"Дата","Цена","Откр.","Макс.","Мин.","Объём","Изм. %"
"27.10.2023","0,0777","0,0781","0,0799","0,0764","","-0,51%"
"26.10.2023","0,0781","0,0778","0,0790","0,0775","","0,39%"
"25.10.2023","0,0778","0,0782","0,0790","0,0776","","-0,51%"
"24.10.2023","0,0782","0,0773","0,0791","0,0770","","1,03%"
"23.10.2023","0,0774","0,0766","0,0782","0,0762","","1,04%"
"20.10.2023","0,0766","0,0760","0,0770","0,0752","","0,39%"
"19.10.2023","0,0763","0,0745","0,0763","0,0742","","2,28%"
"18.10.2023","0,0746","0,0746","0,0758","0,0743","","0,00%"
"17.10.2023","0,0746","0,0751","0,0755","0,0745","","-0,53%"
"16.10.2023","0,0750","0,0748","0,0756","0,0745","","0,27%"
"13.10.2023","0,0748","0,0748","0,0762","0,0743","","0,13%"
"12.10.2023","0,0747","0,0727","0,0766","0,0726","","2,82%"
"11.10.2023","0,0727","0,0727","0,0747","0,0722","","-0,07%"
"10.10.2023","0,0727","0,0734","0,0746","0,0720","","-0,75%"
"09.10.2023","0,0733","0,0723","0,0743","0,0705","","1,31%"
"06.10.2023","0,0723","0,0728","0,0750","0,0708","","-0,89%"
"05.10.2023","0,0729","0,0733","0,0742","0,0724","","-0,27%"
"04.10.2023","0,0732","0,0723","0,0744","0,0722","","0,27%"
"03.10.2023","0,0729","0,0730","0,0747","0,0725","","-1,35%"
"02.10.2023","0,0740","0,0755","0,0756","0,0729","","-0,74%"
"29.09.2023","0,0745","0,0756","0,0766","0,0741","","-1,84%"
"28.09.2023","0,0759","0,0753","0,0764","0,0746","","0,80%"
"27.09.2023","0,0753","0,0757","0,0775","0,0747","","-0,53%"
"26.09.2023","0,0757","0,0771","0,0771","0,0743","","-1,69%"
"25.09.2023","0,0770","0,0758","0,0771","0,0754","","1,58%"
"22.09.2023","0,0758","0,0767","0,0771","0,0753","","-1,30%"
"21.09.2023","0,0768","0,0759","0,0774","0,0751","","1,19%"
"20.09.2023","0,0759","0,0760","0,0766","0,0747","","-0,13%"
"19.09.2023","0,0760","0,0760","0,0770","0,0742","","0,00%"
"18.09.2023","0,0760","0,0752","0,0768","0,0742","","1,13%"
"15.09.2023","0,0751","0,0756","0,0768","0,0742","","-0,60%"
"14.09.2023","0,0756","0,0756","0,0768","0,0748","","0,00%"
"13.09.2023","0,0756","0,0759","0,0786","0,0741","","-0,40%"
"12.09.2023","0,0759","0,0767","0,0790","0,0748","","-1,04%"
"11.09.2023","0,0767","0,0750","0,0771","0,0744","","2,06%"
"08.09.2023","0,0751","0,0746","0,0759","0,0742","","0,94%"
"07.09.2023","0,0745","0,0748","0,0760","0,0740","","0,13%"
"06.09.2023","0,0743","0,0755","0,0756","0,0739","","-1,26%"
"05.09.2023","0,0753","0,0756","0,0762","0,0741","","0,27%"
"04.09.2023","0,0751","0,0753","0,0762","0,0745","","-0,27%"
"01.09.2023","0,0753","0,0756","0,0766","0,0746","","-0,53%"
"31.08.2023","0,0757","0,0757","0,0771","0,0750","","-0,13%"
"30.08.2023","0,0758","0,0763","0,0768","0,0747","","-0,66%"
"29.08.2023","0,0763","0,0771","0,0789","0,0749","","-1,04%"
"28.08.2023","0,0771","0,0764","0,0777","0,0756","","0,52%"
"25.08.2023","0,0767","0,0771","0,0791","0,0748","","-0,45%"
"24.08.2023","0,0771","0,0774","0,0791","0,0751","","-0,45%"
"23.08.2023","0,0774","0,0771","0,0798","0,0761","","0,26%"
"22.08.2023","0,0772","0,0777","0,0787","0,0766","","-0,90%"
"21.08.2023","0,0779","0,0767","0,0792","0,0759","","1,83%"
"18.08.2023","0,0765","0,0769","0,0802","0,0752","","-0,84%"
"17.08.2023","0,0772","0,0751","0,0803","0,0750","","2,87%"
"16.08.2023","0,0750","0,0737","0,0794","0,0736","","1,97%"
"15.08.2023","0,0736","0,0738","0,0777","0,0722","","-0,20%"
"14.08.2023","0,0737","0,0725","0,0754","0,0706","","1,80%"
"11.08.2023","0,0724","0,0744","0,0751","0,0723","","-2,36%"
"10.08.2023","0,0742","0,0744","0,0755","0,0731","","-0,34%"
"09.08.2023","0,0744","0,0742","0,0759","0,0730","","0,20%"
"08.08.2023","0,0742","0,0751","0,0765","0,0736","","-1,26%"
"07.08.2023","0,0752","0,0750","0,0759","0,0734","","0,53%"
"04.08.2023","0,0748","0,0755","0,0789","0,0732","","-1,38%"
"03.08.2023","0,0759","0,0765","0,0777","0,0733","","-0,52%"
"02.08.2023","0,0763","0,0776","0,0790","0,0758","","-1,87%"
"01.08.2023","0,0777","0,0780","0,0794","0,0772","","-0,13%"
"31.07.2023","0,0778","0,0777","0,0796","0,0768","","0,19%"
"28.07.2023","0,0777","0,0790","0,0803","0,0771","","-1,83%"
"27.07.2023","0,0791","0,0793","0,0804","0,0785","","-0,38%"
"26.07.2023","0,0794","0,0790","0,0804","0,0786","","0,38%"
"25.07.2023","0,0791","0,0795","0,0805","0,0783","","-0,38%"
"24.07.2023","0,0794","0,0794","0,0813","0,0782","","0,00%"
"21.07.2023","0,0794","0,0794","0,0804","0,0783","","0,00%"
"20.07.2023","0,0794","0,0789","0,0799","0,0778","","0,76%"
"19.07.2023","0,0788","0,0789","0,0805","0,0784","","-0,38%"
"18.07.2023","0,0791","0,0794","0,0804","0,0780","","-0,38%"
"17.07.2023","0,0794","0,0793","0,0802","0,0786","","0,38%"
"14.07.2023","0,0791","0,0792","0,0799","0,0785","","-0,25%"
"13.07.2023","0,0793","0,0792","0,0803","0,0780","","0,13%"
"12.07.2023","0,0792","0,0797","0,0808","0,0786","","-0,63%"
"11.07.2023","0,0797","0,0794","0,0809","0,0787","","0,38%"
"10.07.2023","0,0794","0,0760","0,0805","0,0760","","0,38%"
"07.07.2023","0,0791","0,0793","0,0809","0,0780","","-0,38%"
"06.07.2023","0,0794","0,0798","0,0814","0,0759","","-0,50%"
"05.07.2023","0,0798","0,0793","0,0817","0,0790","","0,63%"
"04.07.2023","0,0793","0,0809","0,0826","0,0787","","-1,98%"
"03.07.2023","0,0809","0,0822","0,0827","0,0800","","-1,88%"
"30.06.2023","0,0825","0,0836","0,0836","0,0804","","-1,26%"
"29.06.2023","0,0835","0,0841","0,0862","0,0820","","-0,83%"
"28.06.2023","0,0842","0,0846","0,0858","0,0830","","-0,36%"
"27.06.2023","0,0845","0,0857","0,0859","0,0838","","-1,40%"
"26.06.2023","0,0857","0,0861","0,0866","0,0829","","-0,12%"
"23.06.2023","0,0858","0,0887","0,0887","0,0833","","-3,16%"
"22.06.2023","0,0886","0,0859","0,0887","0,0848","","3,20%"
"21.06.2023","0,0859","0,0856","0,0865","0,0840","","0,23%"
"20.06.2023","0,0856","0,0855","0,0865","0,0842","","0,29%"
"19.06.2023","0,0854","0,0855","0,0865","0,0841","","0,06%"
"16.06.2023","0,0853","0,0854","0,0860","0,0842","","0,06%"
"15.06.2023","0,0853","0,0854","0,0866","0,0842","","0,00%"
"14.06.2023","0,0853","0,0854","0,0882","0,0834","","-0,12%"
"13.06.2023","0,0854","0,0853","0,0870","0,0844","","0,23%"
"12.06.2023","0,0852","0,0863","0,0874","0,0847","","-1,16%"
"09.06.2023","0,0862","0,0868","0,0874","0,0853","","-0,58%"
"08.06.2023","0,0867","0,0874","0,0888","0,0853","","-0,86%"
"07.06.2023","0,0874","0,0875","0,0887","0,0864","","-0,06%"
"06.06.2023","0,0875","0,0881","0,0894","0,0866","","-0,68%"
"05.06.2023","0,0881","0,0879","0,0891","0,0862","","0,46%"
"02.06.2023","0,0877","0,0877","0,0891","0,0864","","0,11%"
"01.06.2023","0,0876","0,0871","0,0890","0,0865","","0,46%"
"31.05.2023","0,0872","0,0875","0,0897","0,0865","","-7,33%"
"30.05.2023","0,0941","0,0882","0,0942","0,0864","","6,75%"
"29.05.2023","0,0882","0,0894","0,0906","0,0844","","-1,40%"
"26.05.2023","0,0894","0,0882","0,0900","0,0865","","1,13%"
"25.05.2023","0,0884","0,0881","0,0896","0,0874","","0,40%"
"24.05.2023","0,0881","0,0881","0,0900","0,0870","","0,06%"
"23.05.2023","0,0880","0,0874","0,0891","0,0869","","0,69%"
"22.05.2023","0,0874","0,0876","0,0891","0,0869","","-0,11%"
"19.05.2023","0,0875","0,0878","0,0890","0,0857","","0,00%"
"18.05.2023","0,0875","0,0878","0,0888","0,0866","","0,46%"
"17.05.2023","0,0871","0,0867","0,0879","0,0858","","0,46%"
"16.05.2023","0,0867","0,0869","0,0890","0,0857","","-0,46%"
"15.05.2023","0,0871","0,0900","0,0904","0,0865","","-3,17%"
"12.05.2023","0,0900","0,0903","0,0915","0,0882","","-0,28%"
"11.05.2023","0,0902","0,0911","0,0930","0,0882","","-0,99%"
"10.05.2023","0,0911","0,0887","0,0918","0,0875","","2,24%"
"09.05.2023","0,0891","0,0882","0,0902","0,0873","","0,22%"
"08.05.2023","0,0889","0,0888","0,0910","0,0872","","0,11%"
"05.05.2023","0,0888","0,0878","0,0914","0,0873","","0,91%"
"04.05.2023","0,0880","0,0869","0,0900","0,0862","","1,15%"
"03.05.2023","0,0870","0,0865","0,0891","0,0860","","0,81%"
"02.05.2023","0,0863","0,0859","0,0876","0,0853","","0,76%"
"01.05.2023","0,0856","0,0862","0,0877","0,0856","","-0,29%"
"28.04.2023","0,0859","0,0846","0,0882","0,0839","","1,30%"
"27.04.2023","0,0848","0,0847","0,0857","0,0838","","0,59%"
"26.04.2023","0,0843","0,0848","0,0855","0,0828","","-0,65%"
"25.04.2023","0,0848","0,0846","0,0862","0,0840","","0,24%"
"24.04.2023","0,0847","0,0846","0,0856","0,0816","","0,00%"
"21.04.2023","0,0847","0,0840","0,0853","0,0831","","0,71%"
"20.04.2023","0,0840","0,0843","0,0852","0,0835","","-0,30%"
"19.04.2023","0,0843","0,0840","0,0857","0,0833","","0,36%"
"18.04.2023","0,0840","0,0838","0,0857","0,0831","","0,00%"
"17.04.2023","0,0840","0,0843","0,0851","0,0828","","-0,30%"
"14.04.2023","0,0843","0,0839","0,0848","0,0830","","0,18%"
"13.04.2023","0,0841","0,0836","0,0853","0,0829","","0,54%"
"12.04.2023","0,0837","0,0850","0,0852","0,0827","","-1,47%"
"11.04.2023","0,0849","0,0843","0,0855","0,0829","","0,71%"
"10.04.2023","0,0843","0,0848","0,0854","0,0830","","-0,53%"
"07.04.2023","0,0847","0,0847","0,0852","0,0821","","0,12%"
"06.04.2023","0,0847","0,0855","0,0866","0,0835","","-1,34%"
"05.04.2023","0,0858","0,0865","0,0874","0,0847","","-1,04%"
"04.04.2023","0,0867","0,0874","0,0880","0,0851","","-0,86%"
"03.04.2023","0,0874","0,0882","0,0897","0,0868","","-0,63%"
"31.03.2023","0,0880","0,0887","0,0897","0,0851","","-1,01%"
"30.03.2023","0,0889","0,0891","0,0908","0,0882","","-0,17%"
"29.03.2023","0,0891","0,0898","0,0904","0,0883","","-0,84%"
"28.03.2023","0,0898","0,0900","0,0908","0,0886","","-0,11%"
"27.03.2023","0,0899","0,0890","0,0913","0,0886","","1,12%"
"24.03.2023","0,0889","0,0900","0,0912","0,0883","","-0,89%"
"23.03.2023","0,0897","0,0895","0,0906","0,0881","","0,45%"
"22.03.2023","0,0893","0,0891","0,0902","0,0883","","0,22%"
"21.03.2023","0,0891","0,0891","0,0902","0,0882","","0,06%"
"20.03.2023","0,0891","0,0894","0,0904","0,0882","","-0,50%"
"17.03.2023","0,0895","0,0898","0,0909","0,0882","","0,67%"
"16.03.2023","0,0889","0,0908","0,0916","0,0883","","-1,44%"
"15.03.2023","0,0902","0,0909","0,0922","0,0896","","-0,55%"
"14.03.2023","0,0907","0,0908","0,0923","0,0898","","0,11%"
"13.03.2023","0,0906","0,0908","0,0948","0,0891","","0,00%"
"10.03.2023","0,0906","0,0918","0,0935","0,0896","","-1,31%"
"09.03.2023","0,0918","0,0916","0,0926","0,0906","","0,44%"
"08.03.2023","0,0914","0,0921","0,0927","0,0904","","-0,81%"
"07.03.2023","0,0922","0,0919","0,0934","0,0908","","0,49%"
"06.03.2023","0,0917","0,0917","0,0927","0,0908","","0,05%"
"03.03.2023","0,0917","0,0916","0,0928","0,0906","","0,11%"
"02.03.2023","0,0916","0,0913","0,0927","0,0905","","0,38%"
"01.03.2023","0,0912","0,0923","0,0928","0,0905","","-1,30%"
"28.02.2023","0,0924","0,0931","0,0942","0,0914","","-0,32%"
"27.02.2023","0,0927","0,0916","0,0938","0,0906","","1,31%"
"24.02.2023","0,0915","0,0917","0,0930","0,0901","","0,33%"
"23.02.2023","0,0912","0,0921","0,0927","0,0904","","-0,11%"
"22.02.2023","0,0913","0,0921","0,0936","0,0904","","-0,44%"
"21.02.2023","0,0917","0,0930","0,0947","0,0900","","-1,34%"
"20.02.2023","0,0930","0,0932","0,0942","0,0893","","0,16%"
"17.02.2023","0,0928","0,0918","0,0942","0,0906","","1,09%"
"16.02.2023","0,0918","0,0926","0,0931","0,0907","","-0,86%"
"15.02.2023","0,0926","0,0927","0,0941","0,0898","","-0,11%"
"14.02.2023","0,0927","0,0931","0,0941","0,0913","","-0,54%"
"13.02.2023","0,0932","0,0935","0,0945","0,0912","","0,11%"
"10.02.2023","0,0931","0,0931","0,0944","0,0913","","0,32%"
"09.02.2023","0,0928","0,0943","0,0952","0,0916","","-0,85%"
"08.02.2023","0,0936","0,0935","0,0991","0,0917","","-1,06%"
"07.02.2023","0,0946","0,0948","0,0971","0,0922","","-0,42%"
"06.02.2023","0,0950","0,0944","0,0987","0,0928","","-0,94%"
"03.02.2023","0,0959","0,0961","0,0970","0,0928","","-0,10%"
"02.02.2023","0,0960","0,0961","0,0977","0,0916","","-0,41%"
"01.02.2023","0,0964","0,0957","0,0981","0,0949","","0,73%"
"31.01.2023","0,0957","0,0966","0,0980","0,0920","","-0,83%"
"30.01.2023","0,0965","0,0976","0,0982","0,0954","","0,57%"
"27.01.2023","0,0959","0,0976","0,0988","0,0957","","-1,49%"
"26.01.2023","0,0974","0,0976","0,0991","0,0966","","-0,61%"
"25.01.2023","0,0980","0,0980","0,0994","0,0968","","0,31%"
"24.01.2023","0,0977","0,0971","0,0998","0,0963","","-0,61%"
"23.01.2023","0,0983","0,0992","0,1010","0,0962","","-1,11%"
"20.01.2023","0,0994","0,0985","0,1016","0,0969","","1,84%"
"19.01.2023","0,0976","0,0982","0,0997","0,0962","","-0,41%"
"18.01.2023","0,0980","0,0990","0,1001","0,0965","","-0,91%"
"17.01.2023","0,0989","0,0984","0,0998","0,0970","","1,02%"
"16.01.2023","0,0979","0,1015","0,1016","0,0960","","-3,64%"
"13.01.2023","0,1016","0,0994","0,1016","0,0961","","2,21%"
"12.01.2023","0,0994","0,0963","0,1010","0,0949","","0,30%"
"11.01.2023","0,0991","0,0979","0,1006","0,0961","","1,85%"
"10.01.2023","0,0973","0,0969","0,0993","0,0962","","0,52%"
"09.01.2023","0,0968","0,0940","0,0985","0,0930","","2,65%"
"06.01.2023","0,0943","0,0954","0,0964","0,0932","","-1,20%"
"05.01.2023","0,0954","0,0950","0,0972","0,0937","","0,42%"
"04.01.2023","0,0950","0,0947","0,0985","0,0932","","-0,58%"
"03.01.2023","0,0956","0,0974","0,0991","0,0931","","-1,54%"
"02.01.2023","0,0971","0,0908","0,0990","0,0860","","3,74%"
"30.12.2022","0,0936","0,0941","0,1008","0,0891","","-1,89%"
"29.12.2022","0,0954","0,0959","0,0986","0,0932","","-0,57%"
"28.12.2022","0,0959","0,0994","0,1001","0,0953","","-3,52%"
"27.12.2022","0,0994","0,1019","0,1019","0,0976","","-2,31%"
"26.12.2022","0,1018","0,0996","0,1029","0,0984","","2,26%"
"23.12.2022","0,0996","0,1026","0,1045","0,0980","","-2,78%"
"22.12.2022","0,1024","0,0953","0,1027","0,0945","","6,17%"
"21.12.2022","0,0965","0,0971","0,1015","0,0953","","-2,72%"
"20.12.2022","0,0992","0,1001","0,1051","0,0967","","-3,64%"
"19.12.2022","0,1029","0,1075","0,1090","0,1005","","-4,28%"
"16.12.2022","0,1075","0,1080","0,1114","0,1049","","-0,37%"
"15.12.2022","0,1079","0,1073","0,1120","0,1056","","0,47%"
"14.12.2022","0,1074","0,1098","0,1111","0,1063","","-2,19%"
"13.12.2022","0,1098","0,1114","0,1121","0,1089","","-0,50%"
"12.12.2022","0,1103","0,1117","0,1130","0,1097","","-0,76%"
"09.12.2022","0,1112","0,1123","0,1129","0,1095","","1,14%"
"08.12.2022","0,1099","0,1125","0,1151","0,1094","","-2,22%"
"07.12.2022","0,1125","0,1155","0,1156","0,1088","","1,86%"
"06.12.2022","0,1104","0,1150","0,1154","0,1093","","-0,81%"
"05.12.2022","0,1113","0,1160","0,1160","0,1099","","-0,89%"
"02.12.2022","0,1123","0,1151","0,1169","0,1112","","-2,35%"
"01.12.2022","0,1150","0,1163","0,1177","0,1128","","-0,30%"
"30.11.2022","0,1154","0,1177","0,1185","0,1147","","-1,91%"
"29.11.2022","0,1176","0,1182","0,1191","0,1156","","0,86%"
"28.11.2022","0,1166","0,1193","0,1208","0,1164","","-1,56%"
"25.11.2022","0,1185","0,1185","0,1200","0,1141","","0,04%"
"24.11.2022","0,1184","0,1192","0,1208","0,1155","","0,51%"
"23.11.2022","0,1178","0,1177","0,1195","0,1166","","0,17%"
"22.11.2022","0,1176","0,1182","0,1190","0,1158","","0,51%"
"21.11.2022","0,1170","0,1186","0,1199","0,1160","","-0,04%"
"18.11.2022","0,1170","0,1185","0,1193","0,1155","","-1,10%"
"17.11.2022","0,1183","0,1176","0,1199","0,1163","","1,41%"
"16.11.2022","0,1167","0,1143","0,1186","0,1143","","0,21%"
"15.11.2022","0,1164","0,1187","0,1189","0,1143","","1,00%"
"14.11.2022","0,1153","0,1194","0,1194","0,1147","","-1,83%"
"11.11.2022","0,1174","0,1183","0,1196","0,1160","","-0,97%"
"10.11.2022","0,1186","0,1175","0,1201","0,1163","","-0,13%"
"09.11.2022","0,1187","0,1189","0,1203","0,1166","","-0,04%"
"08.11.2022","0,1188","0,1145","0,1212","0,1135","","0,89%"
"07.11.2022","0,1177","0,1164","0,1208","0,1111","","1,60%"
"04.11.2022","0,1159","0,1171","0,1186","0,1145","","-1,02%"
"03.11.2022","0,1171","0,1195","0,1206","0,1159","","-2,05%"
"02.11.2022","0,1195","0,1149","0,1200","0,1142","","1,40%"
"01.11.2022","0,1179","0,1181","0,1214","0,1164","","0,17%"
"31.10.2022","0,1177","0,1181","0,1204","0,1164","","-0,08%"
"28.10.2022","0,1178","0,1178","0,1192","0,1154","","0,08%"
"27.10.2022","0,1177","0,1170","0,1204","0,1142","","0,60%"
"26.10.2022","0,1170","0,1168","0,1193","0,1148","","-0,26%"
"25.10.2022","0,1173","0,1186","0,1199","0,1162","","0,09%"
"24.10.2022","0,1172","0,1176","0,1194","0,1160","","-0,30%"
"21.10.2022","0,1176","0,1174","0,1195","0,1164","","0,38%"
"20.10.2022","0,1171","0,1124","0,1210","0,1072","","-1,22%"
"19.10.2022","0,1186","0,1171","0,1189","0,1147","","1,20%"
"18.10.2022","0,1172","0,1159","0,1180","0,1146","","0,99%"
"17.10.2022","0,1160","0,1147","0,1186","0,1123","","1,00%"
"14.10.2022","0,1148","0,1108","0,1175","0,1094","","2,50%"
"13.10.2022","0,1120","0,1126","0,1152","0,1080","","-0,40%"
"12.10.2022","0,1125","0,1097","0,1145","0,1070","","2,83%"
"11.10.2022","0,1094","0,1154","0,1168","0,1085","","-2,45%"
"10.10.2022","0,1121","0,1106","0,1173","0,1104","","-2,82%"
"07.10.2022","0,1154","0,1176","0,1193","0,1113","","-1,79%"
"06.10.2022","0,1175","0,1182","0,1213","0,1135","","0,30%"
"05.10.2022","0,1172","0,1206","0,1230","0,1158","","-2,78%"
"04.10.2022","0,1205","0,1226","0,1229","0,1172","","-1,63%"
"03.10.2022","0,1225","0,1151","0,1248","0,1147","","3,64%"
"30.09.2022","0,1182","0,1240","0,1265","0,1148","","-4,68%"
"29.09.2022","0,1240","0,1236","0,1299","0,1160","","-0,32%"
"28.09.2022","0,1244","0,1223","0,1270","0,1208","","2,05%"
"27.09.2022","0,1219","0,1220","0,1271","0,1163","","-0,08%"
"26.09.2022","0,1220","0,1219","0,1264","0,1169","","-0,97%"
"23.09.2022","0,1232","0,1151","0,1262","0,1151","","4,23%"
"22.09.2022","0,1182","0,1145","0,1204","0,1143","","2,43%"
"21.09.2022","0,1154","0,1143","0,1173","0,1081","","0,92%"
"20.09.2022","0,1143","0,1167","0,1182","0,1124","","-1,93%"
"19.09.2022","0,1166","0,1085","0,1186","0,1085","","1,04%"
"16.09.2022","0,1154","0,1173","0,1183","0,1087","","-1,54%"
"15.09.2022","0,1172","0,1165","0,1198","0,1062","","0,60%"
"14.09.2022","0,1165","0,1076","0,1180","0,1073","","0,04%"
"13.09.2022","0,1164","0,1154","0,1188","0,1077","","1,88%"
"12.09.2022","0,1143","0,1154","0,1172","0,1107","","1,46%"
"09.09.2022","0,1126","0,1129","0,1161","0,1124","","-0,44%"
"08.09.2022","0,1132","0,1085","0,1156","0,1081","","-1,27%"
"07.09.2022","0,1146","0,1138","0,1170","0,1079","","0,92%"
"06.09.2022","0,1135","0,1137","0,1154","0,1102","","-0,13%"
"05.09.2022","0,1137","0,1146","0,1180","0,1087","","-0,61%"
"02.09.2022","0,1144","0,1147","0,1161","0,1115","","-0,26%"
"01.09.2022","0,1147","0,1147","0,1177","0,1123","","0,66%"
"31.08.2022","0,1139","0,1151","0,1163","0,1115","","-1,13%"
"30.08.2022","0,1152","0,1120","0,1155","0,1113","","2,99%"
"29.08.2022","0,1119","0,1146","0,1157","0,1056","","-1,84%"
"26.08.2022","0,1140","0,1073","0,1171","0,1068","","0,44%"
"25.08.2022","0,1135","0,1147","0,1159","0,1116","","-0,96%"
"24.08.2022","0,1146","0,1072","0,1156","0,1071","","0,97%"
"23.08.2022","0,1135","0,1139","0,1174","0,1120","","-0,35%"
"22.08.2022","0,1139","0,1147","0,1196","0,1105","","-0,61%"
"19.08.2022","0,1146","0,1131","0,1171","0,1119","","1,33%"
"18.08.2022","0,1131","0,1121","0,1150","0,1105","","0,85%"
"17.08.2022","0,1121","0,1104","0,1153","0,1089","","1,59%"
"16.08.2022","0,1104","0,1104","0,1132","0,1089","","0,23%"
"15.08.2022","0,1102","0,1097","0,1122","0,1081","","0,41%"
"12.08.2022","0,1097","0,1112","0,1128","0,1076","","-1,35%"
"11.08.2022","0,1112","0,1094","0,1142","0,1072","","1,78%"
"10.08.2022","0,1093","0,1116","0,1144","0,1072","","-2,11%"
"09.08.2022","0,1116","0,1093","0,1145","0,1046","","2,10%"
"08.08.2022","0,1093","0,1117","0,1160","0,1072","","-2,15%"
"05.08.2022","0,1117","0,1093","0,1146","0,1078","","2,48%"
"04.08.2022","0,1090","0,1092","0,1144","0,1070","","-1,36%"
"03.08.2022","0,1105","0,1090","0,1157","0,1062","","-0,76%"
"02.08.2022","0,1113","0,1102","0,1157","0,1048","","1,83%"
"01.08.2022","0,1094","0,1085","0,1138","0,1037","","0,78%"
"29.07.2022","0,1085","0,1081","0,1126","0,1039","","0,32%"
"28.07.2022","0,1081","0,1138","0,1155","0,1067","","-4,96%"
"27.07.2022","0,1138","0,1127","0,1156","0,1076","","0,98%"
"26.07.2022","0,1127","0,1155","0,1204","0,1089","","-2,55%"
"25.07.2022","0,1156","0,1167","0,1212","0,1115","","-0,60%"
"22.07.2022","0,1164","0,1139","0,1267","0,1119","","-2,27%"
"21.07.2022","0,1191","0,1210","0,1260","0,1130","","-1,53%"
"20.07.2022","0,1209","0,1195","0,1268","0,1172","","1,09%"
"19.07.2022","0,1196","0,1170","0,1245","0,1151","","0,89%"
"18.07.2022","0,1186","0,1186","0,1244","0,1099","","-0,21%"
"15.07.2022","0,1188","0,1160","0,1217","0,1106","","2,50%"
"14.07.2022","0,1159","0,1149","0,1184","0,1095","","0,96%"
"13.07.2022","0,1148","0,1151","0,1177","0,1063","","-0,17%"
"12.07.2022","0,1150","0,1036","0,1172","0,1014","","11,00%"
"11.07.2022","0,1036","0,1010","0,1142","0,1010","","0,29%"
"08.07.2022","0,1033","0,1063","0,1117","0,0997","","-2,73%"
"07.07.2022","0,1062","0,1057","0,1097","0,1018","","2,76%"
"06.07.2022","0,1033","0,1122","0,1122","0,0967","","-4,04%"
"05.07.2022","0,1077","0,1177","0,1251","0,0984","","-10,14%"
"04.07.2022","0,1199","0,1243","0,1270","0,1102","","-3,66%"
"01.07.2022","0,1244","0,1223","0,1304","0,1138","","1,93%"
"30.06.2022","0,1221","0,1292","0,1320","0,1192","","-4,57%"
"29.06.2022","0,1279","0,1234","0,1365","0,1185","","2,28%"
"28.06.2022","0,1250","0,1260","0,1303","0,1189","","-0,68%"
"27.06.2022","0,1259","0,1255","0,1288","0,1186","","0,28%"
"24.06.2022","0,1256","0,1243","0,1291","0,1172","","1,95%"
"23.06.2022","0,1231","0,1221","0,1289","0,1191","","0,37%"
"22.06.2022","0,1227","0,1247","0,1306","0,1204","","-1,37%"
"21.06.2022","0,1244","0,1225","0,1293","0,1093","","2,98%"
"20.06.2022","0,1208","0,1151","0,1240","0,1139","","1,43%"
"17.06.2022","0,1191","0,1148","0,1230","0,1130","","1,75%"
"16.06.2022","0,1170","0,1175","0,1220","0,1116","","-3,42%"
"15.06.2022","0,1212","0,1146","0,1230","0,1116","","4,98%"
"14.06.2022","0,1155","0,1172","0,1217","0,1116","","-1,87%"
"13.06.2022","0,1177","0,1154","0,1236","0,1094","","1,95%"
"10.06.2022","0,1154","0,1142","0,1204","0,1103","","-0,60%"
"09.06.2022","0,1161","0,1098","0,1217","0,1084","","4,88%"
"08.06.2022","0,1107","0,1069","0,1146","0,1054","","2,31%"
"07.06.2022","0,1082","0,1086","0,1124","0,1053","","0,05%"
"06.06.2022","0,1081","0,1050","0,1128","0,1034","","2,76%"
"03.06.2022","0,1053","0,1050","0,1112","0,1019","","0,00%"
"02.06.2022","0,1053","0,1038","0,1107","0,0991","","-0,19%"
"01.06.2022","0,1054","0,1064","0,1107","0,1015","","-0,94%"
"31.05.2022","0,1064","0,1044","0,1110","0,1020","","2,16%"
"30.05.2022","0,1042","0,1010","0,1106","0,0963","","3,27%"
"27.05.2022","0,1009","0,1040","0,1075","0,0966","","-3,31%"
"26.05.2022","0,1044","0,1125","0,1185","0,1026","","-6,08%"
"25.05.2022","0,1111","0,1151","0,1244","0,1098","","-3,35%"
"24.05.2022","0,1150","0,1129","0,1224","0,1110","","1,05%"
"23.05.2022","0,1138","0,1064","0,1187","0,1061","","5,18%"
"20.05.2022","0,1081","0,1081","0,1164","0,1032","","0,23%"
"19.05.2022","0,1079","0,1055","0,1120","0,1024","","3,30%"
"18.05.2022","0,1045","0,1030","0,1099","0,1008","","1,21%"
"17.05.2022","0,1032","0,1071","0,1089","0,1006","","-1,85%"
"16.05.2022","0,1051","0,1020","0,1093","0,1014","","2,84%"
"13.05.2022","0,1023","0,1056","0,1096","0,1006","","-2,57%"
"12.05.2022","0,1050","0,1010","0,1081","0,0988","","4,12%"
"11.05.2022","0,1008","0,0965","0,1033","0,0948","","4,84%"
"10.05.2022","0,0962","0,0961","0,1004","0,0941","","-0,10%"
"09.05.2022","0,0962","0,0961","0,1005","0,0923","","-0,52%"
"06.05.2022","0,0967","0,1022","0,1054","0,0952","","-5,66%"
"05.05.2022","0,1025","0,0973","0,1060","0,0966","","2,45%"
"04.05.2022","0,1001","0,0984","0,1035","0,0953","","3,25%"
"03.05.2022","0,0970","0,0937","0,1014","0,0913","","3,58%"
"02.05.2022","0,0936","0,0903","0,0953","0,0894","","3,71%"
"29.04.2022","0,0903","0,0910","0,0961","0,0890","","-0,99%"
"28.04.2022","0,0912","0,0889","0,0944","0,0869","","2,36%"
"27.04.2022","0,0891","0,0884","0,0914","0,0847","","2,59%"
"26.04.2022","0,0868","0,0874","0,0911","0,0856","","-0,86%"
"25.04.2022","0,0875","0,0842","0,0910","0,0808","","4,10%"
"22.04.2022","0,0841","0,0799","0,0869","0,0792","","5,32%"
"21.04.2022","0,0799","0,0777","0,0860","0,0763","","2,24%"
"20.04.2022","0,0781","0,0794","0,0822","0,0747","","-1,45%"
"19.04.2022","0,0793","0,0786","0,0820","0,0773","","0,89%"
"18.04.2022","0,0786","0,0766","0,0808","0,0755","","-0,51%"
"15.04.2022","0,0790","0,0772","0,0799","0,0764","","2,20%"
"14.04.2022","0,0772","0,0773","0,0793","0,0752","","0,00%"
"13.04.2022","0,0772","0,0746","0,0801","0,0740","","3,55%"
"12.04.2022","0,0746","0,0773","0,0803","0,0733","","-2,29%"
"11.04.2022","0,0764","0,0807","0,0816","0,0736","","-3,84%"
"08.04.2022","0,0794","0,0816","0,0847","0,0778","","-1,18%"
"07.04.2022","0,0803","0,0758","0,0828","0,0755","","4,15%"
"06.04.2022","0,0772","0,0759","0,0789","0,0742","","2,12%"
"05.04.2022","0,0755","0,0763","0,0776","0,0737","","-0,40%"
"04.04.2022","0,0759","0,0796","0,0801","0,0711","","2,15%"
"01.04.2022","0,0742","0,0777","0,0786","0,0710","","-4,32%"
"31.03.2022","0,0776","0,0767","0,0809","0,0728","","1,31%"
"30.03.2022","0,0766","0,0742","0,0803","0,0688","","4,57%"
"29.03.2022","0,0733","0,0654","0,0778","0,0640","","8,52%"
"28.03.2022","0,0675","0,0605","0,0698","0,0600","","9,67%"
"25.03.2022","0,0615","0,0626","0,0673","0,0597","","-1,68%"
"24.03.2022","0,0626","0,0657","0,0690","0,0604","","-5,51%"
"23.03.2022","0,0662","0,0609","0,0691","0,0583","","9,78%"
"22.03.2022","0,0604","0,0600","0,0634","0,0568","","0,75%"
"21.03.2022","0,0599","0,0340","0,0646","0,0552","","-0,25%"
"18.03.2022","0,0600","0,0613","0,0651","0,0564","","-3,30%"
"17.03.2022","0,0621","0,0662","0,0676","0,0581","","-4,75%"
"16.03.2022","0,0652","0,0607","0,0666","0,0547","","8,40%"
"15.03.2022","0,0602","0,0532","0,0632","0,0520","","14,90%"
"14.03.2022","0,0523","0,0480","0,0579","0,0474","","10,33%"
"11.03.2022","0,0474","0,0481","0,0561","0,0463","","-0,11%"
"10.03.2022","0,0475","0,0468","0,0547","0,0452","","3,04%"
"09.03.2022","0,0461","0,0487","0,0547","0,0455","","-7,34%"
"08.03.2022","0,0498","0,0493","0,0525","0,0448","","12,18%"
"07.03.2022","0,0443","0,0562","0,0529","0,0400","","-13,97%"
"04.03.2022","0,0516","0,0576","0,0632","0,0495","","-10,35%"
"03.03.2022","0,0575","0,0617","0,0654","0,0532","","-6,73%"
"02.03.2022","0,0617","0,0582","0,0662","0,0547","","5,93%"
"01.03.2022","0,0582","0,0617","0,0706","0,0533","","-2,43%"
"28.02.2022","0,0597","0,0753","0,0753","0,0548","","-20,78%"
"25.02.2022","0,0753","0,0750","0,0777","0,0729","","0,67%"
"24.02.2022","0,0748","0,0778","0,0785","0,0701","","-3,86%"
"23.02.2022","0,0778","0,0803","0,0806","0,0772","","-2,75%"
"22.02.2022","0,0800","0,0790","0,0806","0,0784","","1,65%"
"21.02.2022","0,0787","0,0812","0,0832","0,0789","","-3,55%"
"18.02.2022","0,0816","0,0832","0,0837","0,0816","","-1,57%"
"17.02.2022","0,0829","0,0843","0,0846","0,0826","","-1,43%"
"16.02.2022","0,0841","0,0839","0,0847","0,0838","","0,48%"
"15.02.2022","0,0837","0,0831","0,0844","0,0827","","1,09%"
"14.02.2022","0,0828","0,0822","0,0837","0,0813","","0,98%"
"11.02.2022","0,0820","0,0847","0,0850","0,0818","","-2,96%"
"10.02.2022","0,0845","0,0852","0,0856","0,0845","","-0,35%"
"09.02.2022","0,0848","0,0848","0,0855","0,0845","","0,00%"
"08.02.2022","0,0848","0,0845","0,0850","0,0839","","0,71%"
"07.02.2022","0,0842","0,0833","0,0844","0,0833","","0,48%"
"04.02.2022","0,0838","0,0832","0,0842","0,0830","","0,84%"
"03.02.2022","0,0831","0,0836","0,0838","0,0828","","-0,12%"
"02.02.2022","0,0832","0,0827","0,0840","0,0826","","0,73%"
"01.02.2022","0,0826","0,0823","0,0833","0,0818","","0,49%"
"31.01.2022","0,0822","0,0816","0,0825","0,0815","","1,23%"
"28.01.2022","0,0812","0,0816","0,0822","0,0811","","-0,37%"
"27.01.2022","0,0815","0,0799","0,0823","0,0794","","2,39%"
"26.01.2022","0,0796","0,0804","0,0806","0,0786","","-0,75%"
"25.01.2022","0,0802","0,0805","0,0809","0,0798","","0,12%"
"24.01.2022","0,0801","0,0818","0,0822","0,0796","","-1,72%"
"21.01.2022","0,0815","0,0827","0,0831","0,0815","","-1,21%"
"20.01.2022","0,0825","0,0834","0,0836","0,0825","","-0,84%"
"19.01.2022","0,0832","0,0825","0,0837","0,0822","","1,09%"
"18.01.2022","0,0823","0,0834","0,0837","0,0824","","-0,60%"
"17.01.2022","0,0828","0,0833","0,0839","0,0826","","-0,60%"
"14.01.2022","0,0833","0,0831","0,0839","0,0825","","0,36%"
"13.01.2022","0,0830","0,0852","0,0856","0,0830","","-2,35%"
"12.01.2022","0,0850","0,0856","0,0857","0,0849","","-0,47%"
"11.01.2022","0,0854","0,0850","0,0858","0,0847","","0,71%"
"10.01.2022","0,0848","0,0843","0,0852","0,0840","","1,07%"
"07.01.2022","0,0839","0,0837","0,0850","0,0833","","0,48%"
"06.01.2022","0,0835","0,0830","0,0839","0,0824","","0,85%"
"05.01.2022","0,0828","0,0846","0,0848","0,0828","","-1,90%"
"04.01.2022","0,0844","0,0855","0,0857","0,0843","","-0,71%"
"03.01.2022","0,0850","0,0851","0,0857","0,0843","","0,35%"
"31.12.2021","0,0847","0,0853","0,0856","0,0842","","-0,59%"
"30.12.2021","0,0852","0,0861","0,0863","0,0848","","-0,58%"
"29.12.2021","0,0857","0,0865","0,0867","0,0857","","-0,92%"
"28.12.2021","0,0865","0,0868","0,0870","0,0861","","-0,12%"
"27.12.2021","0,0866","0,0869","0,0872","0,0864","","0,23%"
"24.12.2021","0,0864","0,0868","0,0872","0,0864","","-0,12%"
"23.12.2021","0,0865","0,0865","0,0870","0,0864","","0,35%"
"22.12.2021","0,0862","0,0861","0,0866","0,0857","","0,23%"
"21.12.2021","0,0860","0,0859","0,0865","0,0858","","0,47%"
"20.12.2021","0,0856","0,0861","0,0862","0,0856","","-0,23%"
"17.12.2021","0,0858","0,0862","0,0868","0,0859","","0,00%"
"16.12.2021","0,0858","0,0866","0,0869","0,0860","","-0,69%"
"15.12.2021","0,0864","0,0865","0,0866","0,0856","","0,23%"
"14.12.2021","0,0862","0,0867","0,0869","0,0861","","-0,23%"
"13.12.2021","0,0864","0,0868","0,0869","0,0864","","0,00%"
"10.12.2021","0,0864","0,0866","0,0869","0,0862","","0,23%"
"09.12.2021","0,0862","0,0862","0,0869","0,0859","","0,12%"
"08.12.2021","0,0861","0,0860","0,0864","0,0857","","0,58%"
"07.12.2021","0,0856","0,0859","0,0862","0,0855","","0,00%"
"06.12.2021","0,0856","0,0862","0,0868","0,0856","","-0,35%"
"03.12.2021","0,0859","0,0866","0,0869","0,0860","","-0,58%"
"02.12.2021","0,0864","0,0857","0,0868","0,0856","","0,93%"
"01.12.2021","0,0856","0,0861","0,0865","0,0855","","-0,23%"
"30.11.2021","0,0858","0,0857","0,0861","0,0846","","0,47%"
"29.11.2021","0,0854","0,0846","0,0860","0,0846","","1,30%"
"26.11.2021","0,0843","0,0856","0,0857","0,0842","","-1,17%"
"25.11.2021","0,0853","0,0853","0,0858","0,0851","","0,35%"
"24.11.2021","0,0850","0,0860","0,0863","0,0851","","-0,93%"
"23.11.2021","0,0858","0,0852","0,0863","0,0848","","0,94%"
"22.11.2021","0,0850","0,0868","0,0873","0,0850","","-1,73%"
"19.11.2021","0,0865","0,0874","0,0878","0,0866","","-0,80%"
"18.11.2021","0,0872","0,0878","0,0881","0,0870","","-0,34%"
"17.11.2021","0,0875","0,0875","0,0882","0,0870","","0,23%"
"16.11.2021","0,0873","0,0882","0,0882","0,0869","","-0,68%"
"15.11.2021","0,0879","0,0876","0,0887","0,0874","","0,69%"
"12.11.2021","0,0873","0,0893","0,0896","0,0870","","-1,91%"
"11.11.2021","0,0890","0,0896","0,0903","0,0890","","-0,56%"
"10.11.2021","0,0895","0,0904","0,0906","0,0894","","-0,56%"
"09.11.2021","0,0900","0,0896","0,0905","0,0895","","0,56%"
"08.11.2021","0,0895","0,0899","0,0901","0,0895","","-0,33%"
"05.11.2021","0,0898","0,0896","0,0901","0,0890","","0,34%"
"04.11.2021","0,0895","0,0893","0,0899","0,0887","","0,56%"
"03.11.2021","0,0890","0,0896","0,0898","0,0887","","-0,22%"
"02.11.2021","0,0892","0,0894","0,0897","0,0888","","-0,11%"
"01.11.2021","0,0893","0,0903","0,0904","0,0892","","-1,00%"
"29.10.2021","0,0902","0,0909","0,0912","0,0901","","-0,55%"
"28.10.2021","0,0907","0,0905","0,0913","0,0902","","0,33%"
"27.10.2021","0,0904","0,0918","0,0922","0,0904","","-1,31%"
"26.10.2021","0,0916","0,0915","0,0922","0,0912","","0,44%"
"25.10.2021","0,0912","0,0908","0,0916","0,0904","","0,55%"
"22.10.2021","0,0907","0,0899","0,0914","0,0897","","1,23%"
"21.10.2021","0,0896","0,0903","0,0905","0,0896","","-0,22%"
"20.10.2021","0,0898","0,0901","0,0904","0,0898","","0,00%"
"19.10.2021","0,0898","0,0901","0,0905","0,0898","","-0,11%"
"18.10.2021","0,0899","0,0906","0,0908","0,0900","","-0,55%"
"15.10.2021","0,0904","0,0901","0,0908","0,0900","","0,56%"
"14.10.2021","0,0899","0,0892","0,0904","0,0891","","1,01%"
"13.10.2021","0,0890","0,0899","0,0900","0,0891","","-0,56%"
"12.10.2021","0,0895","0,0897","0,0900","0,0896","","-0,11%"
"11.10.2021","0,0896","0,0897","0,0901","0,0895","","0,11%"
"08.10.2021","0,0895","0,0899","0,0900","0,0895","","-0,11%"
"07.10.2021","0,0896","0,0891","0,0900","0,0888","","0,90%"
"06.10.2021","0,0888","0,0892","0,0893","0,0886","","-0,22%"
"05.10.2021","0,0890","0,0890","0,0892","0,0886","","0,23%"
"04.10.2021","0,0888","0,0887","0,0891","0,0882","","0,23%"
"01.10.2021","0,0886","0,0887","0,0889","0,0879","","0,23%"
"30.09.2021","0,0884","0,0888","0,0891","0,0884","","-0,34%"
"29.09.2021","0,0887","0,0887","0,0891","0,0885","","0,00%"
"28.09.2021","0,0887","0,0888","0,0892","0,0884","","0,11%"
"27.09.2021","0,0886","0,0890","0,0891","0,0885","","-0,23%"
"24.09.2021","0,0888","0,0888","0,0890","0,0884","","0,23%"
"23.09.2021","0,0886","0,0884","0,0890","0,0883","","0,45%"
"22.09.2021","0,0882","0,0883","0,0890","0,0882","","0,11%"
"21.09.2021","0,0881","0,0881","0,0887","0,0878","","0,34%"
"20.09.2021","0,0878","0,0887","0,0889","0,0878","","-0,79%"
"17.09.2021","0,0885","0,0892","0,0893","0,0886","","-0,23%"
"16.09.2021","0,0887","0,0890","0,0894","0,0887","","-0,22%"
"15.09.2021","0,0889","0,0884","0,0891","0,0878","","1,14%"
"14.09.2021","0,0879","0,0889","0,0890","0,0881","","-0,79%"
"13.09.2021","0,0886","0,0881","0,0889","0,0879","","0,80%"
"10.09.2021","0,0879","0,0886","0,0888","0,0879","","-0,45%"
"09.09.2021","0,0883","0,0882","0,0887","0,0879","","0,46%"
"08.09.2021","0,0879","0,0882","0,0884","0,0877","","-0,11%"
"07.09.2021","0,0880","0,0884","0,0886","0,0881","","-0,23%"
"06.09.2021","0,0882","0,0887","0,0888","0,0883","","-0,34%"
"03.09.2021","0,0885","0,0887","0,0888","0,0881","","0,00%"
"02.09.2021","0,0885","0,0885","0,0888","0,0884","","0,23%"
"01.09.2021","0,0883","0,0881","0,0887","0,0878","","0,68%"
"31.08.2021","0,0877","0,0879","0,0883","0,0878","","-0,11%"
"30.08.2021","0,0878","0,0878","0,0883","0,0876","","-0,11%"
"27.08.2021","0,0879","0,0873","0,0882","0,0872","","0,92%"
"26.08.2021","0,0871","0,0878","0,0879","0,0870","","-0,34%"
"25.08.2021","0,0874","0,0879","0,0881","0,0874","","-0,23%"
"24.08.2021","0,0876","0,0876","0,0879","0,0873","","0,34%"
"23.08.2021","0,0873","0,0876","0,0878","0,0873","","-0,23%"
"20.08.2021","0,0875","0,0874","0,0878","0,0869","","0,46%"
"19.08.2021","0,0871","0,0878","0,0881","0,0873","","-0,46%"
"18.08.2021","0,0875","0,0879","0,0884","0,0876","","-0,57%"
"17.08.2021","0,0880","0,0883","0,0885","0,0880","","-0,11%"
"16.08.2021","0,0881","0,0883","0,0886","0,0879","","0,00%"
"13.08.2021","0,0881","0,0881","0,0886","0,0878","","0,23%"
"12.08.2021","0,0879","0,0882","0,0884","0,0878","","-0,11%"
"11.08.2021","0,0880","0,0878","0,0883","0,0874","","0,46%"
"10.08.2021","0,0876","0,0881","0,0882","0,0875","","-0,34%"
"09.08.2021","0,0879","0,0883","0,0884","0,0879","","-0,23%"
"06.08.2021","0,0881","0,0883","0,0886","0,0880","","-0,23%"
"05.08.2021","0,0883","0,0884","0,0886","0,0879","","0,23%"
"04.08.2021","0,0881","0,0883","0,0890","0,0881","","-0,45%"
"03.08.2021","0,0885","0,0885","0,0888","0,0882","","0,23%"
"02.08.2021","0,0883","0,0883","0,0889","0,0881","","0,11%"
"30.07.2021","0,0882","0,0881","0,0887","0,0879","","0,57%"
"29.07.2021","0,0877","0,0883","0,0885","0,0879","","-0,45%"
"28.07.2021","0,0881","0,0883","0,0886","0,0878","","-0,11%"
"27.07.2021","0,0882","0,0881","0,0884","0,0877","","0,46%"
"26.07.2021","0,0878","0,0879","0,0881","0,0873","","0,11%"
"23.07.2021","0,0877","0,0878","0,0882","0,0877","","0,00%"
"22.07.2021","0,0877","0,0874","0,0879","0,0873","","0,46%"
"21.07.2021","0,0873","0,0870","0,0875","0,0868","","0,23%"
"20.07.2021","0,0871","0,0868","0,0874","0,0866","","0,58%"
"19.07.2021","0,0866","0,0873","0,0875","0,0867","","-0,80%"
"16.07.2021","0,0873","0,0869","0,0876","0,0868","","0,81%"
"15.07.2021","0,0866","0,0873","0,0874","0,0867","","-0,69%"
"14.07.2021","0,0872","0,0870","0,0875","0,0867","","0,23%"
"13.07.2021","0,0870","0,0870","0,0875","0,0869","","0,23%"
"12.07.2021","0,0868","0,0872","0,0874","0,0865","","-0,12%"
"09.07.2021","0,0869","0,0868","0,0874","0,0866","","0,35%"
"08.07.2021","0,0866","0,0866","0,0870","0,0860","","0,35%"
"07.07.2021","0,0863","0,0869","0,0874","0,0864","","-0,23%"
"06.07.2021","0,0865","0,0881","0,0883","0,0865","","-1,37%"
"05.07.2021","0,0877","0,0885","0,0886","0,0877","","-0,68%"
"02.07.2021","0,0883","0,0881","0,0886","0,0877","","0,46%"
"01.07.2021","0,0879","0,0883","0,0888","0,0879","","-0,11%"
"30.06.2021","0,0880","0,0888","0,0890","0,0881","","-0,79%"
"29.06.2021","0,0887","0,0895","0,0896","0,0887","","-0,45%"
"28.06.2021","0,0891","0,0894","0,0896","0,0891","","-0,22%"
"25.06.2021","0,0893","0,0896","0,0897","0,0891","","0,00%"
"24.06.2021","0,0893","0,0891","0,0897","0,0890","","0,45%"
"23.06.2021","0,0889","0,0890","0,0895","0,0886","","0,11%"
"22.06.2021","0,0888","0,0884","0,0891","0,0882","","0,57%"
"21.06.2021","0,0883","0,0885","0,0890","0,0881","","-0,23%"
"18.06.2021","0,0885","0,0893","0,0894","0,0885","","-0,67%"
"17.06.2021","0,0891","0,0881","0,0895","0,0879","","1,25%"
"16.06.2021","0,0880","0,0887","0,0893","0,0879","","-0,68%"
"15.06.2021","0,0886","0,0888","0,0892","0,0885","","0,11%"
"14.06.2021","0,0885","0,0887","0,0889","0,0884","","-0,23%"
"11.06.2021","0,0887","0,0890","0,0894","0,0884","","-0,22%"
"10.06.2021","0,0889","0,0881","0,0891","0,0879","","0,91%"
"09.06.2021","0,0881","0,0886","0,0888","0,0882","","-0,45%"
"08.06.2021","0,0885","0,0878","0,0886","0,0874","","1,03%"
"07.06.2021","0,0876","0,0876","0,0879","0,0873","","0,00%"
"04.06.2021","0,0876","0,0874","0,0879","0,0873","","0,57%"
"03.06.2021","0,0871","0,0873","0,0877","0,0870","","0,00%"
"02.06.2021","0,0871","0,0866","0,0874","0,0864","","0,81%"
"01.06.2021","0,0864","0,0867","0,0873","0,0865","","-0,23%"
"31.05.2021","0,0866","0,0870","0,0872","0,0866","","-0,23%"
"28.05.2021","0,0868","0,0869","0,0872","0,0863","","0,12%"
"27.05.2021","0,0867","0,0869","0,0872","0,0866","","-0,12%"
"26.05.2021","0,0868","0,0872","0,0874","0,0866","","-0,34%"
"25.05.2021","0,0871","0,0874","0,0876","0,0870","","0,11%"
"24.05.2021","0,0870","0,0874","0,0875","0,0869","","-0,34%"
"21.05.2021","0,0873","0,0874","0,0878","0,0872","","0,11%"
"20.05.2021","0,0872","0,0872","0,0877","0,0869","","0,11%"
"19.05.2021","0,0871","0,0873","0,0875","0,0870","","0,00%"
"18.05.2021","0,0871","0,0872","0,0874","0,0868","","0,11%"
"17.05.2021","0,0870","0,0870","0,0874","0,0868","","0,12%"
"14.05.2021","0,0869","0,0871","0,0874","0,0869","","0,00%"
"13.05.2021","0,0869","0,0865","0,0874","0,0863","","0,93%"
"12.05.2021","0,0861","0,0866","0,0871","0,0863","","-0,35%"
"11.05.2021","0,0864","0,0864","0,0870","0,0861","","0,23%"
"10.05.2021","0,0862","0,0873","0,0875","0,0862","","-0,92%"
"07.05.2021","0,0870","0,0870","0,0875","0,0868","","0,12%"
"06.05.2021","0,0869","0,0865","0,0872","0,0864","","0,58%"
"05.05.2021","0,0864","0,0865","0,0869","0,0862","","0,00%"
"04.05.2021","0,0864","0,0864","0,0867","0,0859","","0,23%"
"03.05.2021","0,0862","0,0860","0,0865","0,0853","","0,23%"
"30.04.2021","0,0860","0,0865","0,0869","0,0860","","-0,46%"
"29.04.2021","0,0864","0,0870","0,0873","0,0865","","-0,46%"
"28.04.2021","0,0868","0,0865","0,0872","0,0863","","0,58%"
"27.04.2021","0,0863","0,0865","0,0868","0,0860","","-0,12%"
"26.04.2021","0,0864","0,0866","0,0870","0,0860","","-0,12%"
"23.04.2021","0,0865","0,0860","0,0869","0,0859","","0,82%"
"22.04.2021","0,0858","0,0847","0,0863","0,0844","","1,66%"
"21.04.2021","0,0844","0,0845","0,0852","0,0840","","0,24%"
"20.04.2021","0,0842","0,0852","0,0856","0,0843","","-1,06%"
"19.04.2021","0,0851","0,0859","0,0861","0,0851","","-0,93%"
"16.04.2021","0,0859","0,0853","0,0866","0,0851","","0,94%"
"15.04.2021","0,0851","0,0860","0,0863","0,0843","","-1,05%"
"14.04.2021","0,0860","0,0861","0,0866","0,0859","","0,00%"
"13.04.2021","0,0860","0,0847","0,0864","0,0843","","1,65%"
"12.04.2021","0,0846","0,0846","0,0850","0,0843","","0,12%"
"09.04.2021","0,0845","0,0853","0,0854","0,0846","","-0,35%"
"08.04.2021","0,0848","0,0850","0,0855","0,0845","","-0,12%"
"07.04.2021","0,0849","0,0847","0,0852","0,0838","","0,35%"
"06.04.2021","0,0846","0,0860","0,0861","0,0845","","-1,51%"
"05.04.2021","0,0859","0,0859","0,0865","0,0855","","0,23%"
"02.04.2021","0,0857","0,0860","0,0865","0,0857","","-0,35%"
"01.04.2021","0,0860","0,0866","0,0869","0,0859","","-0,58%"
"31.03.2021","0,0865","0,0866","0,0871","0,0860","","0,00%"
"30.03.2021","0,0865","0,0869","0,0872","0,0862","","-0,23%"
"29.03.2021","0,0867","0,0864","0,0870","0,0861","","0,58%"
"26.03.2021","0,0862","0,0859","0,0865","0,0857","","0,70%"
"25.03.2021","0,0856","0,0852","0,0864","0,0850","","0,59%"
"24.03.2021","0,0851","0,0853","0,0861","0,0847","","-0,12%"
"23.03.2021","0,0852","0,0870","0,0872","0,0852","","-1,96%"
"22.03.2021","0,0869","0,0870","0,0878","0,0866","","-0,57%"
"19.03.2021","0,0874","0,0876","0,0882","0,0874","","0,00%"
"18.03.2021","0,0874","0,0883","0,0886","0,0874","","-0,79%"
"17.03.2021","0,0881","0,0894","0,0895","0,0877","","-1,12%"
"16.03.2021","0,0891","0,0893","0,0896","0,0890","","0,00%"
"15.03.2021","0,0891","0,0887","0,0894","0,0884","","0,68%"
"12.03.2021","0,0885","0,0886","0,0891","0,0882","","0,11%"
"11.03.2021","0,0884","0,0883","0,0887","0,0878","","0,45%"
"10.03.2021","0,0880","0,0880","0,0885","0,0877","","0,34%"
"09.03.2021","0,0877","0,0877","0,0882","0,0873","","0,23%"
"08.03.2021","0,0875","0,0875","0,0882","0,0870","","0,46%"
"05.03.2021","0,0871","0,0868","0,0877","0,0865","","0,69%"
"04.03.2021","0,0865","0,0874","0,0882","0,0863","","-0,92%"
"03.03.2021","0,0873","0,0877","0,0880","0,0872","","-0,34%"
"02.03.2021","0,0876","0,0870","0,0879","0,0865","","1,04%"
"01.03.2021","0,0867","0,0866","0,0875","0,0865","","-0,12%"
"26.02.2021","0,0868","0,0864","0,0873","0,0860","","0,58%"
"25.02.2021","0,0863","0,0878","0,0880","0,0862","","-1,60%"
"24.02.2021","0,0877","0,0872","0,0879","0,0869","","0,57%"
"23.02.2021","0,0872","0,0869","0,0877","0,0868","","0,46%"
"22.02.2021","0,0868","0,0872","0,0875","0,0861","","-0,23%"
"19.02.2021","0,0870","0,0878","0,0879","0,0869","","-0,91%"
"18.02.2021","0,0878","0,0875","0,0879","0,0873","","0,46%"
"17.02.2021","0,0874","0,0877","0,0879","0,0870","","-0,23%"
"16.02.2021","0,0876","0,0881","0,0883","0,0873","","-0,34%"
"15.02.2021","0,0879","0,0877","0,0883","0,0874","","0,46%"
"12.02.2021","0,0875","0,0877","0,0879","0,0867","","0,00%"
"11.02.2021","0,0875","0,0874","0,0878","0,0873","","0,23%"
"10.02.2021","0,0873","0,0871","0,0875","0,0868","","0,46%"
"09.02.2021","0,0869","0,0868","0,0873","0,0866","","0,46%"
"08.02.2021","0,0865","0,0865","0,0871","0,0863","","0,00%"
"05.02.2021","0,0865","0,0857","0,0869","0,0854","","1,05%"
"04.02.2021","0,0856","0,0851","0,0859","0,0848","","0,82%"
"03.02.2021","0,0849","0,0847","0,0853","0,0845","","0,35%"
"02.02.2021","0,0846","0,0850","0,0857","0,0845","","-0,35%"
"01.02.2021","0,0849","0,0847","0,0857","0,0845","","0,24%"
"29.01.2021","0,0847","0,0848","0,0855","0,0844","","0,12%"
"28.01.2021","0,0846","0,0855","0,0856","0,0845","","-0,82%"
"27.01.2021","0,0853","0,0861","0,0865","0,0852","","-0,81%"
"26.01.2021","0,0860","0,0860","0,0862","0,0854","","0,12%"
"25.01.2021","0,0859","0,0860","0,0869","0,0853","","0,00%"
"22.01.2021","0,0859","0,0874","0,0877","0,0859","","-1,04%"
"21.01.2021","0,0868","0,0879","0,0883","0,0870","","-1,25%"
"20.01.2021","0,0879","0,0878","0,0883","0,0874","","0,34%"
"19.01.2021","0,0876","0,0878","0,0882","0,0874","","0,00%"
"18.01.2021","0,0876","0,0882","0,0882","0,0872","","-0,34%"
"15.01.2021","0,0879","0,0883","0,0885","0,0877","","-0,23%"
"14.01.2021","0,0881","0,0876","0,0886","0,0873","","0,69%"
"13.01.2021","0,0875","0,0880","0,0881","0,0874","","-0,34%"
"12.01.2021","0,0878","0,0868","0,0880","0,0865","","1,62%"
"11.01.2021","0,0864","0,0875","0,0877","0,0864","","-0,80%"
"08.01.2021","0,0871","0,0867","0,0876","0,0864","","0,93%"
"07.01.2021","0,0863","0,0874","0,0878","0,0864","","-1,03%"
"06.01.2021","0,0872","0,0872","0,0879","0,0869","","0,69%"
"05.01.2021","0,0866","0,0868","0,0874","0,0859","","0,23%"
"04.01.2021","0,0864","0,0879","0,0884","0,0866","","-1,93%"
"01.01.2021","0,0881","0,0883","0,0883","0,0883","","0,23%"
"31.12.2020","0,0879","0,0877","0,0885","0,0869","","0,46%"
"30.12.2020","0,0875","0,0882","0,0890","0,0869","","-0,68%"
"29.12.2020","0,0881","0,0886","0,0891","0,0880","","-0,11%"
"28.12.2020","0,0882","0,0882","0,0890","0,0878","","-0,11%"
"25.12.2020","0,0883","0,0882","0,0887","0,0880","","0,34%"
"24.12.2020","0,0880","0,0872","0,0885","0,0866","","1,15%"
"23.12.2020","0,0870","0,0862","0,0875","0,0860","","1,05%"
"22.12.2020","0,0861","0,0877","0,0878","0,0860","","-1,60%"
"21.12.2020","0,0875","0,0885","0,0888","0,0868","","-1,35%"
"18.12.2020","0,0887","0,0895","0,0897","0,0884","","-0,78%"
"17.12.2020","0,0894","0,0890","0,0900","0,0887","","0,56%"
"16.12.2020","0,0889","0,0894","0,0895","0,0887","","-0,11%"
"15.12.2020","0,0890","0,0887","0,0896","0,0883","","0,56%"
"14.12.2020","0,0885","0,0895","0,0899","0,0885","","-0,90%"
"11.12.2020","0,0893","0,0896","0,0898","0,0891","","-0,22%"
"10.12.2020","0,0895","0,0888","0,0897","0,0884","","0,90%"
"09.12.2020","0,0887","0,0890","0,0895","0,0883","","-0,11%"
"08.12.2020","0,0888","0,0886","0,0895","0,0882","","0,34%"
"07.12.2020","0,0885","0,0879","0,0891","0,0877","","0,57%"
"04.12.2020","0,0880","0,0878","0,0886","0,0874","","0,34%"
"03.12.2020","0,0877","0,0874","0,0882","0,0870","","0,46%"
"02.12.2020","0,0873","0,0867","0,0875","0,0861","","1,16%"
"01.12.2020","0,0863","0,0860","0,0870","0,0858","","0,58%"
"30.11.2020","0,0858","0,0862","0,0868","0,0858","","-0,35%"
"27.11.2020","0,0861","0,0869","0,0870","0,0861","","-0,81%"
"26.11.2020","0,0868","0,0870","0,0873","0,0866","","0,00%"
"25.11.2020","0,0868","0,0873","0,0875","0,0865","","-0,57%"
"24.11.2020","0,0873","0,0865","0,0875","0,0863","","1,04%"
"23.11.2020","0,0864","0,0862","0,0869","0,0858","","0,47%"
"20.11.2020","0,0860","0,0865","0,0867","0,0859","","-0,12%"
"19.11.2020","0,0861","0,0864","0,0868","0,0859","","-0,12%"
"18.11.2020","0,0862","0,0860","0,0868","0,0855","","0,35%"
"17.11.2020","0,0859","0,0862","0,0865","0,0855","","-0,35%"
"16.11.2020","0,0862","0,0853","0,0865","0,0851","","1,29%"
"13.11.2020","0,0851","0,0857","0,0860","0,0850","","-0,23%"
"12.11.2020","0,0853","0,0860","0,0865","0,0852","","-0,81%"
"11.11.2020","0,0860","0,0865","0,0870","0,0859","","-0,35%"
"10.11.2020","0,0863","0,0868","0,0871","0,0860","","-0,46%"
"09.11.2020","0,0867","0,0852","0,0875","0,0849","","1,88%"
"06.11.2020","0,0851","0,0860","0,0864","0,0847","","-0,82%"
"05.11.2020","0,0858","0,0857","0,0861","0,0843","","0,23%"
"04.11.2020","0,0856","0,0843","0,0860","0,0840","","1,66%"
"03.11.2020","0,0842","0,0831","0,0845","0,0828","","1,57%"
"02.11.2020","0,0829","0,0843","0,0843","0,0828","","-1,66%"
"30.10.2020","0,0843","0,0852","0,0853","0,0840","","-0,59%"
"29.10.2020","0,0848","0,0852","0,0854","0,0842","","-0,24%"
"28.10.2020","0,0850","0,0869","0,0870","0,0848","","-1,96%"
"27.10.2020","0,0867","0,0878","0,0881","0,0867","","-1,14%"
"26.10.2020","0,0877","0,0877","0,0882","0,0872","","0,23%"
"23.10.2020","0,0875","0,0873","0,0879","0,0868","","0,69%"
"22.10.2020","0,0869","0,0867","0,0875","0,0859","","0,46%"
"21.10.2020","0,0865","0,0864","0,0869","0,0860","","0,35%"
"20.10.2020","0,0862","0,0859","0,0865","0,0855","","0,70%"
"19.10.2020","0,0856","0,0860","0,0865","0,0856","","-0,58%"
"16.10.2020","0,0861","0,0862","0,0865","0,0855","","0,00%"
"15.10.2020","0,0861","0,0864","0,0868","0,0856","","0,00%"
"14.10.2020","0,0861","0,0876","0,0878","0,0862","","-1,49%"
"13.10.2020","0,0874","0,0876","0,0880","0,0870","","0,11%"
"12.10.2020","0,0873","0,0870","0,0878","0,0868","","0,34%"
"09.10.2020","0,0870","0,0878","0,0879","0,0866","","-0,68%"
"08.10.2020","0,0876","0,0870","0,0879","0,0868","","0,92%"
"07.10.2020","0,0868","0,0866","0,0872","0,0865","","0,35%"
"06.10.2020","0,0865","0,0869","0,0875","0,0862","","-0,23%"
"05.10.2020","0,0867","0,0867","0,0873","0,0860","","0,00%"
"02.10.2020","0,0867","0,0879","0,0883","0,0861","","-0,91%"
"01.10.2020","0,0875","0,0874","0,0882","0,0873","","0,23%"
"30.09.2020","0,0873","0,0862","0,0876","0,0858","","1,51%"
"29.09.2020","0,0860","0,0862","0,0869","0,0853","","0,00%"
"28.09.2020","0,0860","0,0873","0,0875","0,0859","","-1,38%"
"25.09.2020","0,0872","0,0886","0,0891","0,0869","","-1,25%"
"24.09.2020","0,0883","0,0884","0,0890","0,0881","","0,00%"
"23.09.2020","0,0883","0,0891","0,0896","0,0882","","-0,56%"
"22.09.2020","0,0888","0,0893","0,0899","0,0886","","0,11%"
"21.09.2020","0,0887","0,0893","0,0898","0,0885","","-0,67%"
"18.09.2020","0,0893","0,0900","0,0904","0,0893","","-0,56%"
"17.09.2020","0,0898","0,0901","0,0904","0,0897","","-0,11%"
"16.09.2020","0,0899","0,0904","0,0908","0,0897","","-0,33%"
"15.09.2020","0,0902","0,0904","0,0907","0,0899","","0,00%"
"14.09.2020","0,0902","0,0913","0,0916","0,0903","","-0,99%"
"11.09.2020","0,0911","0,0909","0,0914","0,0908","","0,44%"
"10.09.2020","0,0907","0,0908","0,0914","0,0904","","0,11%"
"09.09.2020","0,0906","0,0898","0,0908","0,0895","","1,23%"
"08.09.2020","0,0895","0,0902","0,0904","0,0894","","-0,56%"
"07.09.2020","0,0900","0,0909","0,0910","0,0896","","-0,66%"
"04.09.2020","0,0906","0,0909","0,0913","0,0904","","-0,22%"
"03.09.2020","0,0908","0,0906","0,0913","0,0900","","0,67%"
"02.09.2020","0,0902","0,0926","0,0930","0,0903","","-2,17%"
"01.09.2020","0,0922","0,0926","0,0931","0,0921","","-0,32%"
"31.08.2020","0,0925","0,0926","0,0931","0,0918","","-0,11%"
"28.08.2020","0,0926","0,0918","0,0928","0,0915","","1,09%"
"27.08.2020","0,0916","0,0912","0,0922","0,0909","","0,88%"
"26.08.2020","0,0908","0,0919","0,0921","0,0906","","-1,09%"
"25.08.2020","0,0918","0,0926","0,0931","0,0912","","-0,97%"
"24.08.2020","0,0927","0,0925","0,0932","0,0922","","0,32%"
"21.08.2020","0,0924","0,0936","0,0938","0,0922","","-1,18%"
"20.08.2020","0,0935","0,0943","0,0948","0,0932","","-0,64%"
"19.08.2020","0,0941","0,0947","0,0949","0,0938","","-0,42%"
"18.08.2020","0,0945","0,0941","0,0949","0,0937","","0,64%"
"17.08.2020","0,0939","0,0952","0,0954","0,0939","","-1,47%"
"14.08.2020","0,0953","0,0953","0,0955","0,0945","","0,21%"
"13.08.2020","0,0951","0,0944","0,0953","0,0939","","1,17%"
"12.08.2020","0,0940","0,0950","0,0953","0,0939","","-0,95%"
"11.08.2020","0,0949","0,0947","0,0956","0,0943","","0,21%"
"10.08.2020","0,0947","0,0944","0,0954","0,0941","","0,42%"
"07.08.2020","0,0943","0,0949","0,0953","0,0941","","-0,32%"
"06.08.2020","0,0946","0,0950","0,0957","0,0944","","-0,32%"
"05.08.2020","0,0949","0,0948","0,0955","0,0945","","0,53%"
"04.08.2020","0,0944","0,0954","0,0958","0,0943","","-0,84%"
"03.08.2020","0,0952","0,0941","0,0956","0,0935","","1,71%"
"31.07.2020","0,0936","0,0958","0,0959","0,0935","","-2,09%"
"30.07.2020","0,0956","0,0966","0,0967","0,0949","","-0,83%"
"29.07.2020","0,0964","0,0966","0,0971","0,0961","","0,00%"
"28.07.2020","0,0964","0,0977","0,0980","0,0963","","-1,23%"
"27.07.2020","0,0976","0,0978","0,0981","0,0974","","-0,10%"
"24.07.2020","0,0977","0,0980","0,0985","0,0975","","-0,20%"
"23.07.2020","0,0979","0,0984","0,0989","0,0979","","-0,41%"
"22.07.2020","0,0983","0,0988","0,0991","0,0981","","-0,30%"
"21.07.2020","0,0986","0,0977","0,0989","0,0975","","1,02%"
"20.07.2020","0,0976","0,0974","0,0979","0,0969","","0,51%"
"17.07.2020","0,0971","0,0976","0,0980","0,0971","","-0,31%"
"16.07.2020","0,0974","0,0985","0,0990","0,0975","","-0,92%"
"15.07.2020","0,0983","0,0988","0,0991","0,0981","","-0,20%"
"14.07.2020","0,0985","0,0985","0,0992","0,0983","","0,10%"
"13.07.2020","0,0984","0,0988","0,0993","0,0984","","-0,20%"
"10.07.2020","0,0986","0,0988","0,0991","0,0981","","0,10%"
"09.07.2020","0,0985","0,0983","0,0992","0,0978","","0,41%"
"08.07.2020","0,0981","0,0981","0,0988","0,0978","","0,41%"
"07.07.2020","0,0977","0,0978","0,0985","0,0971","","0,21%"
"06.07.2020","0,0975","0,0990","0,0994","0,0974","","-1,32%"
"03.07.2020","0,0988","0,1001","0,1006","0,0985","","-1,10%"
"02.07.2020","0,0999","0,1001","0,1007","0,0998","","0,00%"
"01.07.2020","0,0999","0,0993","0,1002","0,0991","","0,71%"
"30.06.2020","0,0992","0,1010","0,1011","0,0990","","-1,68%"
"29.06.2020","0,1009","0,1015","0,1018","0,1005","","-0,39%"
"26.06.2020","0,1013","0,1024","0,1027","0,1011","","-1,07%"
"25.06.2020","0,1024","0,1017","0,1026","0,1015","","0,79%"
"24.06.2020","0,1016","0,1028","0,1030","0,1016","","-0,88%"
"23.06.2020","0,1025","0,1023","0,1030","0,1015","","0,49%"
"22.06.2020","0,1020","0,1015","0,1025","0,1013","","0,29%"
"19.06.2020","0,1017","0,1018","0,1023","0,1011","","0,39%"
"18.06.2020","0,1013","0,1018","0,1024","0,1013","","-0,20%"
"17.06.2020","0,1015","0,1016","0,1023","0,1013","","0,00%"
"16.06.2020","0,1015","0,1017","0,1024","0,1012","","0,00%"
"15.06.2020","0,1015","0,1017","0,1020","0,1006","","0,59%"
"12.06.2020","0,1009","0,1007","0,1023","0,1002","","0,30%"
"11.06.2020","0,1006","0,1031","0,1035","0,1006","","-2,24%"
"10.06.2020","0,1029","0,1029","0,1036","0,1024","","0,19%"
"09.06.2020","0,1027","0,1037","0,1041","0,1027","","-0,77%"
"08.06.2020","0,1035","0,1036","0,1041","0,1029","","0,58%"
"05.06.2020","0,1029","0,1028","0,1038","0,1027","","0,29%"
"04.06.2020","0,1026","0,1037","0,1041","0,1023","","-0,87%"
"03.06.2020","0,1035","0,1035","0,1042","0,1031","","0,19%"
"02.06.2020","0,1033","0,1032","0,1037","0,1028","","0,29%"
"01.06.2020","0,1030","0,1015","0,1033","0,1011","","1,38%"
"29.05.2020","0,1016","0,1015","0,1019","0,1008","","0,30%"
"28.05.2020","0,1013","0,1010","0,1019","0,1004","","0,50%"
"27.05.2020","0,1008","0,1008","0,1013","0,1003","","0,30%"
"26.05.2020","0,1005","0,0996","0,1010","0,0994","","1,11%"
"25.05.2020","0,0994","0,0995","0,1003","0,0992","","0,00%"
"22.05.2020","0,0994","0,1002","0,1005","0,0988","","-0,60%"
"21.05.2020","0,1000","0,0997","0,1006","0,0993","","0,40%"
"20.05.2020","0,0996","0,0979","0,0998","0,0976","","1,74%"
"19.05.2020","0,0979","0,0978","0,0984","0,0975","","0,20%"
"18.05.2020","0,0977","0,0962","0,0980","0,0961","","1,24%"
"15.05.2020","0,0965","0,0965","0,0972","0,0958","","0,21%"
"14.05.2020","0,0963","0,0958","0,0966","0,0953","","0,73%"
"13.05.2020","0,0956","0,0961","0,0970","0,0954","","-0,42%"
"12.05.2020","0,0960","0,0963","0,0971","0,0959","","-0,10%"
"11.05.2020","0,0961","0,0963","0,0969","0,0958","","0,00%"
"08.05.2020","0,0961","0,0957","0,0967","0,0950","","0,73%"
"07.05.2020","0,0954","0,0953","0,0963","0,0950","","0,32%"
"06.05.2020","0,0951","0,0957","0,0966","0,0946","","-0,31%"
"05.05.2020","0,0954","0,0944","0,0961","0,0941","","1,17%"
"04.05.2020","0,0943","0,0937","0,0945","0,0929","","0,86%"
"01.05.2020","0,0935","0,0949","0,0953","0,0931","","-1,37%"
"30.04.2020","0,0948","0,0969","0,0971","0,0946","","-1,96%"
"29.04.2020","0,0967","0,0955","0,0970","0,0950","","1,47%"
"28.04.2020","0,0953","0,0953","0,0959","0,0945","","0,32%"
"27.04.2020","0,0950","0,0950","0,0957","0,0946","","0,21%"
"24.04.2020","0,0948","0,0944","0,0957","0,0940","","0,53%"
"23.04.2020","0,0943","0,0932","0,0953","0,0930","","1,40%"
"22.04.2020","0,0930","0,0917","0,0935","0,0911","","1,75%"
"21.04.2020","0,0914","0,0936","0,0941","0,0913","","-2,25%"
"20.04.2020","0,0935","0,0956","0,0957","0,0935","","-1,99%"
"17.04.2020","0,0954","0,0956","0,0969","0,0950","","0,00%"
"16.04.2020","0,0954","0,0944","0,0959","0,0941","","1,38%"
"15.04.2020","0,0941","0,0963","0,0969","0,0937","","-2,18%"
"14.04.2020","0,0962","0,0957","0,0970","0,0956","","0,63%"
"13.04.2020","0,0956","0,0956","0,0967","0,0950","","0,53%"
"10.04.2020","0,0951","0,0948","0,0962","0,0944","","0,53%"
"09.04.2020","0,0946","0,0941","0,0969","0,0938","","0,75%"
"08.04.2020","0,0939","0,0933","0,0944","0,0930","","0,86%"
"07.04.2020","0,0931","0,0932","0,0940","0,0929","","0,00%"
"06.04.2020","0,0931","0,0923","0,0935","0,0915","","0,76%"
"03.04.2020","0,0924","0,0918","0,0928","0,0909","","0,98%"
"02.04.2020","0,0915","0,0903","0,0918","0,0895","","1,55%"
"01.04.2020","0,0901","0,0903","0,0905","0,0894","","0,22%"
"31.03.2020","0,0899","0,0894","0,0912","0,0887","","0,90%"
"30.03.2020","0,0891","0,0897","0,0898","0,0882","","-0,67%"
"27.03.2020","0,0897","0,0913","0,0917","0,0894","","-1,54%"
"26.03.2020","0,0911","0,0909","0,0918","0,0897","","0,22%"
"25.03.2020","0,0909","0,0902","0,0922","0,0895","","1,00%"
"24.03.2020","0,0900","0,0893","0,0904","0,0890","","1,35%"
"23.03.2020","0,0888","0,0889","0,0895","0,0874","","0,45%"
"20.03.2020","0,0884","0,0898","0,0912","0,0884","","-1,45%"
"19.03.2020","0,0897","0,0872","0,0905","0,0859","","3,10%"
"18.03.2020","0,0870","0,0930","0,0937","0,0849","","-6,15%"
"17.03.2020","0,0927","0,0940","0,0954","0,0927","","-1,38%"
"16.03.2020","0,0940","0,0972","0,0972","0,0930","","-2,59%"
"13.03.2020","0,0965","0,0939","0,0971","0,0935","","2,88%"
"12.03.2020","0,0938","0,0950","0,0965","0,0927","","-1,26%"
"11.03.2020","0,0950","0,0975","0,0987","0,0950","","-2,46%"
"10.03.2020","0,0974","0,0929","0,0984","0,0926","","5,07%"
"09.03.2020","0,0927","0,0983","0,0984","0,0920","","-8,22%"
"06.03.2020","0,1010","0,1027","0,1032","0,1010","","-1,56%"
"05.03.2020","0,1026","0,1045","0,1051","0,1023","","-1,82%"
"04.03.2020","0,1045","0,1053","0,1058","0,1041","","-0,57%"
"03.03.2020","0,1051","0,1052","0,1066","0,1046","","-0,10%"
"02.03.2020","0,1052","0,1041","0,1054","0,1035","","0,48%"
"28.02.2020","0,1047","0,1057","0,1058","0,1032","","-0,76%"
"27.02.2020","0,1055","0,1073","0,1075","0,1054","","-1,68%"
"26.02.2020","0,1073","0,1073","0,1081","0,1067","","0,00%"
"25.02.2020","0,1073","0,1076","0,1085","0,1070","","-0,19%"
"24.02.2020","0,1075","0,1097","0,1097","0,1068","","-1,83%"
"21.02.2020","0,1095","0,1094","0,1099","0,1089","","0,09%"
"20.02.2020","0,1094","0,1101","0,1103","0,1092","","-0,64%"
"19.02.2020","0,1101","0,1095","0,1103","0,1094","","0,55%"
"18.02.2020","0,1095","0,1099","0,1102","0,1089","","-0,36%"
"17.02.2020","0,1099","0,1099","0,1104","0,1098","","0,00%"
"14.02.2020","0,1099","0,1095","0,1102","0,1095","","0,37%"
"13.02.2020","0,1095","0,1103","0,1104","0,1094","","-0,64%"
"12.02.2020","0,1102","0,1098","0,1108","0,1098","","0,36%"
"11.02.2020","0,1098","0,1090","0,1102","0,1088","","0,83%"
"10.02.2020","0,1089","0,1090","0,1097","0,1086","","-0,18%"
"07.02.2020","0,1091","0,1102","0,1104","0,1089","","-0,82%"
"06.02.2020","0,1100","0,1109","0,1112","0,1098","","-0,81%"
"05.02.2020","0,1109","0,1111","0,1116","0,1106","","-0,18%"
"04.02.2020","0,1111","0,1103","0,1113","0,1099","","0,82%"
"03.02.2020","0,1102","0,1084","0,1107","0,1082","","1,66%"
"31.01.2020","0,1084","0,1098","0,1100","0,1084","","-1,28%"
"30.01.2020","0,1098","0,1109","0,1110","0,1092","","-0,90%"
"29.01.2020","0,1108","0,1115","0,1116","0,1104","","-0,45%"
"28.01.2020","0,1113","0,1102","0,1116","0,1098","","1,09%"
"27.01.2020","0,1101","0,1115","0,1116","0,1099","","-1,43%"
"24.01.2020","0,1117","0,1121","0,1124","0,1113","","-0,36%"
"23.01.2020","0,1121","0,1116","0,1121","0,1115","","0,54%"
"22.01.2020","0,1115","0,1116","0,1119","0,1112","","0,00%"
"21.01.2020","0,1115","0,1116","0,1120","0,1113","","0,00%"
"20.01.2020","0,1115","0,1114","0,1116","0,1111","","0,18%"
"17.01.2020","0,1113","0,1116","0,1119","0,1111","","-0,18%"
"16.01.2020","0,1115","0,1122","0,1124","0,1113","","-0,62%"
"15.01.2020","0,1122","0,1120","0,1124","0,1115","","0,09%"
"14.01.2020","0,1121","0,1126","0,1128","0,1119","","-0,44%"
"13.01.2020","0,1126","0,1133","0,1134","0,1123","","-0,62%"
"10.01.2020","0,1133","0,1131","0,1137","0,1128","","0,27%"
"09.01.2020","0,1130","0,1134","0,1135","0,1127","","-0,26%"
"08.01.2020","0,1133","0,1121","0,1138","0,1117","","1,16%"
"07.01.2020","0,1120","0,1129","0,1129","0,1117","","-0,80%"
"06.01.2020","0,1129","0,1121","0,1130","0,1119","","0,62%"
"03.01.2020","0,1122","0,1129","0,1130","0,1120","","-0,53%"
"02.01.2020","0,1128","0,1124","0,1131","0,1120","","0,45%"
"01.01.2020","0,1123","0,1125","0,1125","0,1124","","-0,09%"
"31.12.2019","0,1124","0,1126","0,1128","0,1117","","-0,18%"
"30.12.2019","0,1126","0,1128","0,1133","0,1123","","0,00%"
"27.12.2019","0,1126","0,1124","0,1133","0,1123","","0,27%"
"26.12.2019","0,1123","0,1129","0,1135","0,1123","","-0,53%"
"25.12.2019","0,1129","0,1133","0,1137","0,1129","","-0,27%"
"24.12.2019","0,1132","0,1126","0,1133","0,1124","","0,53%"
"23.12.2019","0,1126","0,1124","0,1129","0,1120","","0,09%"
"20.12.2019","0,1125","0,1124","0,1130","0,1123","","0,18%"
"19.12.2019","0,1123","0,1118","0,1125","0,1116","","0,54%"
"18.12.2019","0,1117","0,1121","0,1123","0,1116","","-0,36%"
"17.12.2019","0,1121","0,1120","0,1123","0,1115","","0,18%"
"16.12.2019","0,1119","0,1113","0,1121","0,1111","","0,72%"
"13.12.2019","0,1111","0,1113","0,1123","0,1108","","-0,09%"
"12.12.2019","0,1112","0,1111","0,1119","0,1109","","0,09%"
"11.12.2019","0,1111","0,1108","0,1112","0,1106","","0,27%"
"10.12.2019","0,1108","0,1108","0,1110","0,1106","","0,00%"
"09.12.2019","0,1108","0,1103","0,1108","0,1102","","0,27%"
"06.12.2019","0,1105","0,1106","0,1107","0,1101","","0,00%"
"05.12.2019","0,1105","0,1103","0,1107","0,1101","","0,27%"
"04.12.2019","0,1102","0,1102","0,1106","0,1099","","0,09%"
"03.12.2019","0,1101","0,1097","0,1102","0,1095","","0,46%"
"02.12.2019","0,1096","0,1093","0,1098","0,1091","","0,37%"
"29.11.2019","0,1092","0,1098","0,1098","0,1093","","-0,46%"
"28.11.2019","0,1097","0,1099","0,1099","0,1095","","-0,09%"
"27.11.2019","0,1098","0,1099","0,1101","0,1097","","-0,09%"
"26.11.2019","0,1099","0,1101","0,1102","0,1098","","-0,09%"
"25.11.2019","0,1100","0,1103","0,1103","0,1098","","-0,18%"
"22.11.2019","0,1102","0,1103","0,1107","0,1102","","-0,09%"
"21.11.2019","0,1103","0,1102","0,1104","0,1102","","0,09%"
"20.11.2019","0,1102","0,1101","0,1103","0,1097","","0,18%"
"19.11.2019","0,1100","0,1101","0,1104","0,1098","","0,09%"
"18.11.2019","0,1099","0,1099","0,1103","0,1098","","0,09%"
"15.11.2019","0,1098","0,1098","0,1100","0,1094","","0,09%"
"14.11.2019","0,1097","0,1090","0,1098","0,1090","","0,55%"
"13.11.2019","0,1091","0,1091","0,1094","0,1089","","0,09%"
"12.11.2019","0,1090","0,1098","0,1098","0,1090","","-0,64%"
"11.11.2019","0,1097","0,1095","0,1098","0,1095","","0,09%"
"08.11.2019","0,1096","0,1098","0,1099","0,1093","","-0,18%"
"07.11.2019","0,1098","0,1097","0,1102","0,1093","","0,18%"
"06.11.2019","0,1096","0,1104","0,1106","0,1093","","-0,63%"
"05.11.2019","0,1103","0,1107","0,1108","0,1101","","-0,27%"
"04.11.2019","0,1106","0,1110","0,1113","0,1106","","-0,09%"
"01.11.2019","0,1107","0,1097","0,1111","0,1097","","0,91%"
"31.10.2019","0,1097","0,1107","0,1107","0,1097","","-0,90%"
"30.10.2019","0,1107","0,1104","0,1107","0,1099","","0,27%"
"29.10.2019","0,1104","0,1107","0,1110","0,1103","","-0,27%"
"28.10.2019","0,1107","0,1107","0,1112","0,1103","","0,09%"
"25.10.2019","0,1106","0,1103","0,1111","0,1103","","0,27%"
"24.10.2019","0,1103","0,1106","0,1108","0,1102","","-0,09%"
"23.10.2019","0,1104","0,1111","0,1113","0,1104","","-0,54%"
"22.10.2019","0,1110","0,1110","0,1113","0,1108","","0,09%"
"21.10.2019","0,1109","0,1110","0,1112","0,1107","","-0,09%"
"18.10.2019","0,1110","0,1104","0,1111","0,1103","","0,63%"
"17.10.2019","0,1103","0,1107","0,1110","0,1102","","-0,27%"
"16.10.2019","0,1106","0,1101","0,1107","0,1099","","0,45%"
"15.10.2019","0,1101","0,1101","0,1103","0,1097","","0,18%"
"14.10.2019","0,1099","0,1104","0,1104","0,1096","","-0,36%"
"11.10.2019","0,1103","0,1104","0,1110","0,1100","","-0,09%"
"10.10.2019","0,1104","0,1099","0,1105","0,1094","","0,45%"
"09.10.2019","0,1099","0,1095","0,1101","0,1094","","0,37%"
"08.10.2019","0,1095","0,1099","0,1101","0,1093","","-0,45%"
"07.10.2019","0,1100","0,1105","0,1107","0,1099","","-0,45%"
"04.10.2019","0,1105","0,1097","0,1107","0,1097","","0,73%"
"03.10.2019","0,1097","0,1098","0,1099","0,1094","","0,00%"
"02.10.2019","0,1097","0,1097","0,1099","0,1090","","0,09%"
"01.10.2019","0,1096","0,1103","0,1104","0,1093","","-0,54%"
"30.09.2019","0,1102","0,1102","0,1105","0,1098","","0,09%"
"27.09.2019","0,1101","0,1110","0,1111","0,1101","","-0,72%"
"26.09.2019","0,1109","0,1111","0,1112","0,1107","","-0,09%"
"25.09.2019","0,1110","0,1112","0,1115","0,1106","","-0,18%"
"24.09.2019","0,1112","0,1115","0,1117","0,1111","","-0,18%"
"23.09.2019","0,1114","0,1107","0,1117","0,1106","","0,54%"
"20.09.2019","0,1108","0,1108","0,1112","0,1106","","0,00%"
"19.09.2019","0,1108","0,1103","0,1112","0,1102","","0,54%"
"18.09.2019","0,1102","0,1100","0,1106","0,1098","","0,18%"
"17.09.2019","0,1100","0,1104","0,1108","0,1099","","-0,36%"
"16.09.2019","0,1104","0,1107","0,1111","0,1101","","0,45%"
"13.09.2019","0,1099","0,1092","0,1103","0,1092","","0,83%"
"12.09.2019","0,1090","0,1085","0,1094","0,1082","","0,37%"
"11.09.2019","0,1086","0,1086","0,1090","0,1084","","-0,09%"
"10.09.2019","0,1087","0,1086","0,1090","0,1084","","0,09%"
"09.09.2019","0,1086","0,1081","0,1090","0,1081","","0,46%"
"06.09.2019","0,1081","0,1081","0,1085","0,1077","","0,28%"
"05.09.2019","0,1078","0,1080","0,1086","0,1076","","-0,09%"
"04.09.2019","0,1079","0,1075","0,1082","0,1072","","0,37%"
"03.09.2019","0,1075","0,1074","0,1076","0,1069","","0,09%"
"02.09.2019","0,1074","0,1073","0,1077","0,1071","","0,19%"
"30.08.2019","0,1072","0,1075","0,1078","0,1071","","-0,19%"
"29.08.2019","0,1074","0,1072","0,1077","0,1071","","0,28%"
"28.08.2019","0,1071","0,1077","0,1080","0,1069","","-0,56%"
"27.08.2019","0,1077","0,1081","0,1085","0,1073","","-0,46%"
"26.08.2019","0,1082","0,1073","0,1086","0,1069","","0,74%"
"23.08.2019","0,1074","0,1081","0,1084","0,1072","","-0,56%"
"22.08.2019","0,1080","0,1075","0,1082","0,1072","","0,56%"
"21.08.2019","0,1074","0,1063","0,1076","0,1060","","1,13%"
"20.08.2019","0,1062","0,1054","0,1063","0,1051","","0,85%"
"19.08.2019","0,1053","0,1059","0,1063","0,1051","","-0,47%"
"16.08.2019","0,1058","0,1066","0,1069","0,1058","","-0,56%"
"15.08.2019","0,1064","0,1063","0,1071","0,1058","","0,09%"
"14.08.2019","0,1063","0,1084","0,1086","0,1063","","-1,94%"
"13.08.2019","0,1084","0,1079","0,1087","0,1073","","0,56%"
"12.08.2019","0,1078","0,1081","0,1083","0,1075","","-0,37%"
"09.08.2019","0,1082","0,1084","0,1085","0,1077","","0,00%"
"08.08.2019","0,1082","0,1081","0,1084","0,1076","","0,19%"
"07.08.2019","0,1080","0,1076","0,1085","0,1075","","0,47%"
"06.08.2019","0,1075","0,1077","0,1081","0,1066","","0,00%"
"05.08.2019","0,1075","0,1063","0,1086","0,1062","","1,13%"
"02.08.2019","0,1063","0,1072","0,1081","0,1060","","-0,75%"
"01.08.2019","0,1071","0,1081","0,1088","0,1072","","-0,93%"
"31.07.2019","0,1081","0,1083","0,1090","0,1079","","-0,28%"
"30.07.2019","0,1084","0,1086","0,1089","0,1080","","-0,18%"
"29.07.2019","0,1086","0,1086","0,1089","0,1082","","0,09%"
"26.07.2019","0,1085","0,1086","0,1091","0,1083","","-0,09%"
"25.07.2019","0,1086","0,1085","0,1094","0,1085","","0,09%"
"24.07.2019","0,1085","0,1089","0,1091","0,1085","","-0,28%"
"23.07.2019","0,1088","0,1090","0,1093","0,1085","","-0,18%"
"22.07.2019","0,1090","0,1092","0,1094","0,1089","","-0,18%"
"19.07.2019","0,1092","0,1095","0,1097","0,1090","","-0,27%"
"18.07.2019","0,1095","0,1094","0,1097","0,1089","","0,27%"
"17.07.2019","0,1092","0,1090","0,1096","0,1090","","0,18%"
"16.07.2019","0,1090","0,1098","0,1098","0,1090","","-0,73%"
"15.07.2019","0,1098","0,1090","0,1099","0,1089","","0,55%"
"12.07.2019","0,1092","0,1094","0,1095","0,1089","","-0,09%"
"11.07.2019","0,1093","0,1089","0,1094","0,1085","","0,46%"
"10.07.2019","0,1088","0,1080","0,1089","0,1077","","0,93%"
"09.07.2019","0,1078","0,1081","0,1082","0,1077","","-0,19%"
"08.07.2019","0,1080","0,1081","0,1084","0,1076","","0,00%"
"05.07.2019","0,1080","0,1083","0,1085","0,1080","","-0,09%"
"04.07.2019","0,1081","0,1087","0,1088","0,1081","","-0,46%"
"03.07.2019","0,1086","0,1086","0,1089","0,1081","","0,09%"
"02.07.2019","0,1085","0,1088","0,1090","0,1084","","-0,18%"
"01.07.2019","0,1087","0,1077","0,1090","0,1077","","0,18%"
"28.06.2019","0,1085","0,1090","0,1094","0,1085","","-0,46%"
"27.06.2019","0,1090","0,1093","0,1094","0,1088","","-0,18%"
"26.06.2019","0,1092","0,1094","0,1098","0,1088","","-0,18%"
"25.06.2019","0,1094","0,1099","0,1102","0,1091","","-0,36%"
"24.06.2019","0,1098","0,1086","0,1100","0,1086","","0,83%"
"21.06.2019","0,1089","0,1090","0,1093","0,1077","","-0,09%"
"20.06.2019","0,1090","0,1084","0,1090","0,1077","","0,74%"
"19.06.2019","0,1082","0,1079","0,1084","0,1076","","0,37%"
"18.06.2019","0,1078","0,1077","0,1083","0,1076","","0,09%"
"17.06.2019","0,1077","0,1075","0,1080","0,1075","","0,19%"
"14.06.2019","0,1075","0,1072","0,1079","0,1072","","0,28%"
"13.06.2019","0,1072","0,1066","0,1073","0,1066","","0,66%"
"12.06.2019","0,1065","0,1071","0,1072","0,1064","","-0,56%"
"11.06.2019","0,1071","0,1071","0,1073","0,1068","","0,09%"
"10.06.2019","0,1070","0,1067","0,1072","0,1064","","0,38%"
"07.06.2019","0,1066","0,1062","0,1067","0,1060","","0,47%"
"06.06.2019","0,1061","0,1058","0,1063","0,1057","","0,38%"
"05.06.2019","0,1057","0,1059","0,1063","0,1057","","-0,28%"
"04.06.2019","0,1060","0,1058","0,1063","0,1055","","0,38%"
"03.06.2019","0,1056","0,1054","0,1060","0,1051","","0,28%"
"31.05.2019","0,1053","0,1059","0,1060","0,1053","","-0,57%"
"30.05.2019","0,1059","0,1066","0,1066","0,1059","","-0,47%"
"29.05.2019","0,1064","0,1068","0,1069","0,1057","","-0,37%"
"28.05.2019","0,1068","0,1071","0,1073","0,1067","","-0,37%"
"27.05.2019","0,1072","0,1071","0,1072","0,1067","","0,19%"
"24.05.2019","0,1070","0,1066","0,1072","0,1064","","0,47%"
"23.05.2019","0,1065","0,1073","0,1075","0,1064","","-0,75%"
"22.05.2019","0,1073","0,1072","0,1076","0,1071","","0,19%"
"21.05.2019","0,1071","0,1071","0,1072","0,1068","","0,09%"
"20.05.2019","0,1070","0,1068","0,1073","0,1066","","0,19%"
"17.05.2019","0,1068","0,1066","0,1072","0,1063","","0,28%"
"16.05.2019","0,1065","0,1064","0,1068","0,1063","","0,19%"
"15.05.2019","0,1063","0,1059","0,1067","0,1057","","0,38%"
"14.05.2019","0,1059","0,1051","0,1060","0,1050","","0,76%"
"13.05.2019","0,1051","0,1048","0,1054","0,1045","","0,38%"
"10.05.2019","0,1047","0,1046","0,1050","0,1041","","0,10%"
"09.05.2019","0,1046","0,1044","0,1047","0,1041","","0,29%"
"08.05.2019","0,1043","0,1036","0,1045","0,1034","","0,77%"
"07.05.2019","0,1035","0,1036","0,1041","0,1035","","-0,10%"
"06.05.2019","0,1036","0,1035","0,1041","0,1028","","0,19%"
"03.05.2019","0,1034","0,1030","0,1036","0,1027","","0,39%"
"02.05.2019","0,1030","0,1038","0,1041","0,1027","","-0,77%"
"01.05.2019","0,1038","0,1042","0,1044","0,1038","","-0,38%"
"30.04.2019","0,1042","0,1045","0,1047","0,1036","","-0,19%"
"29.04.2019","0,1044","0,1039","0,1045","0,1038","","0,58%"
"26.04.2019","0,1038","0,1042","0,1044","0,1037","","-0,38%"
"25.04.2019","0,1042","0,1045","0,1048","0,1038","","-0,19%"
"24.04.2019","0,1044","0,1055","0,1057","0,1042","","-1,04%"
"23.04.2019","0,1055","0,1051","0,1057","0,1050","","0,38%"
"22.04.2019","0,1051","0,1047","0,1054","0,1046","","0,48%"
"19.04.2019","0,1046","0,1050","0,1051","0,1046","","-0,38%"
"18.04.2019","0,1050","0,1049","0,1050","0,1045","","0,19%"
"17.04.2019","0,1048","0,1047","0,1049","0,1044","","0,10%"
"16.04.2019","0,1047","0,1044","0,1048","0,1041","","0,38%"
"15.04.2019","0,1043","0,1041","0,1045","0,1041","","0,10%"
"12.04.2019","0,1042","0,1041","0,1046","0,1040","","0,19%"
"11.04.2019","0,1040","0,1045","0,1045","0,1038","","-0,48%"
"10.04.2019","0,1045","0,1033","0,1046","0,1033","","1,16%"
"09.04.2019","0,1033","0,1035","0,1038","0,1033","","-0,19%"
"08.04.2019","0,1035","0,1028","0,1037","0,1026","","0,58%"
"05.04.2019","0,1029","0,1027","0,1032","0,1024","","0,29%"
"04.04.2019","0,1026","0,1028","0,1032","0,1023","","-0,19%"
"03.04.2019","0,1028","0,1029","0,1032","0,1025","","-0,10%"
"02.04.2019","0,1029","0,1029","0,1031","0,1025","","0,00%"
"01.04.2019","0,1029","0,1023","0,1031","0,1019","","0,78%"
"29.03.2019","0,1021","0,1037","0,1040","0,1020","","-1,54%"
"28.03.2019","0,1037","0,1037","0,1042","0,1032","","0,10%"
"27.03.2019","0,1036","0,1042","0,1045","0,1035","","-0,58%"
"26.03.2019","0,1042","0,1049","0,1050","0,1041","","-0,57%"
"25.03.2019","0,1048","0,1041","0,1050","0,1037","","0,77%"
"22.03.2019","0,1040","0,1049","0,1053","0,1037","","-0,76%"
"21.03.2019","0,1048","0,1048","0,1051","0,1044","","0,00%"
"20.03.2019","0,1048","0,1042","0,1051","0,1040","","0,58%"
"19.03.2019","0,1042","0,1042","0,1046","0,1039","","0,00%"
"18.03.2019","0,1042","0,1034","0,1046","0,1034","","0,58%"
"15.03.2019","0,1036","0,1027","0,1037","0,1024","","0,97%"
"14.03.2019","0,1026","0,1024","0,1029","0,1024","","0,20%"
"13.03.2019","0,1024","0,1023","0,1028","0,1022","","0,20%"
"12.03.2019","0,1022","0,1020","0,1023","0,1019","","0,29%"
"11.03.2019","0,1019","0,1011","0,1022","0,1011","","0,59%"
"08.03.2019","0,1013","0,1013","0,1016","0,1011","","0,00%"
"07.03.2019","0,1013","0,1019","0,1020","0,1013","","-0,49%"
"06.03.2019","0,1018","0,1019","0,1022","0,1017","","-0,10%"
"05.03.2019","0,1019","0,1021","0,1022","0,1018","","-0,20%"
"04.03.2019","0,1021","0,1017","0,1022","0,1017","","0,39%"
"01.03.2019","0,1017","0,1014","0,1022","0,1014","","0,30%"
"28.02.2019","0,1014","0,1016","0,1018","0,1013","","-0,29%"
"27.02.2019","0,1017","0,1021","0,1022","0,1013","","-0,29%"
"26.02.2019","0,1020","0,1021","0,1025","0,1016","","-0,10%"
"25.02.2019","0,1021","0,1025","0,1028","0,1019","","-0,58%"
"22.02.2019","0,1027","0,1024","0,1029","0,1023","","0,29%"
"21.02.2019","0,1024","0,1023","0,1029","0,1019","","0,10%"
"20.02.2019","0,1023","0,1028","0,1028","0,1019","","-0,49%"
"19.02.2019","0,1028","0,1022","0,1028","0,1021","","0,69%"
"18.02.2019","0,1021","0,1022","0,1024","0,1019","","-0,10%"
"15.02.2019","0,1022","0,1017","0,1023","0,1014","","0,59%"
"14.02.2019","0,1016","0,1017","0,1021","0,1008","","-0,10%"
"13.02.2019","0,1017","0,1028","0,1031","0,1016","","-1,17%"
"12.02.2019","0,1029","0,1032","0,1034","0,1023","","-0,29%"
"11.02.2019","0,1032","0,1031","0,1037","0,1028","","0,10%"
"08.02.2019","0,1031","0,1022","0,1032","0,1019","","0,78%"
"07.02.2019","0,1023","0,1024","0,1027","0,1020","","-0,10%"
"06.02.2019","0,1024","0,1028","0,1029","0,1023","","-0,39%"
"05.02.2019","0,1028","0,1029","0,1032","0,1028","","-0,10%"
"04.02.2019","0,1029","0,1030","0,1031","0,1026","","-0,10%"
"01.02.2019","0,1030","0,1025","0,1032","0,1022","","0,49%"
"31.01.2019","0,1025","0,1027","0,1031","0,1020","","-0,19%"
"30.01.2019","0,1027","0,1020","0,1028","0,1015","","0,69%"
"29.01.2019","0,1020","0,1018","0,1021","0,1014","","0,20%"
"28.01.2019","0,1018","0,1022","0,1027","0,1017","","-0,39%"
"25.01.2019","0,1022","0,1032","0,1033","0,1021","","-0,97%"
"24.01.2019","0,1032","0,1028","0,1035","0,1026","","0,49%"
"23.01.2019","0,1027","0,1023","0,1028","0,1019","","0,39%"
"22.01.2019","0,1023","0,1022","0,1027","0,1022","","-0,10%"
"21.01.2019","0,1024","0,1025","0,1027","0,1022","","0,00%"
"18.01.2019","0,1024","0,1022","0,1026","0,1018","","0,29%"
"17.01.2019","0,1021","0,1018","0,1023","0,1016","","0,20%"
"16.01.2019","0,1019","0,1009","0,1020","0,1007","","1,09%"
"15.01.2019","0,1008","0,1009","0,1011","0,1004","","-0,10%"
"14.01.2019","0,1009","0,1011","0,1012","0,1006","","-0,20%"
"11.01.2019","0,1011","0,1016","0,1016","0,1006","","-0,39%"
"10.01.2019","0,1015","0,1022","0,1023","0,1008","","-0,68%"
"09.01.2019","0,1022","0,1024","0,1026","0,1017","","-0,20%"
"08.01.2019","0,1024","0,1027","0,1028","0,1018","","-0,29%"
"07.01.2019","0,1027","0,1009","0,1028","0,1006","","1,08%"
"04.01.2019","0,1016","0,1001","0,1017","0,0995","","1,60%"
"03.01.2019","0,1000","0,0995","0,1004","0,0989","","0,60%"
"02.01.2019","0,0994","0,0985","0,1000","0,0983","","0,71%"
"01.01.2019","0,0987","0,0987","0,0987","0,0987","","0,00%"
"31.12.2018","0,0987","0,0989","0,0989","0,0987","","-0,20%"
"28.12.2018","0,0989","0,0988","0,0993","0,0984","","0,10%"
"27.12.2018","0,0988","0,1002","0,1006","0,0985","","-1,40%"
"26.12.2018","0,1002","0,1003","0,1004","0,0992","","-0,10%"
"25.12.2018","0,1003","0,1006","0,1007","0,0998","","-0,20%"
"24.12.2018","0,1005","0,1005","0,1013","0,1003","","0,20%"
"21.12.2018","0,1003","0,1008","0,1017","0,0998","","-0,50%"
"20.12.2018","0,1008","0,1022","0,1028","0,1003","","-1,37%"
"19.12.2018","0,1022","0,1022","0,1029","0,1017","","0,00%"
"18.12.2018","0,1022","0,1033","0,1037","0,1021","","-1,16%"
"17.12.2018","0,1034","0,1035","0,1039","0,1032","","0,10%"
"14.12.2018","0,1033","0,1041","0,1042","0,1033","","-0,48%"
"13.12.2018","0,1038","0,1035","0,1041","0,1035","","0,19%"
"12.12.2018","0,1036","0,1039","0,1042","0,1034","","-0,29%"
"11.12.2018","0,1039","0,1037","0,1042","0,1035","","0,19%"
"10.12.2018","0,1037","0,1036","0,1045","0,1032","","0,19%"
"07.12.2018","0,1035","0,1027","0,1043","0,1026","","0,68%"
"06.12.2018","0,1028","0,1032","0,1036","0,1026","","-0,19%"
"05.12.2018","0,1030","0,1022","0,1032","0,1021","","0,78%"
"04.12.2018","0,1022","0,1035","0,1036","0,1021","","-1,26%"
"03.12.2018","0,1035","0,1037","0,1045","0,1032","","-0,19%"
"30.11.2018","0,1037","0,1050","0,1052","0,1037","","-0,96%"
"29.11.2018","0,1047","0,1037","0,1053","0,1033","","0,96%"
"28.11.2018","0,1037","0,1037","0,1042","0,1029","","0,00%"
"27.11.2018","0,1037","0,1033","0,1046","0,1032","","0,39%"
"26.11.2018","0,1033","0,1047","0,1047","0,1031","","-1,62%"
"23.11.2018","0,1050","0,1056","0,1060","0,1046","","-0,57%"
"22.11.2018","0,1056","0,1054","0,1060","0,1053","","0,28%"
"21.11.2018","0,1053","0,1050","0,1057","0,1047","","0,29%"
"20.11.2018","0,1050","0,1057","0,1060","0,1048","","-0,66%"
"19.11.2018","0,1057","0,1051","0,1061","0,1050","","0,57%"
"16.11.2018","0,1051","0,1055","0,1057","0,1050","","-0,19%"
"15.11.2018","0,1053","0,1035","0,1055","0,1032","","1,64%"
"14.11.2018","0,1036","0,1022","0,1037","0,1017","","1,47%"
"13.11.2018","0,1021","0,1026","0,1031","0,1020","","-0,49%"
"12.11.2018","0,1026","0,1025","0,1035","0,1023","","0,20%"
"09.11.2018","0,1024","0,1037","0,1041","0,1021","","-1,25%"
"08.11.2018","0,1037","0,1045","0,1048","0,1036","","-0,77%"
"07.11.2018","0,1045","0,1048","0,1052","0,1043","","-0,10%"
"06.11.2018","0,1046","0,1049","0,1053","0,1044","","-0,19%"
"05.11.2018","0,1048","0,1042","0,1051","0,1042","","0,58%"
"02.11.2018","0,1042","0,1055","0,1056","0,1040","","-1,23%"
"01.11.2018","0,1055","0,1058","0,1062","0,1051","","-0,28%"
"31.10.2018","0,1058","0,1064","0,1065","0,1058","","-0,66%"
"30.10.2018","0,1065","0,1057","0,1065","0,1056","","0,76%"
"29.10.2018","0,1057","0,1057","0,1064","0,1053","","0,00%"
"26.10.2018","0,1057","0,1058","0,1063","0,1053","","-0,28%"
"25.10.2018","0,1060","0,1057","0,1062","0,1053","","0,28%"
"24.10.2018","0,1057","0,1060","0,1069","0,1056","","-0,19%"
"23.10.2018","0,1059","0,1065","0,1065","0,1055","","-0,66%"
"22.10.2018","0,1066","0,1058","0,1069","0,1055","","0,76%"
"19.10.2018","0,1058","0,1055","0,1062","0,1052","","0,28%"
"18.10.2018","0,1055","0,1057","0,1060","0,1052","","-0,19%"
"17.10.2018","0,1057","0,1057","0,1061","0,1055","","0,00%"
"16.10.2018","0,1057","0,1052","0,1060","0,1052","","0,38%"
"15.10.2018","0,1053","0,1048","0,1061","0,1046","","0,48%"
"12.10.2018","0,1048","0,1040","0,1052","0,1039","","0,77%"
"11.10.2018","0,1040","0,1036","0,1045","0,1033","","0,39%"
"10.10.2018","0,1036","0,1046","0,1048","0,1035","","-0,96%"
"09.10.2018","0,1046","0,1042","0,1047","0,1036","","0,48%"
"08.10.2018","0,1041","0,1032","0,1042","0,1028","","0,97%"
"05.10.2018","0,1031","0,1026","0,1034","0,1025","","0,59%"
"04.10.2018","0,1025","0,1043","0,1044","0,1025","","-1,63%"
"03.10.2018","0,1042","0,1050","0,1051","0,1042","","-0,76%"
"02.10.2018","0,1050","0,1056","0,1057","0,1047","","-0,57%"
"01.10.2018","0,1056","0,1047","0,1060","0,1046","","0,86%"
"28.09.2018","0,1047","0,1051","0,1052","0,1044","","-0,38%"
"27.09.2018","0,1051","0,1045","0,1056","0,1041","","0,57%"
"26.09.2018","0,1045","0,1042","0,1047","0,1041","","0,19%"
"25.09.2018","0,1043","0,1040","0,1050","0,1040","","0,29%"
"24.09.2018","0,1040","0,1030","0,1045","0,1030","","0,78%"
"21.09.2018","0,1032","0,1032","0,1034","0,1024","","0,00%"
"20.09.2018","0,1032","0,1025","0,1035","0,1023","","0,49%"
"19.09.2018","0,1027","0,1018","0,1028","0,1016","","0,79%"
"18.09.2018","0,1019","0,1007","0,1020","0,1005","","1,19%"
"17.09.2018","0,1007","0,1010","0,1011","0,1005","","-0,20%"
"14.09.2018","0,1009","0,1002","0,1016","0,0998","","0,60%"
"13.09.2018","0,1003","0,0995","0,1008","0,0990","","0,91%"
"12.09.2018","0,0994","0,0992","0,1001","0,0985","","0,40%"
"11.09.2018","0,0990","0,0972","0,0992","0,0970","","1,85%"
"10.09.2018","0,0972","0,0979","0,0984","0,0972","","-0,72%"
"07.09.2018","0,0979","0,0987","0,0995","0,0979","","-0,81%"
"06.09.2018","0,0987","0,1002","0,1005","0,0982","","-1,50%"
"05.09.2018","0,1002","0,1004","0,1006","0,0997","","-0,30%"
"04.09.2018","0,1005","0,1004","0,1008","0,0999","","0,10%"
"03.09.2018","0,1004","0,1012","0,1012","0,1001","","-0,79%"
"31.08.2018","0,1012","0,1003","0,1015","0,1001","","0,90%"
"30.08.2018","0,1003","0,1003","0,1009","0,1001","","0,00%"
"29.08.2018","0,1003","0,1004","0,1011","0,0999","","0,00%"
"28.08.2018","0,1003","0,1012","0,1013","0,1002","","-0,89%"
"27.08.2018","0,1012","0,1013","0,1018","0,1007","","-0,20%"
"24.08.2018","0,1014","0,1008","0,1018","0,1008","","0,60%"
"23.08.2018","0,1008","0,1006","0,1019","0,0997","","0,20%"
"22.08.2018","0,1006","0,1017","0,1018","0,0999","","-1,28%"
"21.08.2018","0,1019","0,1024","0,1025","0,1013","","-0,49%"
"20.08.2018","0,1024","0,1024","0,1025","0,1018","","-0,19%"
"17.08.2018","0,1026","0,1030","0,1034","0,1017","","-0,29%"
"16.08.2018","0,1029","0,1031","0,1036","0,1024","","-0,19%"
"15.08.2018","0,1031","0,1038","0,1042","0,1024","","-0,67%"
"14.08.2018","0,1038","0,1016","0,1039","0,1016","","2,17%"
"13.08.2018","0,1016","0,1012","0,1022","0,0994","","0,40%"
"10.08.2018","0,1012","0,1023","0,1031","0,1008","","-1,08%"
"09.08.2018","0,1023","0,1042","0,1044","0,1023","","-1,82%"
"08.08.2018","0,1042","0,1076","0,1077","0,1041","","-3,16%"
"07.08.2018","0,1076","0,1076","0,1080","0,1075","","0,09%"
"06.08.2018","0,1075","0,1078","0,1081","0,1072","","-0,37%"
"03.08.2018","0,1079","0,1080","0,1087","0,1078","","-0,09%"
"02.08.2018","0,1080","0,1081","0,1084","0,1076","","-0,18%"
"01.08.2018","0,1082","0,1090","0,1093","0,1082","","-0,73%"
"31.07.2018","0,1090","0,1095","0,1100","0,1090","","-0,46%"
"30.07.2018","0,1095","0,1086","0,1098","0,1085","","0,92%"
"27.07.2018","0,1085","0,1080","0,1089","0,1079","","0,56%"
"26.07.2018","0,1079","0,1079","0,1081","0,1072","","0,19%"
"25.07.2018","0,1077","0,1074","0,1080","0,1071","","0,47%"
"24.07.2018","0,1072","0,1077","0,1085","0,1069","","-0,37%"
"23.07.2018","0,1076","0,1066","0,1079","0,1061","","0,94%"
"20.07.2018","0,1066","0,1066","0,1072","0,1062","","0,09%"
"19.07.2018","0,1065","0,1066","0,1072","0,1062","","-0,09%"
"18.07.2018","0,1066","0,1070","0,1072","0,1062","","-0,47%"
"17.07.2018","0,1071","0,1074","0,1076","0,1069","","-0,28%"
"16.07.2018","0,1074","0,1071","0,1079","0,1070","","0,47%"
"13.07.2018","0,1069","0,1071","0,1079","0,1066","","-0,19%"
"12.07.2018","0,1071","0,1070","0,1077","0,1069","","0,00%"
"11.07.2018","0,1071","0,1075","0,1084","0,1071","","-0,19%"
"10.07.2018","0,1073","0,1060","0,1076","0,1055","","1,23%"
"09.07.2018","0,1060","0,1055","0,1060","0,1051","","0,38%"
"06.07.2018","0,1056","0,1051","0,1056","0,1051","","0,48%"
"05.07.2018","0,1051","0,1047","0,1056","0,1047","","0,38%"
"04.07.2018","0,1047","0,1052","0,1052","0,1046","","-0,48%"
"03.07.2018","0,1052","0,1052","0,1061","0,1048","","0,10%"
"02.07.2018","0,1051","0,1051","0,1058","0,1048","","-0,19%"
"29.06.2018","0,1053","0,1056","0,1060","0,1052","","-0,19%"
"28.06.2018","0,1055","0,1044","0,1056","0,1043","","0,96%"
"27.06.2018","0,1045","0,1043","0,1051","0,1042","","0,19%"
"26.06.2018","0,1043","0,1042","0,1047","0,1040","","0,10%"
"25.06.2018","0,1042","0,1035","0,1045","0,1031","","0,87%"
"22.06.2018","0,1033","0,1020","0,1036","0,1019","","1,18%"
"21.06.2018","0,1021","0,1017","0,1023","0,1017","","0,29%"
"20.06.2018","0,1018","0,1016","0,1021","0,1012","","0,20%"
"19.06.2018","0,1016","0,1017","0,1019","0,1008","","-0,10%"
"18.06.2018","0,1017","0,1021","0,1022","0,1009","","-0,20%"
"15.06.2018","0,1019","0,1022","0,1028","0,1016","","-0,39%"
"14.06.2018","0,1023","0,1024","0,1033","0,1020","","-0,10%"
"13.06.2018","0,1024","0,1016","0,1027","0,1013","","0,79%"
"12.06.2018","0,1016","0,1018","0,1023","0,1013","","-0,29%"
"11.06.2018","0,1019","0,1025","0,1032","0,1018","","-0,88%"
"08.06.2018","0,1028","0,1025","0,1030","0,1019","","0,39%"
"07.06.2018","0,1024","0,1032","0,1037","0,1019","","-0,87%"
"06.06.2018","0,1033","0,1032","0,1036","0,1029","","0,19%"
"05.06.2018","0,1031","0,1032","0,1036","0,1026","","-0,19%"
"04.06.2018","0,1033","0,1032","0,1038","0,1031","","0,10%"
"01.06.2018","0,1032","0,1027","0,1037","0,1026","","0,39%"
"31.05.2018","0,1028","0,1033","0,1034","0,1024","","-0,48%"
"30.05.2018","0,1033","0,1022","0,1036","0,1019","","1,18%"
"29.05.2018","0,1021","0,1027","0,1031","0,1020","","-0,58%"
"28.05.2018","0,1027","0,1027","0,1029","0,1023","","0,00%"
"25.05.2018","0,1027","0,1036","0,1039","0,1026","","-0,87%"
"24.05.2018","0,1036","0,1042","0,1042","0,1033","","-0,58%"
"23.05.2018","0,1042","0,1041","0,1044","0,1034","","0,19%"
"22.05.2018","0,1040","0,1037","0,1044","0,1033","","0,29%"
"21.05.2018","0,1037","0,1024","0,1038","0,1020","","1,27%"
"18.05.2018","0,1024","0,1025","0,1031","0,1018","","0,00%"
"17.05.2018","0,1024","0,1033","0,1035","0,1023","","-0,78%"
"16.05.2018","0,1032","0,1023","0,1035","0,1017","","0,78%"
"15.05.2018","0,1024","0,1025","0,1029","0,1017","","0,00%"
"14.05.2018","0,1024","0,1024","0,1029","0,1022","","0,10%"
"11.05.2018","0,1023","0,1027","0,1032","0,1021","","-0,58%"
"10.05.2018","0,1029","0,1009","0,1032","0,1008","","1,98%"
"09.05.2018","0,1009","0,1009","0,1013","0,0998","","0,10%"
"08.05.2018","0,1008","0,1012","0,1014","0,1001","","-0,40%"
"07.05.2018","0,1012","0,1018","0,1018","0,1011","","-0,59%"
"04.05.2018","0,1018","0,1009","0,1021","0,1003","","0,99%"
"03.05.2018","0,1008","0,0993","0,1011","0,0993","","1,51%"
"02.05.2018","0,0993","0,0993","0,1007","0,0989","","0,00%"
"01.05.2018","0,0993","0,1005","0,1006","0,0992","","-1,29%"
"30.04.2018","0,1006","0,1017","0,1018","0,1003","","-1,28%"
"27.04.2018","0,1019","0,1009","0,1027","0,1008","","1,09%"
"26.04.2018","0,1008","0,1013","0,1017","0,1004","","-0,49%"
"25.04.2018","0,1013","0,1024","0,1026","0,1013","","-1,07%"
"24.04.2018","0,1024","0,1022","0,1027","0,1019","","0,29%"
"23.04.2018","0,1021","0,1028","0,1029","0,1014","","-0,49%"
"20.04.2018","0,1026","0,1029","0,1032","0,1022","","-0,48%"
"19.04.2018","0,1031","0,1031","0,1036","0,1027","","0,00%"
"18.04.2018","0,1031","0,1022","0,1032","0,1014","","0,88%"
"17.04.2018","0,1022","0,1027","0,1032","0,1013","","-0,49%"
"16.04.2018","0,1027","0,0999","0,1029","0,0993","","1,48%"
"13.04.2018","0,1012","0,1014","0,1027","0,1008","","-0,20%"
"12.04.2018","0,1014","0,1004","0,1027","0,0997","","1,10%"
"11.04.2018","0,1003","0,0995","0,1011","0,0966","","0,70%"
"10.04.2018","0,0996","0,1042","0,1048","0,0986","","-4,32%"
"09.04.2018","0,1041","0,1085","0,1085","0,1040","","-4,06%"
"06.04.2018","0,1085","0,1092","0,1095","0,1084","","-0,64%"
"05.04.2018","0,1092","0,1098","0,1099","0,1091","","-0,55%"
"04.04.2018","0,1098","0,1092","0,1099","0,1088","","0,64%"
"03.04.2018","0,1091","0,1092","0,1098","0,1090","","-0,09%"
"02.04.2018","0,1092","0,1098","0,1100","0,1090","","-0,64%"
"30.03.2018","0,1099","0,1098","0,1100","0,1091","","0,09%"
"29.03.2018","0,1098","0,1091","0,1099","0,1088","","0,73%"
"28.03.2018","0,1090","0,1095","0,1096","0,1087","","-0,46%"
"27.03.2018","0,1095","0,1098","0,1101","0,1092","","-0,09%"
"26.03.2018","0,1096","0,1105","0,1109","0,1091","","-0,72%"
"23.03.2018","0,1104","0,1106","0,1110","0,1103","","-0,18%"
"22.03.2018","0,1106","0,1113","0,1114","0,1106","","-0,45%"
"21.03.2018","0,1111","0,1100","0,1113","0,1099","","1,00%"
"20.03.2018","0,1100","0,1095","0,1104","0,1094","","0,36%"
"19.03.2018","0,1096","0,1101","0,1104","0,1091","","-0,45%"
"16.03.2018","0,1101","0,1101","0,1104","0,1095","","0,09%"
"15.03.2018","0,1100","0,1105","0,1110","0,1099","","-0,45%"
"14.03.2018","0,1105","0,1109","0,1114","0,1103","","-0,27%"
"13.03.2018","0,1108","0,1112","0,1116","0,1107","","-0,45%"
"12.03.2018","0,1113","0,1115","0,1119","0,1110","","-0,45%"
"09.03.2018","0,1118","0,1111","0,1119","0,1110","","0,63%"
"08.03.2018","0,1111","0,1114","0,1116","0,1109","","-0,18%"
"07.03.2018","0,1113","0,1114","0,1115","0,1108","","0,00%"
"06.03.2018","0,1113","0,1126","0,1126","0,1111","","-1,07%"
"05.03.2018","0,1125","0,1116","0,1127","0,1105","","0,72%"
"02.03.2018","0,1117","0,1119","0,1123","0,1106","","-0,18%"
"01.03.2018","0,1119","0,1123","0,1125","0,1114","","-0,44%"
"28.02.2018","0,1124","0,1123","0,1129","0,1121","","0,09%"
"27.02.2018","0,1123","0,1134","0,1135","0,1121","","-1,06%"
"26.02.2018","0,1135","0,1130","0,1137","0,1125","","0,89%"
"23.02.2018","0,1125","0,1127","0,1127","0,1121","","0,00%"
"22.02.2018","0,1125","0,1119","0,1125","0,1116","","0,54%"
"21.02.2018","0,1119","0,1122","0,1125","0,1117","","-0,27%"
"20.02.2018","0,1122","0,1123","0,1126","0,1118","","-0,18%"
"19.02.2018","0,1124","0,1125","0,1129","0,1124","","-0,09%"
"16.02.2018","0,1125","0,1125","0,1130","0,1123","","-0,09%"
"15.02.2018","0,1126","0,1118","0,1127","0,1116","","0,63%"
"14.02.2018","0,1119","0,1100","0,1120","0,1096","","1,73%"
"13.02.2018","0,1100","0,1095","0,1100","0,1094","","0,46%"
"12.02.2018","0,1095","0,1079","0,1098","0,1078","","1,48%"
"09.02.2018","0,1079","0,1083","0,1088","0,1072","","-0,37%"
"08.02.2018","0,1083","0,1082","0,1102","0,1081","","0,00%"
"07.02.2018","0,1083","0,1105","0,1106","0,1081","","-1,99%"
"06.02.2018","0,1105","0,1096","0,1107","0,1092","","0,73%"
"05.02.2018","0,1097","0,1116","0,1117","0,1097","","-1,53%"
"02.02.2018","0,1114","0,1125","0,1127","0,1112","","-0,98%"
"01.02.2018","0,1125","0,1120","0,1127","0,1116","","0,54%"
"31.01.2018","0,1119","0,1121","0,1125","0,1116","","-0,27%"
"30.01.2018","0,1122","0,1125","0,1133","0,1120","","-0,27%"
"29.01.2018","0,1125","0,1124","0,1128","0,1121","","0,09%"
"26.01.2018","0,1124","0,1130","0,1134","0,1123","","-0,53%"
"25.01.2018","0,1130","0,1134","0,1139","0,1125","","-0,35%"
"24.01.2018","0,1134","0,1136","0,1137","0,1130","","-0,18%"
"23.01.2018","0,1136","0,1135","0,1137","0,1132","","0,18%"
"22.01.2018","0,1134","0,1129","0,1134","0,1129","","0,44%"
"19.01.2018","0,1129","0,1137","0,1137","0,1129","","-0,70%"
"18.01.2018","0,1137","0,1132","0,1139","0,1129","","0,44%"
"17.01.2018","0,1132","0,1139","0,1142","0,1129","","-0,61%"
"16.01.2018","0,1139","0,1143","0,1144","0,1139","","-0,35%"
"15.01.2018","0,1143","0,1140","0,1144","0,1133","","0,26%"
"12.01.2018","0,1140","0,1149","0,1152","0,1138","","-0,87%"
"11.01.2018","0,1150","0,1140","0,1152","0,1139","","0,88%"
"10.01.2018","0,1140","0,1148","0,1149","0,1139","","-0,70%"
"09.01.2018","0,1148","0,1137","0,1149","0,1137","","0,88%"
"08.01.2018","0,1138","0,1138","0,1140","0,1136","","-0,09%"
"05.01.2018","0,1139","0,1139","0,1140","0,1135","","-0,09%"
"04.01.2018","0,1140","0,1138","0,1143","0,1134","","0,09%"
"03.01.2018","0,1139","0,1129","0,1139","0,1128","","0,89%"
"02.01.2018","0,1129","0,1129","0,1134","0,1127","","0,00%"