date;sp_metals_price;sp_metals_change
27.10.2023;2.527,9;0,79%
26.10.2023;2.508,1;0,16%
25.10.2023;2.504,1;-0,79%
24.10.2023;2.524,0;1,49%
23.10.2023;2.486,9;-0,72%
20.10.2023;2.504,9;-1,49%
19.10.2023;2.542,7;-1,92%
18.10.2023;2.592,4;-2,63%
17.10.2023;2.662,4;2,09%
16.10.2023;2.608,0;0,93%
13.10.2023;2.584,0;0,07%
12.10.2023;2.582,1;-3,25%
11.10.2023;2.668,8;0,13%
10.10.2023;2.665,2;1,29%
09.10.2023;2.631,2;1,16%
06.10.2023;2.600,9;1,73%
05.10.2023;2.556,6;-0,13%
04.10.2023;2.559,9;-0,85%
03.10.2023;2.581,8;-1,28%
02.10.2023;2.615,3;-2,70%
29.09.2023;2.688,0;-0,17%
28.09.2023;2.692,6;1,77%
27.09.2023;2.645,6;1,20%
26.09.2023;2.614,4;-1,93%
25.09.2023;2.665,9;0,97%
22.09.2023;2.640,1;0,93%
21.09.2023;2.615,7;-2,04%
20.09.2023;2.670,2;-0,49%
19.09.2023;2.683,3;-0,67%
18.09.2023;2.701,4;-0,77%
15.09.2023;2.722,5;-1,12%
14.09.2023;2.753,3;3,43%
13.09.2023;2.662,1;0,73%
12.09.2023;2.642,8;0,37%
11.09.2023;2.633,1;0,28%
08.09.2023;2.625,8;-0,54%
07.09.2023;2.639,9;-0,73%
06.09.2023;2.659,2;-0,74%
05.09.2023;2.679,1;-1,39%
01.09.2023;2.717,0;2,07%
31.08.2023;2.661,9;0,21%
30.08.2023;2.656,4;-0,41%
29.08.2023;2.667,3;2,43%
28.08.2023;2.603,9;0,97%
25.08.2023;2.579,0;0,07%
24.08.2023;2.577,2;-1,62%
23.08.2023;2.619,6;0,12%
22.08.2023;2.616,5;0,51%
21.08.2023;2.603,3;-0,59%
18.08.2023;2.618,7;0,16%
17.08.2023;2.614,6;0,24%
16.08.2023;2.608,4;0,21%
15.08.2023;2.603,0;-2,36%
14.08.2023;2.665,8;2,26%
11.08.2023;2.606,9;0,25%
10.08.2023;2.600,4;-1,70%
09.08.2023;2.645,4;-0,06%
08.08.2023;2.646,9;-0,11%
07.08.2023;2.649,9;0,22%
04.08.2023;2.644,1;0,07%
03.08.2023;2.642,4;-0,23%
02.08.2023;2.648,4;-2,93%
01.08.2023;2.728,3;-1,12%
31.07.2023;2.759,2;2,36%
28.07.2023;2.695,6;0,83%
27.07.2023;2.673,6;-1,88%
26.07.2023;2.724,8;-0,13%
25.07.2023;2.728,4;2,04%
24.07.2023;2.673,9;1,16%
21.07.2023;2.643,2;-0,83%
20.07.2023;2.665,4;-0,65%
19.07.2023;2.682,8;-0,30%
18.07.2023;2.690,9;1,52%
17.07.2023;2.650,7;0,47%
14.07.2023;2.638,2;-1,94%
13.07.2023;2.690,4;0,93%
12.07.2023;2.665,6;1,19%
11.07.2023;2.634,4;0,69%
10.07.2023;2.616,3;1,06%
07.07.2023;2.589,0;2,01%
06.07.2023;2.537,9;-1,77%
05.07.2023;2.583,7;-1,78%
03.07.2023;2.630,5;1,08%
30.06.2023;2.602,4;0,43%
29.06.2023;2.591,4;2,06%
28.06.2023;2.539,2;-0,31%
27.06.2023;2.547,2;1,35%
26.06.2023;2.513,3;0,73%
23.06.2023;2.495,0;-1,41%
22.06.2023;2.530,8;-0,63%
21.06.2023;2.546,7;0,80%
20.06.2023;2.526,6;-0,48%
16.06.2023;2.538,8;-0,63%
15.06.2023;2.554,8;1,72%
14.06.2023;2.511,6;-0,98%
13.06.2023;2.536,4;2,70%
12.06.2023;2.469,8;0,09%
09.06.2023;2.467,5;-0,93%
08.06.2023;2.490,8;-0,18%
07.06.2023;2.495,3;1,28%
06.06.2023;2.463,8;2,38%
05.06.2023;2.406,6;-0,80%
02.06.2023;2.426,0;4,20%
01.06.2023;2.328,3;2,42%
31.05.2023;2.273,3;-0,66%
30.05.2023;2.288,5;-1,89%
26.05.2023;2.332,6;0,17%
25.05.2023;2.328,5;-0,80%
24.05.2023;2.347,2;-2,49%
23.05.2023;2.407,3;-0,66%
22.05.2023;2.423,3;0,90%
19.05.2023;2.401,7;-0,67%
18.05.2023;2.417,9;-0,16%
17.05.2023;2.421,8;1,82%
16.05.2023;2.378,6;-2,82%
15.05.2023;2.447,7;1,32%
12.05.2023;2.415,9;-0,39%
11.05.2023;2.425,4;-2,75%
10.05.2023;2.494,0;-0,42%
09.05.2023;2.504,4;0,26%
08.05.2023;2.498,0;0,62%
05.05.2023;2.482,6;2,64%
04.05.2023;2.418,7;-2,02%
03.05.2023;2.468,6;-1,04%
02.05.2023;2.494,6;-0,21%
01.05.2023;2.499,9;-1,22%
28.04.2023;2.530,7;-0,20%
27.04.2023;2.535,7;1,89%
26.04.2023;2.488,7;-1,13%
25.04.2023;2.517,1;-3,03%
24.04.2023;2.595,7;0,94%
21.04.2023;2.571,6;-2,57%
20.04.2023;2.639,5;-1,53%
19.04.2023;2.680,5;-1,38%
18.04.2023;2.718,1;0,69%
17.04.2023;2.699,6;0,55%
14.04.2023;2.684,8;-1,59%
13.04.2023;2.728,1;2,15%
12.04.2023;2.670,5;-0,79%
11.04.2023;2.691,9;1,49%
10.04.2023;2.652,4;0,82%
06.04.2023;2.630,9;-0,34%
05.04.2023;2.639,8;-1,17%
04.04.2023;2.670,9;-2,52%
03.04.2023;2.740,0;0,63%
31.03.2023;2.723,0;1,38%
30.03.2023;2.685,9;1,00%
29.03.2023;2.659,2;0,65%
28.03.2023;2.642,1;1,17%
27.03.2023;2.611,7;1,38%
24.03.2023;2.576,2;0,75%
23.03.2023;2.557,0;0,32%
22.03.2023;2.548,9;-2,17%
21.03.2023;2.605,5;1,58%
20.03.2023;2.565,0;1,50%
17.03.2023;2.527,1;-0,86%
16.03.2023;2.549,0;1,12%
15.03.2023;2.520,8;-5,93%
14.03.2023;2.679,7;0,71%
13.03.2023;2.660,7;-0,75%
10.03.2023;2.680,8;-3,39%
09.03.2023;2.774,9;-2,64%
08.03.2023;2.850,3;0,26%
07.03.2023;2.843,0;-2,81%
06.03.2023;2.925,1;-3,19%
03.03.2023;3.021,6;2,63%
02.03.2023;2.944,3;0,44%
01.03.2023;2.931,5;2,04%
28.02.2023;2.872,8;1,90%
27.02.2023;2.819,3;2,48%
24.02.2023;2.750,9;-0,94%
23.02.2023;2.776,9;-0,98%
22.02.2023;2.804,5;0,18%
21.02.2023;2.799,5;-2,67%
17.02.2023;2.876,3;-1,73%
16.02.2023;2.926,9;0,82%
15.02.2023;2.903,0;-0,03%
14.02.2023;2.903,8;2,37%
13.02.2023;2.836,5;0,28%
10.02.2023;2.828,5;0,05%
09.02.2023;2.827,0;-0,91%
08.02.2023;2.852,9;-2,69%
07.02.2023;2.931,8;0,57%
06.02.2023;2.915,0;-1,71%
03.02.2023;2.965,7;-1,05%
02.02.2023;2.997,3;0,55%
01.02.2023;2.980,8;1,89%
31.01.2023;2.925,5;1,14%
30.01.2023;2.892,4;-1,12%
27.01.2023;2.925,2;-0,36%
26.01.2023;2.935,8;0,74%
25.01.2023;2.914,3;1,28%
24.01.2023;2.877,5;0,11%
23.01.2023;2.874,2;0,33%
20.01.2023;2.864,6;2,43%
19.01.2023;2.796,6;-0,17%
18.01.2023;2.801,3;-1,76%
17.01.2023;2.851,6;-0,93%
13.01.2023;2.878,5;1,33%
12.01.2023;2.840,7;1,98%
11.01.2023;2.785,6;0,57%
10.01.2023;2.769,7;2,46%
09.01.2023;2.703,3;-0,17%
06.01.2023;2.707,8;4,46%
05.01.2023;2.592,2;0,53%
04.01.2023;2.578,6;2,51%
03.01.2023;2.515,5;-1,41%
30.12.2022;2.551,6;-0,59%
29.12.2022;2.566,7;1,90%
28.12.2022;2.518,9;-4,05%
27.12.2022;2.625,4;0,78%
23.12.2022;2.605,0;0,83%
22.12.2022;2.583,6;-1,71%
21.12.2022;2.628,6;2,48%
20.12.2022;2.565,1;2,69%
19.12.2022;2.497,9;-1,69%
16.12.2022;2.540,8;0,11%
15.12.2022;2.538,0;-3,83%
14.12.2022;2.639,1;-0,96%
13.12.2022;2.664,6;0,85%
12.12.2022;2.642,2;1,22%
09.12.2022;2.610,4;-2,51%
08.12.2022;2.677,6;0,28%
07.12.2022;2.670,1;-0,29%
06.12.2022;2.677,8;0,29%
05.12.2022;2.670,2;-4,32%
02.12.2022;2.790,6;2,47%
01.12.2022;2.723,5;-0,88%
30.11.2022;2.747,5;3,85%
29.11.2022;2.645,6;1,99%
28.11.2022;2.593,9;-3,13%
25.11.2022;2.677,7;-0,56%
23.11.2022;2.692,8;0,35%
22.11.2022;2.683,4;3,30%
21.11.2022;2.597,7;0,86%
18.11.2022;2.575,6;-0,26%
17.11.2022;2.582,3;-1,29%
16.11.2022;2.616,0;-2,05%
15.11.2022;2.670,7;0,88%
14.11.2022;2.647,4;0,90%
11.11.2022;2.623,8;1,24%
10.11.2022;2.591,7;5,46%
09.11.2022;2.457,6;-5,45%
08.11.2022;2.599,3;1,77%
07.11.2022;2.554,0;1,05%
04.11.2022;2.527,3;7,01%
03.11.2022;2.361,7;-0,12%
02.11.2022;2.364,4;-6,07%
01.11.2022;2.517,3;1,58%
31.10.2022;2.478,1;-0,13%
28.10.2022;2.481,3;-1,17%
27.10.2022;2.510,7;-0,18%
26.10.2022;2.515,3;1,04%
25.10.2022;2.489,3;1,79%
24.10.2022;2.445,4;-0,77%
21.10.2022;2.464,5;5,74%
20.10.2022;2.330,7;0,44%
19.10.2022;2.320,4;-2,29%
18.10.2022;2.374,8;1,18%
17.10.2022;2.347,0;3,90%
14.10.2022;2.258,9;-4,57%
13.10.2022;2.367,0;1,63%
12.10.2022;2.329,1;-0,04%
11.10.2022;2.329,9;-0,95%
10.10.2022;2.352,2;0,90%
07.10.2022;2.331,3;-2,86%
06.10.2022;2.399,9;-0,51%
05.10.2022;2.412,2;-0,28%
04.10.2022;2.418,9;3,82%
03.10.2022;2.330,0;7,24%
30.09.2022;2.172,8;-1,72%
29.09.2022;2.210,8;-1,86%
28.09.2022;2.252,6;4,67%
27.09.2022;2.152,2;2,77%
26.09.2022;2.094,2;-1,62%
23.09.2022;2.128,7;-5,33%
22.09.2022;2.248,4;-1,64%
21.09.2022;2.285,8;-2,06%
20.09.2022;2.333,9;-2,69%
19.09.2022;2.398,6;3,84%
16.09.2022;2.309,9;-1,30%
15.09.2022;2.340,3;-2,70%
14.09.2022;2.405,1;-3,08%
13.09.2022;2.481,5;-3,75%
12.09.2022;2.578,1;0,10%
09.09.2022;2.575,6;4,38%
07.09.2022;2.467,5;0,86%
06.09.2022;2.446,4;0,63%
02.09.2022;2.431,1;0,92%
01.09.2022;2.408,9;-3,80%
31.08.2022;2.504,0;-0,86%
30.08.2022;2.525,7;-4,39%
29.08.2022;2.641,7;-0,57%
26.08.2022;2.656,8;-2,64%
25.08.2022;2.728,8;2,70%
24.08.2022;2.657,1;2,09%
23.08.2022;2.602,6;2,42%
22.08.2022;2.541,1;-1,00%
19.08.2022;2.566,7;-3,14%
18.08.2022;2.650,0;2,33%
17.08.2022;2.589,8;-2,70%
16.08.2022;2.661,7;0,85%
15.08.2022;2.639,4;-1,52%
12.08.2022;2.680,1;2,04%
11.08.2022;2.626,5;0,75%
10.08.2022;2.606,9;3,57%
09.08.2022;2.517,1;0,70%
08.08.2022;2.499,6;0,97%
05.08.2022;2.475,4;2,17%
04.08.2022;2.422,8;1,13%
03.08.2022;2.395,6;-0,46%
02.08.2022;2.406,8;-1,28%
01.08.2022;2.437,9;-1,14%
29.07.2022;2.466,1;2,65%
28.07.2022;2.402,4;0,67%
27.07.2022;2.386,4;3,48%
26.07.2022;2.306,2;-0,19%
25.07.2022;2.310,7;3,41%
22.07.2022;2.234,6;-2,67%
21.07.2022;2.295,8;0,04%
20.07.2022;2.294,9;0,33%
19.07.2022;2.287,5;2,60%
18.07.2022;2.229,6;1,64%
15.07.2022;2.193,6;1,97%
14.07.2022;2.151,3;-2,94%
13.07.2022;2.216,4;2,21%
12.07.2022;2.168,5;0,42%
11.07.2022;2.159,4;-1,58%
08.07.2022;2.194,0;-0,90%
07.07.2022;2.213,9;5,20%
06.07.2022;2.104,6;-0,75%
05.07.2022;2.120,4;-4,81%
01.07.2022;2.227,5;0,36%
30.06.2022;2.219,6;-2,94%
29.06.2022;2.287,0;-2,86%
28.06.2022;2.354,3;-1,71%
27.06.2022;2.395,3;1,65%
24.06.2022;2.356,6;5,28%
23.06.2022;2.238,4;-3,63%
22.06.2022;2.322,7;-3,91%
21.06.2022;2.417,1;1,96%
17.06.2022;2.370,7;0,09%
16.06.2022;2.368,5;-4,31%
15.06.2022;2.475,2;2,02%
14.06.2022;2.426,2;-1,31%
13.06.2022;2.458,4;-6,98%
10.06.2022;2.642,8;-0,75%
09.06.2022;2.662,9;-4,81%
08.06.2022;2.797,5;-3,86%
07.06.2022;2.909,9;3,52%
06.06.2022;2.811,0;1,61%
03.06.2022;2.766,4;-2,18%
02.06.2022;2.828,1;3,76%
01.06.2022;2.725,6;-0,21%
31.05.2022;2.731,5;-3,56%
27.05.2022;2.832,3;1,55%
26.05.2022;2.789,2;3,29%
25.05.2022;2.700,4;1,65%
24.05.2022;2.656,5;-1,07%
23.05.2022;2.685,1;4,02%
20.05.2022;2.581,3;-1,17%
19.05.2022;2.611,9;1,51%
18.05.2022;2.573,1;-4,14%
17.05.2022;2.684,1;4,31%
16.05.2022;2.573,3;0,26%
13.05.2022;2.566,7;2,88%
12.05.2022;2.494,9;-2,06%
11.05.2022;2.547,3;-0,74%
10.05.2022;2.566,3;-1,05%
09.05.2022;2.593,5;-6,34%
06.05.2022;2.768,9;-2,07%
05.05.2022;2.827,5;-5,21%
04.05.2022;2.982,8;2,89%
03.05.2022;2.899,1;2,26%
02.05.2022;2.835,1;-1,26%
29.04.2022;2.871,4;-3,67%
28.04.2022;2.980,8;1,78%
27.04.2022;2.928,7;1,80%
26.04.2022;2.876,8;-1,74%
25.04.2022;2.927,9;-1,93%
22.04.2022;2.985,4;-5,13%
21.04.2022;3.146,7;-6,06%
20.04.2022;3.349,5;-0,12%
19.04.2022;3.353,5;0,15%
18.04.2022;3.348,6;-0,43%
14.04.2022;3.362,9;1,03%
13.04.2022;3.328,6;4,53%
12.04.2022;3.184,5;2,49%
11.04.2022;3.107,3;-0,98%
08.04.2022;3.138,0;-0,08%
07.04.2022;3.140,3;2,22%
06.04.2022;3.072,1;-0,75%
05.04.2022;3.095,4;-2,42%
04.04.2022;3.172,1;-0,52%
01.04.2022;3.188,6;1,75%
31.03.2022;3.133,8;-0,43%
30.03.2022;3.147,2;0,93%
29.03.2022;3.118,3;-1,39%
28.03.2022;3.162,3;-2,32%
25.03.2022;3.237,3;0,09%
24.03.2022;3.234,4;2,69%
23.03.2022;3.149,7;1,76%
22.03.2022;3.095,3;-0,57%
21.03.2022;3.112,8;4,11%
18.03.2022;2.990,0;0,45%
17.03.2022;2.976,6;4,29%
16.03.2022;2.854,1;0,47%
15.03.2022;2.840,9;1,24%
14.03.2022;2.806,2;-5,72%
11.03.2022;2.976,6;-2,33%
10.03.2022;3.047,7;4,47%
09.03.2022;2.917,2;0,04%
08.03.2022;2.916,0;-0,90%
07.03.2022;2.942,4;-2,50%
04.03.2022;3.017,8;2,26%
03.03.2022;2.951,2;3,17%
02.03.2022;2.860,4;3,89%
01.03.2022;2.753,2;2,30%
28.02.2022;2.691,3;1,73%
25.02.2022;2.645,5;5,69%
24.02.2022;2.503,0;-1,28%
23.02.2022;2.535,4;1,32%
22.02.2022;2.502,3;-0,80%
18.02.2022;2.522,5;-0,68%
17.02.2022;2.539,8;-0,55%
16.02.2022;2.553,8;0,42%
15.02.2022;2.543,1;2,05%
14.02.2022;2.492,1;0,84%
11.02.2022;2.471,2;2,29%
10.02.2022;2.416,0;-0,25%
09.02.2022;2.422,1;2,30%
08.02.2022;2.367,6;4,12%
07.02.2022;2.274,0;0,56%
04.02.2022;2.261,3;1,06%
03.02.2022;2.237,7;-0,87%
02.02.2022;2.257,2;1,25%
01.02.2022;2.229,3;4,48%
31.01.2022;2.133,6;0,98%
28.01.2022;2.113,0;0,85%
27.01.2022;2.095,2;-1,58%
26.01.2022;2.128,9;-2,57%
25.01.2022;2.185,0;0,21%
24.01.2022;2.180,5;1,02%
21.01.2022;2.158,5;-5,11%
20.01.2022;2.274,8;-3,61%
19.01.2022;2.360,1;-0,02%
18.01.2022;2.360,5;-1,60%
14.01.2022;2.398,9;0,46%
13.01.2022;2.387,9;-1,71%
12.01.2022;2.429,3;2,31%
11.01.2022;2.374,4;1,60%
10.01.2022;2.337,1;-0,73%
07.01.2022;2.354,4;1,15%
06.01.2022;2.327,5;-1,62%
05.01.2022;2.365,8;0,25%
04.01.2022;2.359,9;1,46%
03.01.2022;2.326,1;1,65%
31.12.2021;2.288,2;0,62%
30.12.2021;2.274,1;-0,54%
29.12.2021;2.286,4;-0,59%
28.12.2021;2.299,9;-0,75%
27.12.2021;2.317,2;2,24%
23.12.2021;2.266,5;0,14%
22.12.2021;2.263,4;1,40%
21.12.2021;2.232,1;3,97%
20.12.2021;2.146,8;-2,12%
17.12.2021;2.193,3;1,18%
16.12.2021;2.167,6;2,22%
15.12.2021;2.120,5;-0,29%
14.12.2021;2.126,6;-0,24%
13.12.2021;2.131,7;-1,43%
10.12.2021;2.162,6;-0,03%
09.12.2021;2.163,2;-1,08%
08.12.2021;2.186,8;1,21%
07.12.2021;2.160,6;2,21%
06.12.2021;2.113,9;1,25%
03.12.2021;2.087,7;-0,77%
02.12.2021;2.104,0;2,36%
01.12.2021;2.055,4;-2,22%
30.11.2021;2.102,0;-3,40%
29.11.2021;2.175,9;-0,66%
26.11.2021;2.190,3;-3,81%
24.11.2021;2.277,0;-0,48%
23.11.2021;2.287,8;0,30%
22.11.2021;2.281,1;1,61%
19.11.2021;2.244,9;-1,56%
18.11.2021;2.280,4;-0,09%
17.11.2021;2.282,6;-1,47%
16.11.2021;2.316,7;-1,90%
15.11.2021;2.361,5;-2,22%
12.11.2021;2.415,3;0,62%
11.11.2021;2.400,4;4,30%
10.11.2021;2.301,5;-2,64%
09.11.2021;2.363,9;-0,72%
08.11.2021;2.381,1;2,77%
05.11.2021;2.316,9;2,09%
04.11.2021;2.269,5;-0,49%
03.11.2021;2.280,7;2,20%
02.11.2021;2.231,7;-1,25%
01.11.2021;2.259,9;1,43%
29.10.2021;2.228,1;-0,71%
28.10.2021;2.244,0;0,92%
27.10.2021;2.223,5;-3,46%
26.10.2021;2.303,2;-1,21%
25.10.2021;2.331,6;2,65%
22.10.2021;2.271,4;1,17%
21.10.2021;2.245,3;-1,77%
20.10.2021;2.285,7;0,75%
19.10.2021;2.268,7;-1,85%
18.10.2021;2.311,4;1,04%
15.10.2021;2.287,6;1,51%
14.10.2021;2.253,7;0,58%
13.10.2021;2.240,6;1,39%
12.10.2021;2.209,9;0,25%
11.10.2021;2.204,3;1,74%
08.10.2021;2.166,6;-0,93%
07.10.2021;2.187,0;1,91%
06.10.2021;2.146,1;-1,99%
05.10.2021;2.189,6;0,70%
04.10.2021;2.174,3;0,35%
01.10.2021;2.166,8;1,71%
30.09.2021;2.130,4;0,17%
29.09.2021;2.126,7;-2,17%
28.09.2021;2.173,9;-0,62%
27.09.2021;2.187,6;3,44%
24.09.2021;2.114,7;-0,52%
23.09.2021;2.125,8;1,20%
22.09.2021;2.100,5;1,96%
21.09.2021;2.060,0;-1,04%
20.09.2021;2.081,7;-3,62%
17.09.2021;2.159,8;-2,54%
16.09.2021;2.216,2;-3,83%
15.09.2021;2.304,4;3,39%
14.09.2021;2.228,7;-2,05%
13.09.2021;2.275,4;-0,25%
10.09.2021;2.281,1;0,89%
09.09.2021;2.260,9;0,72%
08.09.2021;2.244,9;-2,45%
07.09.2021;2.301,2;0,22%
03.09.2021;2.296,0;0,22%
02.09.2021;2.290,9;1,08%
01.09.2021;2.266,4;0,23%
31.08.2021;2.261,3;-0,49%
30.08.2021;2.272,3;-0,71%
27.08.2021;2.288,6;4,49%
26.08.2021;2.190,4;-1,75%
25.08.2021;2.229,4;-0,76%
24.08.2021;2.246,4;1,95%
23.08.2021;2.203,5;3,62%
20.08.2021;2.126,5;0,14%
19.08.2021;2.123,4;-3,96%
18.08.2021;2.210,9;-0,94%
17.08.2021;2.232,0;-2,75%
16.08.2021;2.295,0;-2,03%
13.08.2021;2.342,7;-0,16%
12.08.2021;2.346,5;-0,74%
11.08.2021;2.363,9;2,33%
10.08.2021;2.310,1;3,97%
09.08.2021;2.222,0;-0,09%
06.08.2021;2.224,1;2,06%
05.08.2021;2.179,3;-0,56%
04.08.2021;2.191,5;-4,03%
03.08.2021;2.283,4;1,52%
02.08.2021;2.249,4;-1,99%
30.07.2021;2.295,0;-0,93%
29.07.2021;2.316,6;4,54%
28.07.2021;2.216,1;1,33%
27.07.2021;2.186,9;-0,99%
26.07.2021;2.208,7;2,91%
23.07.2021;2.146,3;0,55%
22.07.2021;2.134,7;-0,87%
21.07.2021;2.153,4;3,78%
20.07.2021;2.075,0;3,19%
19.07.2021;2.010,8;-3,34%
16.07.2021;2.080,3;-3,87%
15.07.2021;2.164,1;-0,11%
14.07.2021;2.166,6;-0,49%
13.07.2021;2.177,3;-2,32%
12.07.2021;2.229,1;-0,06%
09.07.2021;2.230,3;4,28%
08.07.2021;2.138,9;-2,22%
07.07.2021;2.187,5;1,84%
06.07.2021;2.148,0;-3,17%
02.07.2021;2.218,3;0,37%
01.07.2021;2.210,0;0,57%
30.06.2021;2.197,6;1,64%
29.06.2021;2.162,1;0,20%
28.06.2021;2.157,6;-1,73%
25.06.2021;2.195,7;-2,33%
24.06.2021;2.248,0;2,86%
23.06.2021;2.185,6;0,90%
22.06.2021;2.166,1;0,64%
21.06.2021;2.152,3;2,01%
18.06.2021;2.109,9;-2,73%
17.06.2021;2.169,1;-5,38%
16.06.2021;2.292,4;-1,48%
15.06.2021;2.326,8;-0,49%
14.06.2021;2.338,1;-2,68%
11.06.2021;2.402,6;0,54%
10.06.2021;2.389,6;-0,19%
09.06.2021;2.394,1;-0,46%
08.06.2021;2.405,1;1,97%
07.06.2021;2.358,6;-0,83%
04.06.2021;2.378,4;0,35%
03.06.2021;2.369,9;-1,26%
02.06.2021;2.400,3;-1,48%
01.06.2021;2.436,4;2,79%
28.05.2021;2.370,2;-0,57%
27.05.2021;2.383,7;3,65%
26.05.2021;2.299,8;1,85%
25.05.2021;2.258,1;-2,43%
24.05.2021;2.314,4;1,63%
21.05.2021;2.277,3;-0,13%
20.05.2021;2.280,3;-0,49%
19.05.2021;2.291,5;-3,02%
18.05.2021;2.362,9;-1,82%
17.05.2021;2.406,7;4,66%
14.05.2021;2.299,6;1,28%
13.05.2021;2.270,6;0,49%
12.05.2021;2.259,4;-4,60%
11.05.2021;2.368,3;2,20%
10.05.2021;2.317,4;-0,73%
07.05.2021;2.334,3;1,24%
06.05.2021;2.305,7;1,68%
05.05.2021;2.267,6;1,55%
04.05.2021;2.233,1;2,97%
03.05.2021;2.168,7;4,85%
30.04.2021;2.068,4;-1,53%
29.04.2021;2.100,6;-2,40%
28.04.2021;2.152,3;1,05%
27.04.2021;2.129,9;-0,66%
26.04.2021;2.144,1;2,67%
23.04.2021;2.088,5;2,32%
22.04.2021;2.041,1;-1,59%
21.04.2021;2.074,0;3,10%
20.04.2021;2.011,6;-2,84%
19.04.2021;2.070,5;-1,37%
16.04.2021;2.099,3;0,77%
15.04.2021;2.083,2;0,92%
14.04.2021;2.064,3;3,24%
13.04.2021;1.999,4;-0,06%
12.04.2021;2.000,7;-0,74%
09.04.2021;2.015,6;-1,21%
08.04.2021;2.040,3;-0,05%
07.04.2021;2.041,4;-0,89%
06.04.2021;2.059,6;-1,07%
05.04.2021;2.081,9;1,09%
01.04.2021;2.059,4;1,18%
31.03.2021;2.035,3;1,44%
30.03.2021;2.006,5;0,97%
29.03.2021;1.987,2;-2,42%
26.03.2021;2.036,5;6,42%
25.03.2021;1.913,6;2,18%
24.03.2021;1.872,7;-0,18%
23.03.2021;1.876,2;-5,44%
22.03.2021;1.984,1;-2,18%
19.03.2021;2.028,4;-0,62%
18.03.2021;2.041,0;-2,29%
17.03.2021;2.088,9;2,83%
16.03.2021;2.031,4;-2,87%
15.03.2021;2.091,4;-1,10%
12.03.2021;2.114,7;-0,15%
11.03.2021;2.117,9;2,27%
10.03.2021;2.070,8;2,85%
09.03.2021;2.013,3;1,01%
08.03.2021;1.993,3;2,82%
05.03.2021;1.938,7;3,52%
04.03.2021;1.872,8;-4,56%
03.03.2021;1.962,3;1,67%
02.03.2021;1.930,0;0,70%
01.03.2021;1.916,6;4,68%
26.02.2021;1.830,9;-4,03%
25.02.2021;1.907,7;-5,88%
24.02.2021;2.027,0;3,59%
23.02.2021;1.956,8;0,02%
22.02.2021;1.956,5;4,77%
19.02.2021;1.867,4;4,28%
18.02.2021;1.790,9;-2,03%
17.02.2021;1.827,9;-0,89%
16.02.2021;1.844,4;1,61%
12.02.2021;1.815,1;1,00%
11.02.2021;1.797,2;0,30%
10.02.2021;1.791,8;-0,35%
09.02.2021;1.798,1;-1,76%
08.02.2021;1.830,3;3,90%
05.02.2021;1.761,7;2,22%
04.02.2021;1.723,4;1,30%
03.02.2021;1.701,2;0,01%
02.02.2021;1.701,1;-1,30%
01.02.2021;1.723,6;4,40%
29.01.2021;1.650,9;-2,51%
28.01.2021;1.693,4;2,52%
27.01.2021;1.651,8;-2,36%
26.01.2021;1.691,8;-2,41%
25.01.2021;1.733,6;-1,54%
22.01.2021;1.760,7;0,05%
21.01.2021;1.759,9;-3,15%
20.01.2021;1.817,1;-0,43%
19.01.2021;1.824,9;1,25%
15.01.2021;1.802,4;-3,30%
14.01.2021;1.863,9;1,37%
13.01.2021;1.838,7;-2,63%
12.01.2021;1.888,3;2,31%
11.01.2021;1.845,5;-0,60%
08.01.2021;1.856,8;-1,67%
07.01.2021;1.888,2;-0,82%
06.01.2021;1.903,7;6,25%
05.01.2021;1.791,7;4,30%
04.01.2021;1.717,9;0,63%
31.12.2020;1.707,0;0,10%
30.12.2020;1.705,4;3,51%
29.12.2020;1.647,6;-0,49%
28.12.2020;1.655,8;-0,51%
24.12.2020;1.664,2;-0,03%
23.12.2020;1.664,7;1,54%
22.12.2020;1.639,4;-1,77%
21.12.2020;1.669,0;1,12%
18.12.2020;1.650,5;-3,71%
17.12.2020;1.714,0;1,19%
16.12.2020;1.693,9;-0,08%
15.12.2020;1.695,3;3,36%
14.12.2020;1.640,2;-1,97%
11.12.2020;1.673,1;-2,05%
10.12.2020;1.708,2;2,87%
09.12.2020;1.660,5;-2,03%
08.12.2020;1.694,9;2,20%
07.12.2020;1.658,4;-0,22%
04.12.2020;1.662,1;4,85%
03.12.2020;1.585,3;-0,42%
02.12.2020;1.592,0;1,89%
01.12.2020;1.562,5;4,79%
30.11.2020;1.491,1;-3,04%
27.11.2020;1.537,8;0,21%
25.11.2020;1.534,7;-0,64%
24.11.2020;1.544,6;4,30%
23.11.2020;1.480,9;2,72%
20.11.2020;1.441,6;0,16%
19.11.2020;1.439,3;0,06%
18.11.2020;1.438,5;-2,36%
17.11.2020;1.473,2;-0,26%
16.11.2020;1.477,0;4,53%
13.11.2020;1.413,0;4,67%
12.11.2020;1.349,9;-1,78%
11.11.2020;1.374,3;-1,01%
10.11.2020;1.388,4;1,30%
09.11.2020;1.370,6;4,05%
06.11.2020;1.317,2;0,88%
05.11.2020;1.305,7;5,21%
04.11.2020;1.241,1;-4,89%
03.11.2020;1.304,9;1,96%
02.11.2020;1.279,9;2,96%
30.10.2020;1.243,1;-0,12%
29.10.2020;1.244,6;3,06%
28.10.2020;1.207,7;-4,98%
27.10.2020;1.270,9;0,20%
26.10.2020;1.268,4;-2,92%
23.10.2020;1.306,6;0,82%
22.10.2020;1.295,9;1,54%
21.10.2020;1.276,2;-0,03%
20.10.2020;1.276,6;0,03%
19.10.2020;1.276,2;-0,87%
16.10.2020;1.287,3;0,02%
15.10.2020;1.287,1;0,06%
14.10.2020;1.286,4;1,28%
13.10.2020;1.270,1;-1,51%
12.10.2020;1.289,6;-0,35%
09.10.2020;1.294,1;0,44%
08.10.2020;1.288,5;1,89%
07.10.2020;1.264,6;3,39%
06.10.2020;1.223,1;-2,68%
05.10.2020;1.256,8;2,71%
02.10.2020;1.223,6;2,00%
01.10.2020;1.199,6;1,23%
30.09.2020;1.185,0;-0,37%
29.09.2020;1.189,4;-2,18%
28.09.2020;1.215,9;3,43%
25.09.2020;1.175,6;0,32%
24.09.2020;1.171,9;0,83%
23.09.2020;1.162,2;-3,54%
22.09.2020;1.204,8;-0,51%
21.09.2020;1.211,1;-7,23%
18.09.2020;1.305,5;0,48%
17.09.2020;1.299,2;1,55%
16.09.2020;1.279,4;1,08%
15.09.2020;1.265,7;0,45%
14.09.2020;1.260,0;3,20%
11.09.2020;1.220,9;0,34%
10.09.2020;1.216,8;-1,86%
09.09.2020;1.239,8;0,85%
08.09.2020;1.229,4;-2,80%
04.09.2020;1.264,8;0,90%
03.09.2020;1.253,5;-1,97%
02.09.2020;1.278,7;0,13%
01.09.2020;1.277,0;1,19%
31.08.2020;1.261,9;-1,22%
28.08.2020;1.277,5;2,17%
27.08.2020;1.250,4;-0,31%
26.08.2020;1.254,3;0,44%
25.08.2020;1.248,8;-0,36%
24.08.2020;1.253,3;1,90%
21.08.2020;1.230,0;-2,65%
20.08.2020;1.263,4;0,24%
19.08.2020;1.260,4;-1,23%
18.08.2020;1.276,1;-0,65%
17.08.2020;1.284,4;1,68%
14.08.2020;1.263,2;0,54%
13.08.2020;1.256,4;-0,42%
12.08.2020;1.261,8;-0,09%
11.08.2020;1.262,9;-2,23%
10.08.2020;1.291,7;3,96%
07.08.2020;1.242,5;-0,82%
06.08.2020;1.252,7;0,12%
05.08.2020;1.251,3;3,24%
04.08.2020;1.212,0;1,72%
03.08.2020;1.191,5;2,11%
31.07.2020;1.166,9;-0,92%
30.07.2020;1.177,7;-2,14%
29.07.2020;1.203,4;1,73%
28.07.2020;1.182,9;-2,07%
27.07.2020;1.207,9;2,92%
24.07.2020;1.173,7;-0,05%
23.07.2020;1.174,2;-0,96%
22.07.2020;1.185,6;1,27%
21.07.2020;1.170,7;2,51%
20.07.2020;1.142,1;-0,01%
17.07.2020;1.142,2;0,14%
16.07.2020;1.140,6;-1,01%
15.07.2020;1.152,2;2,44%
14.07.2020;1.124,7;4,13%
13.07.2020;1.080,2;-0,97%
10.07.2020;1.090,8;4,15%
09.07.2020;1.047,3;-1,51%
08.07.2020;1.063,4;-0,38%
07.07.2020;1.067,4;-1,45%
06.07.2020;1.083,1;2,23%
02.07.2020;1.059,4;0,20%
01.07.2020;1.057,3;-2,28%
30.06.2020;1.082,0;1,56%
29.06.2020;1.065,3;3,29%
26.06.2020;1.031,4;-3,18%
25.06.2020;1.065,2;2,05%
24.06.2020;1.043,8;-4,10%
23.06.2020;1.088,4;0,45%
22.06.2020;1.083,6;1,74%
19.06.2020;1.065,1;-0,42%
18.06.2020;1.069,6;-2,47%
17.06.2020;1.096,6;-2,50%
16.06.2020;1.124,8;2,62%
15.06.2020;1.096,1;1,12%
12.06.2020;1.083,9;3,35%
11.06.2020;1.048,7;-11,01%
10.06.2020;1.178,6;-0,91%
09.06.2020;1.189,4;-1,78%
08.06.2020;1.210,9;3,56%
05.06.2020;1.169,3;3,83%
04.06.2020;1.126,2;2,17%
03.06.2020;1.102,3;2,14%
02.06.2020;1.079,1;-0,57%
01.06.2020;1.085,3;2,43%
29.05.2020;1.059,6;-0,47%
28.05.2020;1.064,6;-1,85%
27.05.2020;1.084,6;3,79%
26.05.2020;1.045,0;1,79%
22.05.2020;1.026,7;-0,87%
21.05.2020;1.035,6;-1,61%
20.05.2020;1.052,6;1,81%
19.05.2020;1.033,9;0,55%
18.05.2020;1.028,3;6,40%
15.05.2020;966,4;3,06%
14.05.2020;937,7;1,69%
13.05.2020;922,1;-3,38%
12.05.2020;954,4;-4,39%
11.05.2020;998,3;-3,24%
08.05.2020;1.031,8;5,98%
07.05.2020;973,5;2,17%
06.05.2020;952,8;-2,42%
05.05.2020;976,5;-0,62%
04.05.2020;982,6;2,12%
01.05.2020;962,2;-2,21%
30.04.2020;984;-4,58%
29.04.2020;1.031,2;6,83%
28.04.2020;965,3;2,01%
27.04.2020;946,3;3,40%
24.04.2020;915,2;-0,26%
23.04.2020;917,5;0,80%
22.04.2020;910,2;2,39%
21.04.2020;889;-2,20%
20.04.2020;909;-0,68%
17.04.2020;915,3;2,04%
16.04.2020;896,9;-0,15%
15.04.2020;898,3;-6,07%
14.04.2020;956,3;1,05%
13.04.2020;946,3;-0,29%
09.04.2020;949,1;6,79%
08.04.2020;888,8;3,32%
07.04.2020;860,3;-0,13%
06.04.2020;861,4;7,90%
03.04.2020;798,3;-2,73%
02.04.2020;820,7;1,78%
01.04.2020;806,3;-2,19%
31.03.2020;824,4;1,62%
30.03.2020;811,2;1,54%
27.03.2020;798,9;-5,74%
26.03.2020;847,6;2,27%
25.03.2020;828,8;0,60%
24.03.2020;823,8;12,50%
23.03.2020;732,3;-0,48%
20.03.2020;735,8;-4,95%
19.03.2020;774,1;5,00%
18.03.2020;737,2;-15,12%
17.03.2020;868,5;9,54%
16.03.2020;792,9;-7,46%
13.03.2020;856,8;6,93%
12.03.2020;801,3;-11,51%
11.03.2020;905,5;-7,61%
10.03.2020;980,1;3,80%
09.03.2020;944,3;-12,99%
06.03.2020;1.085,2;-3,37%
05.03.2020;1.123,1;-3,77%
04.03.2020;1.167,1;2,35%
03.03.2020;1.140,3;-1,32%
02.03.2020;1.155,5;2,51%
28.02.2020;1.127,1;-1,77%
27.02.2020;1.147,4;-4,36%
26.02.2020;1.199,8;-1,82%
25.02.2020;1.222,0;-3,51%
24.02.2020;1.266,5;-2,92%
21.02.2020;1.304,6;-0,62%
20.02.2020;1.312,7;-1,54%
19.02.2020;1.333,2;1,17%
18.02.2020;1.317,7;0,98%
14.02.2020;1.305,0;-1,65%
13.02.2020;1.326,8;0,03%
12.02.2020;1.326,4;-1,18%
11.02.2020;1.342,3;1,34%
10.02.2020;1.324,5;-0,16%
07.02.2020;1.326,6;-2,50%
06.02.2020;1.360,7;-0,26%
05.02.2020;1.364,2;4,16%
04.02.2020;1.309,8;2,27%
03.02.2020;1.280,7;1,02%
31.01.2020;1.267,8;-1,98%
30.01.2020;1.293,4;0,22%
29.01.2020;1.290,7;0,81%
28.01.2020;1.280,3;-1,35%
27.01.2020;1.297,9;-2,00%
24.01.2020;1.324,4;-1,43%
23.01.2020;1.343,7;-0,86%
22.01.2020;1.355,3;-0,27%
21.01.2020;1.359,0;-2,88%
17.01.2020;1.399,3;-1,71%
16.01.2020;1.423,7;-0,22%
15.01.2020;1.426,8;-0,43%
14.01.2020;1.433,0;1,02%
13.01.2020;1.418,6;1,00%
10.01.2020;1.404,5;-0,94%
09.01.2020;1.417,8;-1,59%
08.01.2020;1.440,7;-1,89%
07.01.2020;1.468,4;0,67%
06.01.2020;1.458,6;-0,96%
03.01.2020;1.472,7;-0,85%
02.01.2020;1.485,3;-0,48%
31.12.2019;1.492,4;0,28%
30.12.2019;1.488,2;-0,04%
27.12.2019;1.488,9;-0,46%
26.12.2019;1.495,7;0,42%
24.12.2019;1.489,4;1,06%
23.12.2019;1.473,8;1,39%
20.12.2019;1.453,6;-1,35%
19.12.2019;1.473,4;-1,02%
18.12.2019;1.488,6;0,72%
17.12.2019;1.478,0;0,21%
16.12.2019;1.474,9;-0,58%
13.12.2019;1.483,6;-1,16%
12.12.2019;1.500,9;0,99%
11.12.2019;1.486,2;0,93%
10.12.2019;1.472,5;0,36%
09.12.2019;1.467,2;0,89%
06.12.2019;1.454,2;0,87%
05.12.2019;1.441,7;0,85%
04.12.2019;1.429,5;1,19%
03.12.2019;1.412,7;-0,18%
02.12.2019;1.415,2;0,86%
29.11.2019;1.403,2;-0,57%
27.11.2019;1.411,3;0,27%
26.11.2019;1.407,4;0,51%
25.11.2019;1.400,2;1,60%
22.11.2019;1.378,1;1,18%
21.11.2019;1.362,1;-0,65%
20.11.2019;1.370,9;-0,46%
19.11.2019;1.377,3;-0,19%
18.11.2019;1.379,9;0,67%
15.11.2019;1.370,7;0,57%
14.11.2019;1.363,0;-0,71%
13.11.2019;1.372,7;-1,30%
12.11.2019;1.390,8;-0,55%
11.11.2019;1.398,6;-0,61%
08.11.2019;1.407,2;0,66%
07.11.2019;1.397,9;0,93%
06.11.2019;1.385,1;-1,04%
05.11.2019;1.399,6;0,15%
04.11.2019;1.397,5;1,12%
01.11.2019;1.382,1;3,30%
31.10.2019;1.337,9;-1,66%
30.10.2019;1.360,5;-1,47%
29.10.2019;1.380,7;-0,47%
28.10.2019;1.387,3;1,67%
25.10.2019;1.364,5;1,33%
24.10.2019;1.346,6;0,20%
23.10.2019;1.343,9;0,45%
22.10.2019;1.337,9;1,78%
21.10.2019;1.314,5;-0,39%
18.10.2019;1.319,6;0,03%
17.10.2019;1.319,2;1,25%
16.10.2019;1.302,9;-0,82%
15.10.2019;1.313,8;-0,17%
14.10.2019;1.316,0;-1,27%
11.10.2019;1.332,9;2,48%
10.10.2019;1.300,7;2,13%
09.10.2019;1.273,6;-0,28%
08.10.2019;1.277,2;-0,61%
07.10.2019;1.285,0;-0,56%
04.10.2019;1.292,3;1,15%
03.10.2019;1.277,6;0,51%
02.10.2019;1.271,1;-0,98%
01.10.2019;1.283,8;-1,05%
30.09.2019;1.297,4;-1,00%
27.09.2019;1.310,5;-0,21%
26.09.2019;1.313,2;-2,28%
25.09.2019;1.343,8;1,19%
24.09.2019;1.328,0;-2,73%
23.09.2019;1.365,3;0,90%
20.09.2019;1.353,1;-0,88%
19.09.2019;1.365,1;-0,81%
18.09.2019;1.376,2;-2,15%
17.09.2019;1.406,5;-0,58%
16.09.2019;1.414,6;0,86%
13.09.2019;1.402,6;-0,18%
12.09.2019;1.405,0;-0,66%
11.09.2019;1.414,4;3,04%
10.09.2019;1.372,7;3,35%
09.09.2019;1.328,2;2,76%
06.09.2019;1.292,6;-1,49%
05.09.2019;1.312,2;0,32%
04.09.2019;1.308,0;2,37%
03.09.2019;1.277,6;-1,43%
30.08.2019;1.296,1;0,41%
29.08.2019;1.290,8;0,85%
28.08.2019;1.279,9;1,69%
27.08.2019;1.258,6;-0,46%
26.08.2019;1.264,5;0,80%
23.08.2019;1.254,4;-2,29%
22.08.2019;1.283,8;-1,35%
21.08.2019;1.301,3;0,04%
20.08.2019;1.300,8;0,00%
19.08.2019;1.300,7;2,36%
16.08.2019;1.270,7;1,64%
15.08.2019;1.250,2;-1,27%
14.08.2019;1.266,3;-3,91%
13.08.2019;1.317,8;1,41%
12.08.2019;1.299,5;-1,67%
09.08.2019;1.321,6;-3,09%
08.08.2019;1.363,7;2,88%
07.08.2019;1.325,5;-1,33%
06.08.2019;1.343,4;0,02%
05.08.2019;1.343,1;-1,31%
02.08.2019;1.360,9;-1,64%
01.08.2019;1.383,7;-2,86%
31.07.2019;1.424,4;-3,43%
30.07.2019;1.475,0;1,43%
29.07.2019;1.454,2;-0,17%
26.07.2019;1.456,6;0,74%
25.07.2019;1.445,9;-2,28%
24.07.2019;1.479,6;1,19%
23.07.2019;1.462,2;0,50%
22.07.2019;1.455,0;0,10%
19.07.2019;1.453,6;0,96%
18.07.2019;1.439,7;0,45%
17.07.2019;1.433,3;0,17%
16.07.2019;1.430,8;1,14%
15.07.2019;1.414,7;0,14%
12.07.2019;1.412,6;1,86%
11.07.2019;1.386,8;-0,47%
10.07.2019;1.393,3;0,31%
09.07.2019;1.389,1;-0,56%
08.07.2019;1.396,9;-2,08%
05.07.2019;1.426,5;0,44%
03.07.2019;1.420,2;-0,39%
02.07.2019;1.425,8;-0,95%
01.07.2019;1.439,4;-0,49%
28.06.2019;1.446,6;1,64%
27.06.2019;1.423,2;0,29%
26.06.2019;1.419,1;2,08%
25.06.2019;1.390,2;-0,35%
24.06.2019;1.395,1;-1,27%
21.06.2019;1.413,0;0,07%
20.06.2019;1.412,1;1,10%
19.06.2019;1.396,8;1,66%
18.06.2019;1.373,9;2,97%
17.06.2019;1.334,2;0,83%
14.06.2019;1.323,2;-1,47%
13.06.2019;1.342,9;1,94%
12.06.2019;1.317,4;-0,63%
11.06.2019;1.325,8;1,49%
10.06.2019;1.306,3;0,05%
07.06.2019;1.305,7;0,59%
06.06.2019;1.298,0;0,35%
05.06.2019;1.293,5;-0,82%
04.06.2019;1.304,2;3,37%
03.06.2019;1.261,7;2,62%
31.05.2019;1.229,5;-1,27%
30.05.2019;1.245,3;-1,78%
29.05.2019;1.267,9;-0,43%
28.05.2019;1.273,3;-1,19%
24.05.2019;1.288,6;0,14%
23.05.2019;1.286,7;-2,52%
22.05.2019;1.320,0;-2,31%
21.05.2019;1.351,3;1,68%
20.05.2019;1.328,9;-1,98%
17.05.2019;1.355,8;-1,66%
16.05.2019;1.378,7;-0,28%
15.05.2019;1.382,6;0,17%
14.05.2019;1.380,3;1,22%
13.05.2019;1.363,6;-3,98%
10.05.2019;1.420,2;0,03%
09.05.2019;1.419,7;-0,10%
08.05.2019;1.421,1;-1,22%
07.05.2019;1.438,7;-1,53%
06.05.2019;1.461,0;-0,94%
03.05.2019;1.474,8;4,05%
02.05.2019;1.417,5;-0,09%
01.05.2019;1.418,7;-2,52%
30.04.2019;1.455,4;-0,84%
29.04.2019;1.467,7;0,02%
26.04.2019;1.467,4;1,33%
25.04.2019;1.448,2;-2,23%
24.04.2019;1.481,2;-0,59%
23.04.2019;1.489,9;1,74%
22.04.2019;1.464,5;-1,07%
18.04.2019;1.480,3;-1,78%
17.04.2019;1.507,2;-0,04%
16.04.2019;1.507,8;0,52%
15.04.2019;1.500,1;-0,40%
12.04.2019;1.506,2;0,15%
11.04.2019;1.503,8;-1,65%
10.04.2019;1.529,1;0,33%
09.04.2019;1.524,1;-2,56%
08.04.2019;1.564,2;0,24%
05.04.2019;1.560,4;0,83%
04.04.2019;1.547,5;1,52%
03.04.2019;1.524,4;0,41%
02.04.2019;1.518,2;-0,62%
01.04.2019;1.527,7;1,73%
29.03.2019;1.501,7;0,48%
28.03.2019;1.494,5;0,30%
27.03.2019;1.490,1;0,42%
26.03.2019;1.483,9;0,75%
25.03.2019;1.472,8;0,18%
22.03.2019;1.470,1;-4,11%
21.03.2019;1.533,0;2,00%
20.03.2019;1.502,9;-0,13%
19.03.2019;1.504,9;-0,15%
18.03.2019;1.507,1;0,84%
15.03.2019;1.494,6;0,57%
14.03.2019;1.486,1;-1,84%
13.03.2019;1.514,0;0,70%
12.03.2019;1.503,4;1,58%
11.03.2019;1.480,1;1,90%
08.03.2019;1.452,4;-1,38%
07.03.2019;1.472,8;-1,97%
06.03.2019;1.502,4;-3,16%
05.03.2019;1.551,4;-0,35%
04.03.2019;1.556,9;-0,35%
01.03.2019;1.562,3;0,32%
28.02.2019;1.557,3;-1,77%
27.02.2019;1.585,3;-0,63%
26.02.2019;1.595,4;-0,33%
25.02.2019;1.600,6;-0,02%
22.02.2019;1.601,0;0,03%
21.02.2019;1.600,6;-0,22%
20.02.2019;1.604,1;2,34%
19.02.2019;1.567,4;1,85%
15.02.2019;1.539,0;0,86%
14.02.2019;1.525,8;-0,13%
13.02.2019;1.527,8;0,55%
12.02.2019;1.519,3;1,27%
11.02.2019;1.500,3;0,26%
08.02.2019;1.496,4;-0,49%
07.02.2019;1.503,8;-2,37%
06.02.2019;1.540,3;-0,64%
05.02.2019;1.550,3;0,15%
04.02.2019;1.548,0;0,67%
01.02.2019;1.537,7;-0,58%
31.01.2019;1.546,6;1,12%
30.01.2019;1.529,5;3,49%
29.01.2019;1.477,9;0,83%
28.01.2019;1.465,7;-1,22%
25.01.2019;1.483,7;3,54%
24.01.2019;1.433,0;-0,85%
23.01.2019;1.445,3;0,01%
22.01.2019;1.445,1;-1,62%
18.01.2019;1.468,9;1,28%
17.01.2019;1.450,3;2,19%
16.01.2019;1.419,2;1,89%
15.01.2019;1.392,9;-2,00%
14.01.2019;1.421,4;-0,89%
11.01.2019;1.434,1;0,00%
10.01.2019;1.434,1;-0,20%
09.01.2019;1.437,1;2,12%
08.01.2019;1.407,2;1,64%
07.01.2019;1.384,4;-0,11%
04.01.2019;1.386,0;5,65%
03.01.2019;1.311,9;-2,39%
02.01.2019;1.344,0;1,68%
31.12.2018;1.321,8;0,07%
28.12.2018;1.320,9;-0,74%
27.12.2018;1.330,8;0,20%
26.12.2018;1.328,1;4,21%
24.12.2018;1.274,4;-1,94%
21.12.2018;1.299,7;-1,82%
20.12.2018;1.323,8;0,01%
19.12.2018;1.323,7;-3,87%
18.12.2018;1.376,9;0,98%
17.12.2018;1.363,5;0,18%
14.12.2018;1.361,1;-2,44%
13.12.2018;1.395,1;-0,67%
12.12.2018;1.404,5;1,06%
11.12.2018;1.389,9;-0,31%
10.12.2018;1.394,2;-1,15%
07.12.2018;1.410,5;-1,13%
06.12.2018;1.426,6;-1,90%
04.12.2018;1.454,2;-3,09%
03.12.2018;1.500,6;2,80%
30.11.2018;1.459,7;0,06%
29.11.2018;1.458,7;-1,32%
28.11.2018;1.478,3;4,20%
27.11.2018;1.418,6;-1,79%
26.11.2018;1.444,5;-1,07%
23.11.2018;1.460,2;-2,49%
21.11.2018;1.497,4;1,67%
20.11.2018;1.472,8;-4,03%
19.11.2018;1.534,7;-2,33%
16.11.2018;1.571,3;0,88%
15.11.2018;1.557,5;1,83%
14.11.2018;1.529,5;-0,51%
13.11.2018;1.537,3;0,61%
12.11.2018;1.527,9;-1,57%
09.11.2018;1.552,2;-2,30%
08.11.2018;1.588,8;-1,36%
07.11.2018;1.610,8;0,68%
06.11.2018;1.599,9;-0,21%
05.11.2018;1.603,3;0,14%
02.11.2018;1.601,1;1,92%
01.11.2018;1.571,0;1,83%
31.10.2018;1.542,8;2,08%
30.10.2018;1.511,4;0,60%
29.10.2018;1.502,3;-0,87%
26.10.2018;1.515,6;-1,93%
25.10.2018;1.545,4;2,00%
24.10.2018;1.515,1;-5,81%
23.10.2018;1.608,6;-1,95%
22.10.2018;1.640,6;0,67%
19.10.2018;1.629,6;-1,23%
18.10.2018;1.649,9;-1,80%
17.10.2018;1.680,1;0,22%
16.10.2018;1.676,5;1,25%
15.10.2018;1.655,8;0,24%
12.10.2018;1.651,8;0,06%
11.10.2018;1.650,8;0,90%
10.10.2018;1.636,0;-3,09%
09.10.2018;1.688,2;-1,16%
08.10.2018;1.707,9;0,48%
05.10.2018;1.699,7;-0,64%
04.10.2018;1.710,6;-1,17%
03.10.2018;1.730,8;-0,45%
02.10.2018;1.738,6;0,37%
01.10.2018;1.732,2;0,55%
28.09.2018;1.722,8;0,19%
27.09.2018;1.719,5;-0,59%
26.09.2018;1.729,7;-2,27%
25.09.2018;1.769,9;1,63%
24.09.2018;1.741,5;-0,87%
21.09.2018;1.756,8;-0,79%
20.09.2018;1.770,7;0,23%
19.09.2018;1.766,7;0,93%
18.09.2018;1.750,3;1,60%
17.09.2018;1.722,7;1,00%
14.09.2018;1.705,6;0,44%
13.09.2018;1.698,2;-0,47%
12.09.2018;1.706,1;2,32%
11.09.2018;1.667,4;-0,52%
10.09.2018;1.676,2;0,03%
07.09.2018;1.675,6;-0,77%
06.09.2018;1.688,7;-0,08%
05.09.2018;1.690,0;0,72%
04.09.2018;1.677,9;-1,85%
31.08.2018;1.709,5;0,59%
30.08.2018;1.699,5;-2,15%
29.08.2018;1.736,9;0,88%
28.08.2018;1.721,8;-0,19%
27.08.2018;1.725,1;1,25%
24.08.2018;1.703,8;1,85%
23.08.2018;1.672,8;-2,68%
22.08.2018;1.718,8;0,24%
21.08.2018;1.714,7;1,30%
20.08.2018;1.692,6;0,65%
17.08.2018;1.681,7;1,37%
16.08.2018;1.658,9;1,41%
15.08.2018;1.635,8;-4,33%
14.08.2018;1.709,8;-0,62%
13.08.2018;1.720,5;-1,51%
10.08.2018;1.746,8;-0,49%
09.08.2018;1.755,4;-0,50%
08.08.2018;1.764,3;-0,38%
07.08.2018;1.771,0;-0,58%
06.08.2018;1.781,4;-0,13%
03.08.2018;1.783,6;0,18%
02.08.2018;1.780,4;-0,77%
01.08.2018;1.794,1;-1,02%
31.07.2018;1.812,6;-0,30%
30.07.2018;1.818,1;-0,95%
27.07.2018;1.835,5;-1,36%
26.07.2018;1.860,9;-0,87%
25.07.2018;1.877,3;0,32%
24.07.2018;1.871,3;1,53%
23.07.2018;1.843,0;1,25%
20.07.2018;1.820,3;0,72%
19.07.2018;1.807,3;-2,54%
18.07.2018;1.854,3;1,67%
17.07.2018;1.823,9;1,29%
16.07.2018;1.800,7;-0,63%
13.07.2018;1.812,2;-0,26%
12.07.2018;1.816,9;0,11%
11.07.2018;1.815,0;-2,11%
10.07.2018;1.854,1;0,36%
09.07.2018;1.847,5;1,17%
06.07.2018;1.826,1;0,69%
05.07.2018;1.813,6;1,72%
03.07.2018;1.782,9;-0,15%
02.07.2018;1.785,6;-0,27%
29.06.2018;1.790,4;0,77%
28.06.2018;1.776,8;-0,30%
27.06.2018;1.782,2;-1,43%
26.06.2018;1.808,1;0,96%
25.06.2018;1.790,9;-4,10%
22.06.2018;1.867,5;2,04%
21.06.2018;1.830,2;-1,26%
20.06.2018;1.853,5;1,12%
19.06.2018;1.832,9;-2,21%
18.06.2018;1.874,3;0,64%
15.06.2018;1.862,4;-2,50%
14.06.2018;1.910,1;0,70%
13.06.2018;1.896,9;-0,80%
12.06.2018;1.912,3;-0,13%
11.06.2018;1.914,8;0,67%
08.06.2018;1.902,1;-0,53%
07.06.2018;1.912,2;-0,93%
06.06.2018;1.930,2;1,33%
05.06.2018;1.904,9;1,27%
04.06.2018;1.881,0;-0,62%
01.06.2018;1.892,7;1,16%
31.05.2018;1.871,0;-0,20%
30.05.2018;1.874,8;2,22%
29.05.2018;1.834,1;-0,31%
25.05.2018;1.839,9;-1,26%
24.05.2018;1.863,4;0,28%
23.05.2018;1.858,1;-0,68%
22.05.2018;1.870,9;-0,40%
21.05.2018;1.878,4;-0,51%
18.05.2018;1.887,9;-0,55%
17.05.2018;1.898,4;1,13%
16.05.2018;1.877,2;1,69%
15.05.2018;1.846,1;0,44%
14.05.2018;1.837,9;-0,40%
11.05.2018;1.845,3;0,45%
10.05.2018;1.837,0;1,44%
09.05.2018;1.810,9;0,36%
08.05.2018;1.804,3;-0,23%
07.05.2018;1.808,4;0,59%
04.05.2018;1.797,9;2,30%
03.05.2018;1.757,5;1,06%
02.05.2018;1.739,0;0,85%
01.05.2018;1.724,3;-1,33%
30.04.2018;1.747,6;-0,60%
27.04.2018;1.758,1;-2,25%
26.04.2018;1.798,7;0,11%
25.04.2018;1.796,7;0,46%
24.04.2018;1.788,5;-0,89%
23.04.2018;1.804,6;-2,45%
20.04.2018;1.849,8;-0,65%
19.04.2018;1.861,9;0,91%
18.04.2018;1.845,0;2,01%
17.04.2018;1.808,7;1,84%
16.04.2018;1.776,1;-0,04%
13.04.2018;1.776,9;0,43%
12.04.2018;1.769,3;0,72%
11.04.2018;1.756,7;-0,79%
10.04.2018;1.770,7;3,53%
09.04.2018;1.710,4;0,86%
06.04.2018;1.695,8;-2,68%
05.04.2018;1.742,4;2,17%
04.04.2018;1.705,4;0,51%
03.04.2018;1.696,7;1,03%
02.04.2018;1.679,4;-1,36%
29.03.2018;1.702,6;3,05%
28.03.2018;1.652,1;-1,25%
27.03.2018;1.673,0;-2,57%
26.03.2018;1.717,1;1,86%
23.03.2018;1.685,8;-0,92%
22.03.2018;1.701,5;-5,93%
21.03.2018;1.808,8;2,43%
20.03.2018;1.765,8;-0,86%
19.03.2018;1.781,2;-2,81%
16.03.2018;1.832,7;1,30%
15.03.2018;1.809,1;-0,39%
14.03.2018;1.816,2;-1,81%
13.03.2018;1.849,7;-0,31%
12.03.2018;1.855,5;1,07%
09.03.2018;1.835,8;-0,45%
08.03.2018;1.844,1;-2,07%
07.03.2018;1.883,1;0,26%
06.03.2018;1.878,2;1,73%
05.03.2018;1.846,3;-0,77%
02.03.2018;1.860,6;0,78%
01.03.2018;1.846,1;2,31%
28.02.2018;1.804,4;-2,89%
27.02.2018;1.858,0;-1,56%
26.02.2018;1.887,4;0,92%
23.02.2018;1.870,3;0,61%
22.02.2018;1.859,0;-0,09%
21.02.2018;1.860,6;-0,69%
20.02.2018;1.873,5;-2,13%
16.02.2018;1.914,3;2,50%
15.02.2018;1.867,6;-0,06%
14.02.2018;1.868,8;3,92%
13.02.2018;1.798,3;1,46%
12.02.2018;1.772,4;3,11%
09.02.2018;1.718,9;0,77%
08.02.2018;1.705,8;-2,70%
07.02.2018;1.753,1;-1,55%
06.02.2018;1.780,8;2,21%
05.02.2018;1.742,3;-1,73%
02.02.2018;1.773,0;-4,46%
01.02.2018;1.855,8;0,37%
31.01.2018;1.848,9;-0,89%
30.01.2018;1.865,6;-3,01%
29.01.2018;1.923,4;-1,42%
26.01.2018;1.951,1;0,86%
25.01.2018;1.934,4;-1,11%
24.01.2018;1.956,2;0,60%
23.01.2018;1.944,6;-0,10%
22.01.2018;1.946,7;0,67%
19.01.2018;1.933,7;0,76%
18.01.2018;1.919,1;-1,53%
17.01.2018;1.948,9;1,73%
16.01.2018;1.915,8;-1,82%
12.01.2018;1.951,2;-0,52%
11.01.2018;1.961,4;2,91%
10.01.2018;1.905,9;1,91%
09.01.2018;1.870,1;-1,50%
08.01.2018;1.898,6;0,75%
05.01.2018;1.884,6;-0,18%
04.01.2018;1.888,0;0,64%
03.01.2018;1.876,0;-0,60%
02.01.2018;1.887,3;4,36%