<DATE>,<TIME>,<OPEN>,<HIGH>,<LOW>,<CLOSE>,<VOL>
02/01/18,000000,107.6900000,109.7900000,107.2600000,109.5500000,56534
03/01/18,000000,109.9000000,109.9400000,107.6800000,109.3300000,47928
04/01/18,000000,109.6000000,111.0000000,109.1400000,110.9200000,45339
05/01/18,000000,110.9100000,110.9100000,109.2700000,110.2200000,35258
08/01/18,000000,110.2800000,111.5550000,108.9350000,111.1100000,38228
09/01/18,000000,111.2100000,111.2200000,109.5300000,109.9800000,83215
10/01/18,000000,110.0500000,111.4250000,108.7100000,110.1300000,56068
11/01/18,000000,110.3100000,113.5500000,110.3100000,113.0000000,63369
12/01/18,000000,113.3300000,113.9900000,111.7400000,112.4100000,35559
16/01/18,000000,112.3900000,113.7100000,110.2200000,110.2450000,70354
17/01/18,000000,111.0000000,114.3900000,110.0600000,113.3400000,93041
18/01/18,000000,112.9500000,114.2400000,111.6200000,113.7800000,53950
19/01/18,000000,113.6500000,115.3500000,113.6500000,114.3900000,46633
22/01/18,000000,115.0600000,116.1300000,113.2400000,116.1000000,44091
23/01/18,000000,115.6700000,116.0000000,113.5100000,114.8400000,55587
24/01/18,000000,115.8600000,116.8600000,114.6700000,115.0000000,156416
25/01/18,000000,114.4000000,116.1400000,112.6600000,113.5600000,130079
26/01/18,000000,114.1600000,114.8400000,113.2500000,113.4500000,42861
29/01/18,000000,113.0600000,114.4300000,112.5700000,112.6000000,55510
30/01/18,000000,112.1000000,113.8200000,110.2700000,110.4100000,68434
31/01/18,000000,111.1300000,111.6600000,109.3400000,110.2800000,76384
01/02/18,000000,109.5700000,111.8550000,109.3100000,110.0000000,113585
02/02/18,000000,108.8700000,108.9500000,106.3700000,106.4000000,63262
05/02/18,000000,105.4500000,108.4100000,103.5850000,103.9200000,61360
06/02/18,000000,101.8100000,107.0200000,101.0200000,105.8600000,86152
07/02/18,000000,105.4200000,107.9700000,104.7950000,105.1600000,39875
08/02/18,000000,105.2600000,105.8500000,102.2600000,102.2600000,52176
09/02/18,000000,103.2400000,105.7100000,101.7700000,104.8800000,100541
12/02/18,000000,105.6300000,106.3100000,104.3200000,105.0700000,51602
13/02/18,000000,104.6700000,107.4600000,104.6700000,106.7500000,44038
14/02/18,000000,105.9800000,109.0750000,105.3600000,108.0300000,56463
15/02/18,000000,109.3100000,113.9400000,107.4200000,108.4200000,30685
16/02/18,000000,108.0600000,110.8300000,106.9000000,108.7700000,93230
20/02/18,000000,107.7600000,109.1000000,105.1600000,105.5100000,64001
21/02/18,000000,106.2600000,110.0400000,102.3800000,107.9100000,117801
22/02/18,000000,101.0000000,108.0300000,101.0000000,103.6000000,120651
23/02/18,000000,104.9700000,106.2000000,103.6300000,105.1650000,65454
26/02/18,000000,106.2100000,106.4900000,103.5500000,105.2000000,72103
27/02/18,000000,104.5200000,105.9300000,103.5900000,104.5700000,123096
28/02/18,000000,104.3700000,104.7600000,100.0150000,100.4600000,105876
01/03/18,000000,100.9900000,103.2900000,100.1900000,101.8400000,71983
02/03/18,000000,101.5300000,102.8600000,99.8500000,100.9300000,73059
05/03/18,000000,100.2600000,103.1300000,100.0700000,101.7000000,53559
06/03/18,000000,102.7400000,104.4800000,102.1950000,104.2900000,62673
07/03/18,000000,103.2100000,105.4200000,103.2100000,104.2900000,70616
08/03/18,000000,104.0300000,104.9400000,102.0900000,104.7900000,65779
09/03/18,000000,105.3100000,107.6200000,104.4900000,107.1000000,153846
12/03/18,000000,106.8200000,108.6000000,106.7100000,106.9700000,45379
13/03/18,000000,107.3500000,110.1600000,106.9300000,107.2750000,65920
14/03/18,000000,108.4000000,111.9900000,104.7200000,105.2600000,59999
15/03/18,000000,105.0200000,105.7000000,103.1300000,103.1600000,42746
16/03/18,000000,103.5100000,106.0900000,103.5100000,105.7600000,95131
19/03/18,000000,105.0900000,105.7399000,103.7300000,105.4900000,46571
20/03/18,000000,105.2000000,105.8400000,103.2750000,103.5400000,41654
21/03/18,000000,103.7900000,105.9000000,102.4840000,104.7600000,33911
22/03/18,000000,103.7900000,104.7150000,101.7200000,101.7400000,110749
23/03/18,000000,101.7200000,103.7350000,99.8100000,99.8700000,65460
26/03/18,000000,101.7000000,103.4050000,99.7900000,101.0700000,79384
27/03/18,000000,101.1000000,101.1000000,99.2800000,99.4900000,57140
28/03/18,000000,99.4500000,99.4500000,97.6198000,99.0500000,78687
29/03/18,000000,99.5000000,102.5300000,99.0500000,100.9000000,50477
02/04/18,000000,101.0800000,102.0550000,98.4600000,98.8400000,48787
03/04/18,000000,99.2400000,101.5900000,99.2400000,99.8600000,49818
04/04/18,000000,98.3600000,100.3100000,98.0400000,100.0600000,85258
05/04/18,000000,100.9100000,104.3300000,100.9100000,103.6800000,55677
06/04/18,000000,103.1400000,104.2300000,100.2200000,101.3500000,37187
09/04/18,000000,102.9000000,103.8600000,99.7200000,102.2900000,68562
10/04/18,000000,103.7100000,106.8500000,103.3900000,105.9900000,94021
11/04/18,000000,106.6400000,107.3800000,105.0000000,105.3600000,47778
12/04/18,000000,105.8400000,106.1450000,104.9650000,105.3200000,47510
13/04/18,000000,106.2300000,106.8700000,104.0800000,104.3500000,39893
16/04/18,000000,105.4100000,107.7000000,105.0000000,106.9600000,36294
17/04/18,000000,107.5100000,109.3700000,106.7000000,107.6900000,90381
18/04/18,000000,108.6700000,110.1100000,107.6100000,107.7400000,53281
19/04/18,000000,108.1100000,108.9500000,106.3500000,107.5900000,59100
20/04/18,000000,107.3000000,107.8000000,105.4800000,105.5900000,67155
23/04/18,000000,104.8800000,106.1900000,102.0400000,102.0900000,78406
24/04/18,000000,102.7500000,105.5000000,99.0700000,100.0300000,147571
25/04/18,000000,99.2900000,102.0200000,99.2500000,100.8700000,111002
26/04/18,000000,101.2800000,107.7800000,96.3600000,100.3700000,183741
27/04/18,000000,99.5300000,101.0200000,95.4200000,100.8300000,95623
30/04/18,000000,100.1100000,101.4000000,97.9700000,98.5800000,109526
01/05/18,000000,98.2600000,99.2950000,95.7500000,97.6200000,131737
02/05/18,000000,97.8500000,100.2900000,97.8500000,99.3400000,79782
03/05/18,000000,99.3200000,101.0700000,99.0800000,100.4800000,65357
04/05/18,000000,100.1400000,102.0900000,100.1400000,100.4800000,60426
07/05/18,000000,101.0600000,101.9900000,100.2800000,100.4100000,48041
08/05/18,000000,100.4100000,101.6500000,99.6500000,100.4600000,55717
09/05/18,000000,100.4300000,104.0600000,100.4300000,103.7000000,117695
10/05/18,000000,103.6800000,105.5200000,103.6800000,104.8000000,39595
11/05/18,000000,105.1600000,106.3800000,104.9900000,105.9200000,50753
14/05/18,000000,106.4300000,108.1400000,104.3300000,104.7500000,57629
15/05/18,000000,103.4000000,105.6400000,103.4000000,104.4600000,48079
16/05/18,000000,105.3100000,106.3000000,104.8800000,105.4500000,70702
17/05/18,000000,105.3700000,106.8200000,105.3700000,106.5700000,49015
18/05/18,000000,106.8900000,107.0000000,105.9500000,106.7000000,70361
21/05/18,000000,106.8800000,109.4700000,106.8800000,109.2000000,91405
22/05/18,000000,109.7000000,110.4100000,108.5600000,108.6900000,76722
23/05/18,000000,108.3700000,109.6200000,107.7150000,108.7100000,222202
24/05/18,000000,108.1200000,109.2100000,107.0200000,109.1550000,185239
25/05/18,000000,108.7600000,109.5200000,107.8900000,108.4600000,161235
29/05/18,000000,107.8400000,109.1250000,106.7900000,107.1600000,56117
30/05/18,000000,107.0900000,110.4400000,106.6100000,110.4400000,84517
31/05/18,000000,111.2900000,112.1000000,109.7029000,110.3400000,140383
01/06/18,000000,111.2500000,112.7500000,109.5000000,110.0200000,113450
04/06/18,000000,110.9300000,111.1050000,109.9300000,110.1100000,48758
05/06/18,000000,110.3900000,111.4000000,109.7600000,111.3100000,38036
06/06/18,000000,111.6300000,114.2700000,111.6300000,113.3800000,115199
07/06/18,000000,112.6400000,113.4100000,111.6400000,112.6200000,34156
08/06/18,000000,112.1800000,112.7400000,110.7600000,110.8000000,36894
11/06/18,000000,110.8100000,113.9800000,110.8100000,113.2600000,82518
12/06/18,000000,113.1600000,114.5500000,112.5000000,113.6100000,74815
13/06/18,000000,113.3900000,113.9500000,111.9400000,111.9400000,52152
14/06/18,000000,112.7500000,113.6900000,111.9700000,113.4800000,53665
15/06/18,000000,112.6600000,113.7000000,112.0400000,113.6300000,109596
18/06/18,000000,113.2300000,113.6400000,112.3300000,113.4100000,71165
19/06/18,000000,112.4900000,112.8200000,110.0600000,111.4800000,58594
20/06/18,000000,111.5700000,112.3800000,110.8700000,111.8000000,83796
21/06/18,000000,112.0000000,112.4000000,109.6600000,109.7500000,95747
22/06/18,000000,110.4000000,111.8150000,107.8600000,109.4400000,120618
25/06/18,000000,108.4400000,108.4400000,103.4000000,104.3200000,110192
26/06/18,000000,104.8700000,106.2100000,103.4900000,105.7400000,62079
27/06/18,000000,105.9500000,106.7350000,104.1350000,104.2300000,66278
28/06/18,000000,103.4100000,105.3200000,101.9100000,102.7400000,110170
29/06/18,000000,103.2900000,105.1700000,102.4600000,104.1100000,88455
02/07/18,000000,103.3700000,104.7000000,102.9750000,104.5900000,144605
03/07/18,000000,105.7800000,106.5550000,103.6100000,103.7500000,62544
05/07/18,000000,104.0500000,105.0050000,103.4800000,104.8300000,61330
06/07/18,000000,104.9300000,105.4900000,104.5000000,104.8200000,55423
09/07/18,000000,105.2100000,107.7100000,105.2100000,107.6700000,51021
10/07/18,000000,107.4000000,108.8900000,106.6000000,108.1000000,101176
11/07/18,000000,107.2300000,108.4500000,105.6100000,106.9900000,127526
12/07/18,000000,107.2600000,109.6400000,106.8000000,107.1300000,60357
13/07/18,000000,106.3100000,108.0000000,106.3100000,107.3100000,39271
16/07/18,000000,106.7200000,108.2500000,105.0500000,105.7900000,97162
17/07/18,000000,106.3100000,107.8200000,106.3100000,107.6800000,46442
18/07/18,000000,107.4700000,109.8100000,107.4700000,109.2600000,47521
19/07/18,000000,108.8400000,110.7575000,107.2100000,108.4900000,98928
20/07/18,000000,107.9300000,109.8600000,107.7500000,108.1800000,122682
23/07/18,000000,107.9600000,111.4400000,107.9600000,109.1100000,144515
24/07/18,000000,114.2200000,119.6600000,110.3000000,111.9900000,367673
25/07/18,000000,111.1200000,113.8100000,110.0000000,111.2500000,160363
26/07/18,000000,110.3300000,112.1300000,110.3300000,111.3100000,107874
27/07/18,000000,111.7600000,112.7900000,110.4850000,110.9800000,72449
30/07/18,000000,110.4000000,111.7500000,110.0200000,110.1800000,64752
31/07/18,000000,110.9700000,112.1300000,109.3300000,111.6200000,66823
01/08/18,000000,112.3000000,113.8400000,111.1800000,111.9900000,166997
02/08/18,000000,111.1800000,112.6100000,109.9175000,111.8100000,46740
03/08/18,000000,111.7000000,112.7000000,110.2700000,110.7900000,57120
06/08/18,000000,110.5200000,112.2400000,110.5200000,111.3700000,59518
07/08/18,000000,112.3500000,113.0600000,111.0300000,111.0800000,38117
08/08/18,000000,111.2900000,111.8900000,110.4400000,111.6300000,31224
09/08/18,000000,111.7000000,112.5500000,110.5500000,111.1600000,32767
10/08/18,000000,110.5300000,111.8150000,110.1600000,110.8800000,41998
13/08/18,000000,111.0600000,111.9500000,109.3500000,109.6900000,37449
14/08/18,000000,106.0000000,109.3400000,106.0000000,108.2800000,121692
15/08/18,000000,107.5800000,107.9900000,101.7600000,104.5400000,102957
16/08/18,000000,105.2800000,108.1200000,105.2800000,107.3300000,56629
17/08/18,000000,106.9800000,107.0000000,106.2100000,106.8300000,44610
20/08/18,000000,107.4200000,109.4250000,106.7200000,107.2300000,29172
21/08/18,000000,107.4800000,109.8800000,106.4900000,108.6200000,38982
22/08/18,000000,108.6100000,109.3000000,107.1100000,108.3600000,34603
23/08/18,000000,108.0000000,108.0000000,105.7900000,106.7200000,30004
24/08/18,000000,107.9600000,109.7300000,106.5100000,108.9800000,35017
27/08/18,000000,109.3800000,110.3500000,108.1700000,109.8800000,37787
28/08/18,000000,110.0000000,110.7000000,109.2400000,109.6550000,26829
29/08/18,000000,109.4600000,110.8500000,108.5000000,109.9700000,59643
30/08/18,000000,109.6300000,109.8400000,107.7400000,109.0800000,34477
31/08/18,000000,109.1700000,110.2900000,108.7450000,109.5900000,18216
04/09/18,000000,108.9700000,108.9700000,105.7200000,106.1100000,41095
05/09/18,000000,105.9400000,107.4800000,105.1000000,106.8902000,29215
06/09/18,000000,107.2800000,108.2700000,106.1600000,106.2000000,35176
07/09/18,000000,106.0500000,106.3400000,104.4900000,104.9400000,24068
10/09/18,000000,105.3200000,106.5000000,104.6900000,104.9100000,47039
11/09/18,000000,104.5100000,105.4600000,103.2700000,103.9800000,60338
12/09/18,000000,103.8300000,106.0550000,103.8300000,104.9300000,60217
13/09/18,000000,105.3700000,107.1600000,104.9900000,106.7300000,32519
14/09/18,000000,106.9700000,108.7400000,106.4100000,107.7200000,27654
17/09/18,000000,107.6600000,109.6200000,107.1200000,107.2800000,22931
18/09/18,000000,107.6300000,109.4400000,107.6300000,108.9500000,24912
19/09/18,000000,109.1900000,111.3700000,109.1900000,110.9900000,33521
20/09/18,000000,112.0000000,112.1700000,110.7100000,111.9900000,26315
21/09/18,000000,112.2000000,112.3900000,110.0600000,110.1600000,59702
24/09/18,000000,110.3800000,111.4200000,109.5000000,110.0000000,59681
25/09/18,000000,110.7600000,111.1350000,109.8500000,109.8800000,36806
26/09/18,000000,109.9700000,110.6400000,108.7100000,109.0500000,50987
27/09/18,000000,109.3300000,110.0300000,108.5000000,108.7100000,17338
28/09/18,000000,108.5500000,110.5500000,108.5500000,109.1200000,25409
01/10/18,000000,109.6600000,110.5500000,108.9000000,110.0900000,46024
02/10/18,000000,109.8400000,111.3800000,109.0600000,109.6500000,63058
03/10/18,000000,110.1500000,112.3300000,109.1500000,111.3600000,86304
04/10/18,000000,111.3100000,111.4500000,108.9600000,109.0000000,40111
05/10/18,000000,108.7100000,109.6250000,105.2800000,106.5500000,44775
08/10/18,000000,106.0900000,107.2800000,105.7700000,106.8750000,45197
09/10/18,000000,106.6100000,108.3500000,105.4100000,105.6800000,41000
10/10/18,000000,105.5200000,106.3500000,102.4700000,102.9700000,46788
11/10/18,000000,102.7800000,103.9400000,101.6600000,101.6600000,96814
12/10/18,000000,103.8600000,113.6600000,99.9800000,101.4000000,85213
15/10/18,000000,101.0700000,103.8700000,101.0700000,102.3300000,56216
16/10/18,000000,103.6600000,106.4300000,102.6000000,106.0000000,106888
17/10/18,000000,105.9200000,108.1593000,104.6900000,107.8100000,77429
18/10/18,000000,96.2000000,104.0000000,94.5050000,95.8100000,382375
19/10/18,000000,96.2400000,99.4600000,94.7500000,96.6300000,135634
22/10/18,000000,97.2500000,99.6300000,96.5000000,98.5000000,50235
23/10/18,000000,104.1200000,104.1200000,98.1600000,98.8000000,78499
24/10/18,000000,98.1100000,99.9650000,94.6750000,94.7800000,60013
25/10/18,000000,95.5200000,97.7200000,94.8400000,97.0300000,96673
26/10/18,000000,95.7800000,96.8499000,93.5400000,94.4400000,54115
29/10/18,000000,95.9100000,96.5250000,92.1800000,93.0100000,56933
30/10/18,000000,92.8100000,94.1900000,86.6200000,92.8300000,84879
31/10/18,000000,94.0600000,96.1100000,94.0300000,95.3500000,64928
01/11/18,000000,95.7600000,98.4600000,95.4600000,97.7400000,43919
02/11/18,000000,98.1900000,101.2300000,96.4200000,100.9300000,63917
05/11/18,000000,100.8700000,101.8100000,98.1400000,98.8800000,53801
06/11/18,000000,98.2900000,101.5100000,98.2900000,99.0900000,40721
07/11/18,000000,99.2200000,100.7800000,98.9400000,99.8200000,71158
08/11/18,000000,99.5000000,99.8800000,98.3400000,99.1400000,35927
09/11/18,000000,98.5000000,98.5350000,95.4300000,96.3000000,70005
12/11/18,000000,96.2800000,97.3800000,94.4800000,94.7000000,51175
13/11/18,000000,95.0900000,96.5100000,93.5800000,93.6200000,64765
14/11/18,000000,94.3700000,95.9875000,92.5800000,92.7800000,63602
15/11/18,000000,92.5400000,95.3600000,92.5000000,95.2200000,56792
16/11/18,000000,94.7300000,97.3100000,94.7300000,96.0100000,72470
19/11/18,000000,95.8500000,96.3200000,93.5500000,95.0800000,30457
20/11/18,000000,94.1700000,95.3600000,92.4500000,93.2000000,61127
21/11/18,000000,93.9300000,96.5650000,93.9300000,95.2000000,28865
23/11/18,000000,93.9900000,95.8400000,93.9900000,94.4400000,17610
26/11/18,000000,95.0600000,96.6500000,94.5100000,94.9300000,39094
27/11/18,000000,94.0600000,96.1277000,92.0400000,93.5400000,48526
28/11/18,000000,93.7300000,97.1800000,92.0500000,97.0500000,34832
29/11/18,000000,96.6200000,97.6300000,95.5600000,96.8400000,25890
30/11/18,000000,96.5200000,97.9300000,96.4500000,97.8500000,55584
03/12/18,000000,99.7700000,100.8500000,98.1600000,100.6500000,53490
04/12/18,000000,100.1700000,100.1700000,95.6703000,96.1600000,37786
06/12/18,000000,94.1100000,95.4700000,92.5600000,95.4700000,41709
07/12/18,000000,96.0300000,97.8500000,90.8000000,91.9500000,78944
10/12/18,000000,92.0700000,92.8000000,88.8150000,90.4100000,66117
11/12/18,000000,91.6900000,92.8700000,89.6000000,90.5500000,45910
12/12/18,000000,91.9500000,94.0700000,91.6500000,92.6100000,72439
13/12/18,000000,93.2400000,93.9450000,91.4700000,91.4700000,73088
14/12/18,000000,90.5200000,92.2900000,89.0300000,89.4300000,50546
17/12/18,000000,89.4700000,93.9000000,89.4700000,91.8300000,69375
18/12/18,000000,92.7100000,93.5700000,90.8500000,90.9500000,58713
19/12/18,000000,90.8400000,91.9500000,86.9500000,87.6400000,100505
20/12/18,000000,87.8000000,89.5350000,85.9500000,86.3800000,78169
21/12/18,000000,86.6000000,87.8775000,84.5250000,84.7500000,80654
24/12/18,000000,85.1000000,86.0200000,83.5250000,83.7600000,71240
26/12/18,000000,84.5900000,88.2050000,83.2900000,88.1500000,131144
27/12/18,000000,86.5500000,89.2000000,85.8005000,89.2000000,120408
28/12/18,000000,89.2100000,91.3300000,88.1600000,89.4300000,44010
31/12/18,000000,90.0600000,90.6000000,88.9903000,89.3000000,83246
02/01/19,000000,87.8000000,90.7000000,87.2600000,89.1200000,55053
03/01/19,000000,88.7800000,90.0950000,87.5100000,88.0400000,80133
04/01/19,000000,89.4500000,93.3300000,89.0300000,93.1900000,99180
07/01/19,000000,93.2400000,93.6000000,91.5000000,92.9700000,88217
08/01/19,000000,93.4300000,95.4450000,93.2800000,94.5500000,45949
09/01/19,000000,94.5500000,97.9100000,93.5900000,95.0100000,88214
10/01/19,000000,94.3000000,95.4890000,94.1400000,95.1700000,79794
11/01/19,000000,94.7100000,96.2300000,94.0200000,95.9500000,30880
14/01/19,000000,95.2700000,96.3400000,94.6600000,94.9200000,49844
15/01/19,000000,95.4900000,95.5595000,93.7200000,94.2400000,57382
16/01/19,000000,94.4100000,98.0000000,94.4100000,98.0000000,54482
17/01/19,000000,96.9100000,100.5200000,96.9100000,98.2400000,75248
18/01/19,000000,99.4400000,101.3000000,98.7450000,100.7200000,53763
22/01/19,000000,99.7500000,99.9650000,96.0300000,96.5300000,103190
23/01/19,000000,96.9000000,98.2500000,95.7800000,96.2300000,67956
24/01/19,000000,95.2100000,95.8400000,94.8850000,95.0800000,56915
25/01/19,000000,95.6700000,97.9400000,95.6700000,96.8300000,55638
28/01/19,000000,95.4900000,96.2150000,95.0000000,95.4900000,84000
29/01/19,000000,96.1100000,98.2600000,96.0800000,97.0000000,60311
30/01/19,000000,97.8300000,100.1200000,97.2300000,99.4800000,80896
31/01/19,000000,98.6700000,101.4800000,98.6700000,100.3800000,53934
01/02/19,000000,99.8200000,101.7450000,99.7300000,100.4700000,109188
04/02/19,000000,100.3900000,102.3700000,100.2500000,102.0800000,87336
05/02/19,000000,101.8800000,103.7500000,101.0600000,101.6500000,115356
06/02/19,000000,101.6200000,103.2100000,101.3900000,101.3900000,66955
07/02/19,000000,100.6500000,100.9100000,98.6000000,99.2100000,71003
08/02/19,000000,99.1700000,100.1800000,98.2550000,99.6300000,90155
11/02/19,000000,99.6200000,100.5550000,98.9000000,100.1900000,68071
12/02/19,000000,100.5900000,102.2000000,100.3800000,102.0000000,78607
13/02/19,000000,102.6300000,103.9300000,100.9500000,102.2300000,89555
14/02/19,000000,101.6100000,102.3700000,100.9900000,101.4200000,60527
15/02/19,000000,102.3800000,104.4750000,101.8300000,104.1200000,56777
19/02/19,000000,103.7100000,108.2800000,103.7100000,107.0700000,88363
20/02/19,000000,107.3900000,110.3500000,107.3900000,109.6579000,88421
21/02/19,000000,114.9900000,114.9900000,108.4200000,110.0000000,150824
22/02/19,000000,111.0300000,111.9900000,106.1000000,108.1300000,107748
25/02/19,000000,108.3400000,112.0800000,107.7600000,111.9900000,109185
26/02/19,000000,111.6900000,112.8800000,111.0200000,112.4100000,68113
27/02/19,000000,111.9500000,112.3900000,110.3700000,112.3500000,83424
28/02/19,000000,111.8300000,111.8300000,109.4700000,109.4900000,60549
01/03/19,000000,110.2700000,111.1200000,108.7200000,108.8700000,53209
04/03/19,000000,108.9700000,109.3800000,107.6400000,109.2900000,64817
05/03/19,000000,109.1200000,110.0000000,107.8000000,108.7100000,35955
06/03/19,000000,108.5000000,108.8800000,105.4700000,106.5100000,79959
07/03/19,000000,106.5100000,106.7000000,104.9100000,104.9100000,69258
08/03/19,000000,103.0100000,104.5000000,101.6500000,103.1800000,81818
11/03/19,000000,103.3500000,105.1450000,102.1300000,105.1400000,90763
12/03/19,000000,105.1200000,106.2600000,104.6100000,105.2700000,74419
13/03/19,000000,105.8400000,106.2500000,104.7300000,104.8900000,65709
14/03/19,000000,104.6300000,105.3000000,103.9100000,104.0200000,96429
15/03/19,000000,104.0200000,105.6300000,103.2100000,103.9900000,90263
18/03/19,000000,104.2500000,105.4200000,103.5000000,104.5000000,126018
19/03/19,000000,105.4800000,105.9000000,103.7500000,104.3100000,51334
20/03/19,000000,104.1900000,107.1552000,103.1700000,106.4600000,173012
21/03/19,000000,106.2100000,107.9100000,105.5200000,106.6800000,91921
22/03/19,000000,105.8400000,106.4244000,102.7700000,103.3200000,97342
25/03/19,000000,103.2900000,104.4800000,102.0900000,102.8100000,62182
26/03/19,000000,103.4600000,104.1100000,102.5500000,103.6200000,72911
27/03/19,000000,103.3800000,103.8500000,102.5400000,103.2800000,41817
28/03/19,000000,103.3800000,104.0175000,102.3900000,103.4100000,28159
29/03/19,000000,103.9500000,105.0850000,103.5000000,104.6600000,66614
01/04/19,000000,106.0300000,106.7500000,105.6100000,105.8500000,38356
02/04/19,000000,105.9200000,106.9500000,105.0600000,106.8400000,43685
03/04/19,000000,107.5400000,111.0800000,107.0000000,107.5500000,23917
04/04/19,000000,107.2700000,108.8500000,107.1450000,108.7600000,25006
05/04/19,000000,108.5100000,109.4900000,108.3300000,108.8100000,33179
08/04/19,000000,108.6500000,108.6500000,105.6600000,106.3200000,135777
09/04/19,000000,105.4300000,105.7700000,104.2000000,104.6800000,91433
10/04/19,000000,104.8600000,106.2600000,104.2200000,106.1700000,49135
11/04/19,000000,106.3300000,106.5000000,105.1800000,105.3500000,55559
12/04/19,000000,106.2100000,107.0000000,105.8500000,105.8900000,52558
15/04/19,000000,105.8400000,106.1075000,104.9900000,105.2000000,36109
16/04/19,000000,105.4100000,106.4900000,104.6700000,105.5000000,57289
17/04/19,000000,105.9900000,106.7950000,105.7500000,106.3700000,60491
18/04/19,000000,105.9800000,106.3250000,104.4300000,105.6600000,44556
22/04/19,000000,105.6000000,106.3296000,104.3800000,105.5700000,83830
23/04/19,000000,105.3000000,107.8100000,105.3000000,107.6500000,88247
24/04/19,000000,92.0000000,108.3500000,92.0000000,99.0600000,146275
25/04/19,000000,98.7500000,98.9850000,96.7900000,96.9100000,69738
26/04/19,000000,97.0800000,98.5000000,96.2100000,97.9000000,44214
29/04/19,000000,97.4400000,98.4500000,96.0700000,96.8700000,59661
30/04/19,000000,97.2200000,98.6100000,96.5301000,98.3800000,64583
01/05/19,000000,98.5100000,98.9500000,96.2200000,96.2500000,42193
02/05/19,000000,95.7600000,97.6200000,94.5600000,96.6400000,26228
03/05/19,000000,97.1900000,99.3200000,97.1900000,98.8500000,52826
06/05/19,000000,97.1100000,98.4400000,96.8300000,97.7000000,47681
07/05/19,000000,96.7800000,97.8100000,95.1100000,96.2900000,49552
08/05/19,000000,95.8500000,97.3825000,95.5100000,95.7400000,26185
09/05/19,000000,94.8700000,95.9100000,93.1900000,95.3550000,26412
10/05/19,000000,95.2100000,96.7700000,94.5600000,96.7100000,28219
13/05/19,000000,94.7400000,95.2900000,92.1400000,93.1500000,52203
14/05/19,000000,93.7000000,95.1000000,93.1000000,94.2400000,19908
15/05/19,000000,93.4600000,94.6200000,93.1500000,94.0600000,21544
16/05/19,000000,94.4500000,95.4600000,93.1400000,94.2000000,28734
17/05/19,000000,93.4600000,94.1600000,92.3800000,92.8100000,29270
20/05/19,000000,92.0800000,93.1700000,91.6000000,92.4100000,25808
21/05/19,000000,92.6000000,94.4300000,92.1400000,93.8600000,27786
22/05/19,000000,93.2800000,95.5400000,92.0650000,93.1000000,47376
23/05/19,000000,92.0800000,93.2350000,90.1800000,91.1900000,43722
24/05/19,000000,91.8300000,92.7100000,90.5600000,91.9700000,30802
28/05/19,000000,92.1700000,92.8200000,91.0000000,91.4100000,40503
29/05/19,000000,90.8600000,91.9800000,90.3200000,91.5900000,30736
30/05/19,000000,91.6600000,92.1480000,89.8700000,90.7000000,48016
31/05/19,000000,89.7000000,90.3000000,88.3300000,89.1200000,35379
03/06/19,000000,89.1100000,91.2700000,89.1100000,90.5600000,31229
04/06/19,000000,91.6600000,92.7900000,90.4800000,92.1700000,35917
05/06/19,000000,92.4300000,93.4300000,90.5500000,91.5100000,33344
06/06/19,000000,91.7300000,94.6312000,89.9400000,91.1100000,47875
07/06/19,000000,91.6900000,92.1523000,90.1100000,91.3600000,31187
10/06/19,000000,91.7400000,93.0350000,91.3400000,91.4300000,45304
11/06/19,000000,92.4000000,93.0800000,91.5000000,92.1700000,64296
12/06/19,000000,91.7000000,92.4900000,91.5100000,92.1500000,40716
13/06/19,000000,92.6000000,94.7850000,92.6000000,94.5500000,39228
14/06/19,000000,93.9700000,94.4750000,91.9200000,92.2200000,60718
17/06/19,000000,92.4100000,96.4700000,92.4100000,95.9100000,86329
18/06/19,000000,96.6200000,100.9400000,96.6200000,97.1000000,56437
19/06/19,000000,97.1200000,99.1000000,96.0700000,96.7600000,58839
20/06/19,000000,98.4300000,99.4000000,97.1550000,97.4600000,63566
21/06/19,000000,97.1900000,98.7100000,95.9700000,96.5600000,50809
24/06/19,000000,96.6700000,96.7270000,94.9300000,95.0000000,23796
25/06/19,000000,95.0700000,96.6300000,94.9200000,95.8900000,39990
26/06/19,000000,96.2100000,96.7900000,95.1000000,96.3300000,25756
27/06/19,000000,96.6500000,97.1800000,96.1300000,97.1500000,28593
28/06/19,000000,97.3400000,97.8400000,96.7300000,97.6100000,61022
01/07/19,000000,97.8800000,99.6400000,96.4200000,96.8700000,37453
02/07/19,000000,96.6400000,96.6400000,95.0500000,95.6100000,38071
03/07/19,000000,95.8000000,96.7550000,94.0800000,94.9600000,26816
05/07/19,000000,94.1600000,96.5500000,94.1600000,96.5000000,28899
08/07/19,000000,96.3800000,96.6400000,93.8300000,93.9500000,23828
09/07/19,000000,93.3900000,96.4350000,90.6300000,91.7100000,55670
10/07/19,000000,92.5800000,94.0750000,92.0000000,92.1100000,82511
11/07/19,000000,92.6400000,93.0200000,91.2600000,92.9900000,82243
12/07/19,000000,93.3900000,94.2300000,92.9400000,93.9900000,54259
15/07/19,000000,94.5800000,94.9600000,92.7600000,94.9300000,38956
16/07/19,000000,95.2700000,97.1300000,95.2700000,96.0700000,43726
17/07/19,000000,96.4100000,98.1950000,94.9200000,95.3600000,48342
18/07/19,000000,94.9200000,95.7800000,94.1100000,95.1000000,40589
19/07/19,000000,95.0200000,97.1200000,95.0200000,95.5900000,30440
22/07/19,000000,95.7000000,96.8300000,93.0250000,96.3400000,39751
23/07/19,000000,96.3000000,96.6900000,94.8700000,95.3800000,43441
24/07/19,000000,94.6200000,96.8600000,93.8400000,96.3000000,95399
25/07/19,000000,97.4900000,97.4900000,92.1938000,95.5000000,102100
26/07/19,000000,96.2600000,96.9000000,95.7800000,96.4500000,97375
29/07/19,000000,96.4600000,97.4050000,96.0900000,96.4500000,113670
30/07/19,000000,96.0400000,96.7700000,95.5000000,95.9900000,82251
31/07/19,000000,96.0000000,97.4700000,95.3400000,96.3500000,140410
01/08/19,000000,95.7100000,97.1100000,94.8900000,95.3100000,156493
02/08/19,000000,94.6500000,95.0300000,93.4000000,94.0750000,67882
05/08/19,000000,92.6600000,93.1600000,90.9700000,91.6300000,85931
06/08/19,000000,91.9300000,93.2972000,90.6000000,91.8000000,60907
07/08/19,000000,90.5700000,91.8300000,90.5200000,91.7450000,57424
08/08/19,000000,91.8700000,94.5200000,90.3307000,94.2100000,37189
09/08/19,000000,95.3600000,95.6100000,92.9900000,93.8000000,46993
12/08/19,000000,93.7000000,93.7000000,92.7100000,92.9900000,57704
13/08/19,000000,93.0800000,96.4100000,92.9200000,95.1800000,56958
14/08/19,000000,93.9500000,94.0725000,91.5900000,91.7800000,112768
15/08/19,000000,91.5600000,91.8800000,89.1000000,89.1600000,96506
16/08/19,000000,89.7500000,92.0000000,89.7500000,90.9750000,53814
19/08/19,000000,91.7500000,93.0700000,91.6700000,92.6600000,53633
20/08/19,000000,92.4900000,92.7900000,91.0600000,91.1850000,35844
21/08/19,000000,91.8000000,91.8000000,90.3950000,90.6900000,48896
22/08/19,000000,91.1200000,91.1400000,89.7500000,89.9100000,41676
23/08/19,000000,89.7500000,89.8200000,86.0800000,86.3800000,45192
26/08/19,000000,87.1300000,87.5800000,86.2300000,86.8100000,51829
27/08/19,000000,87.3600000,87.5300000,85.7200000,85.7400000,41164
28/08/19,000000,85.6100000,88.6600000,85.0400000,87.6700000,43310
29/08/19,000000,88.3900000,89.7500000,88.1200000,88.3700000,31856
30/08/19,000000,88.9900000,89.3200000,87.8600000,88.4100000,31822
03/09/19,000000,87.5600000,87.6700000,85.9100000,87.4100000,50351
04/09/19,000000,88.5100000,88.9900000,87.5700000,88.0200000,20738
05/09/19,000000,89.1200000,92.2200000,88.9950000,91.6200000,64698
06/09/19,000000,91.7500000,93.0000000,91.2100000,92.5000000,45284
09/09/19,000000,92.6400000,95.1800000,92.6400000,95.1600000,67958
10/09/19,000000,95.1200000,98.9000000,93.9900000,98.6100000,97147
11/09/19,000000,98.9900000,101.4900000,97.0400000,99.9100000,102100
12/09/19,000000,100.6800000,100.6800000,97.7000000,99.6600000,62344
13/09/19,000000,100.5700000,101.6650000,99.3100000,99.7100000,66407
16/09/19,000000,99.7600000,100.0200000,98.7650000,99.6400000,61386
17/09/19,000000,99.1400000,100.0200000,98.4450000,100.0200000,56474
18/09/19,000000,100.0800000,101.1600000,98.9000000,99.5250000,94077
19/09/19,000000,99.7000000,100.4200000,97.6100000,97.6300000,93177
20/09/19,000000,97.7700000,98.1050000,96.2300000,97.2600000,101420
23/09/19,000000,96.8500000,98.9800000,96.4650000,98.0000000,43036
24/09/19,000000,98.1900000,98.2300000,93.2400000,94.6700000,67404
25/09/19,000000,94.7800000,99.1600000,93.7400000,98.9600000,67061
26/09/19,000000,98.6200000,99.2200000,97.4500000,98.5200000,61859
27/09/19,000000,98.5200000,99.5750000,98.1150000,98.9800000,44752
30/09/19,000000,98.8100000,99.8400000,98.8100000,98.9500000,70875
01/10/19,000000,98.6500000,101.4350000,97.8700000,98.2800000,76567
02/10/19,000000,97.5600000,97.7300000,96.0100000,97.3600000,79061
03/10/19,000000,96.7200000,97.6300000,95.9650000,97.1300000,72077
04/10/19,000000,96.7300000,98.1300000,96.3800000,98.0600000,38530
07/10/19,000000,97.5900000,98.3600000,96.9400000,97.1400000,21438
08/10/19,000000,96.3800000,97.1700000,95.5300000,96.8600000,58795
09/10/19,000000,97.2300000,98.4800000,95.5400000,96.5200000,48878
10/10/19,000000,97.1400000,98.5000000,97.0300000,97.1400000,37354
11/10/19,000000,98.1600000,101.2000000,97.4500000,99.6800000,44726
14/10/19,000000,99.0500000,99.0900000,97.3600000,97.8900000,42791
15/10/19,000000,97.7200000,100.2600000,96.6200000,98.8300000,60892
16/10/19,000000,98.5000000,98.9650000,96.5900000,97.5200000,47362
17/10/19,000000,98.1600000,100.0550000,97.4300000,98.6200000,41310
18/10/19,000000,98.5800000,99.1900000,97.6800000,98.1500000,41828
21/10/19,000000,98.8800000,99.6100000,97.7600000,98.1400000,58634
22/10/19,000000,97.9800000,99.7812000,97.9800000,98.5600000,63011
23/10/19,000000,98.4700000,99.4400000,97.6900000,98.3300000,74032
24/10/19,000000,98.0800000,107.6700000,96.0800000,100.7600000,201110
25/10/19,000000,100.3200000,101.4800000,98.2839000,100.8900000,136077
28/10/19,000000,101.8800000,109.5100000,101.8800000,108.5900000,129470
29/10/19,000000,108.0100000,109.9750000,107.7900000,109.8900000,75735
30/10/19,000000,109.9900000,109.9900000,107.3600000,108.6600000,93416
31/10/19,000000,107.6100000,109.4000000,104.9700000,107.1100000,72664
01/11/19,000000,107.3700000,109.7050000,107.3700000,108.6400000,54590
04/11/19,000000,109.5900000,111.4600000,108.7800000,111.3300000,69796
05/11/19,000000,112.0300000,113.6600000,111.5400000,112.9400000,45570
06/11/19,000000,112.5700000,113.5900000,110.9800000,111.0900000,66047
07/11/19,000000,112.3200000,113.3500000,111.2700000,112.0400000,54597
08/11/19,000000,111.6300000,112.7700000,110.8400000,112.3000000,47405
11/11/19,000000,111.4100000,112.0300000,110.7900000,111.8400000,25684
12/11/19,000000,111.7300000,112.3800000,110.6600000,111.1500000,33231
13/11/19,000000,110.3000000,111.1500000,109.6700000,110.4800000,39199
14/11/19,000000,110.3000000,110.8200000,108.7700000,108.9800000,32374
15/11/19,000000,109.6900000,110.5000000,108.6450000,109.2500000,29726
18/11/19,000000,108.4600000,110.0000000,108.4600000,110.0000000,23181
19/11/19,000000,110.2800000,110.2800000,108.2600000,108.3800000,91526
20/11/19,000000,107.7700000,109.2800000,106.7700000,107.5800000,45618
21/11/19,000000,107.2500000,108.1300000,106.7200000,107.4900000,29970
22/11/19,000000,107.8800000,108.6894000,107.2600000,107.2600000,48359
25/11/19,000000,107.4900000,109.7400000,107.0800000,108.7800000,46869
26/11/19,000000,108.8100000,110.0000000,107.0600000,109.2100000,50464
27/11/19,000000,109.4100000,110.5400000,109.1500000,110.4500000,25940
29/11/19,000000,109.8000000,110.2800000,109.0600000,109.5800000,14707
02/12/19,000000,109.5400000,110.2200000,107.4150000,108.2800000,55208
03/12/19,000000,107.2200000,107.2500000,105.3600000,106.9400000,57760
04/12/19,000000,107.2800000,109.0300000,107.2800000,108.6600000,50498
05/12/19,000000,108.3500000,109.4950000,107.9800000,109.3000000,58036
06/12/19,000000,110.3400000,112.3900000,109.4300000,111.2500000,48133
09/12/19,000000,111.0700000,112.8700000,111.0700000,111.8300000,40899
10/12/19,000000,111.4400000,113.1700000,111.4400000,112.7700000,29343
11/12/19,000000,113.2300000,114.1200000,113.0100000,113.6200000,33173
12/12/19,000000,113.1000000,115.2200000,112.6200000,115.1900000,53214
13/12/19,000000,115.0900000,115.2150000,113.9813000,115.1100000,75518
16/12/19,000000,115.5100000,115.6700000,114.1700000,115.0800000,122271
17/12/19,000000,115.1500000,117.0600000,113.1650000,116.2500000,108153
18/12/19,000000,116.3800000,116.3800000,111.5000000,112.6600000,87581
19/12/19,000000,112.5800000,112.9750000,111.3000000,112.2600000,98617
20/12/19,000000,112.2100000,112.6400000,110.9700000,111.3900000,63475
23/12/19,000000,112.0000000,112.2500000,110.3000000,111.5900000,51734
24/12/19,000000,111.6500000,112.5900000,111.0800000,111.6800000,20383
26/12/19,000000,111.8300000,112.6700000,110.8650000,111.6700000,25552
27/12/19,000000,112.0900000,112.8950000,110.6200000,111.8100000,32902
30/12/19,000000,111.7300000,112.4200000,111.5400000,112.0400000,31537
31/12/19,000000,111.5500000,112.0000000,110.8900000,110.8900000,20628
02/01/20,000000,110.8800000,111.6900000,110.6800000,111.2350000,6202
03/01/20,000000,109.4200000,111.2700000,109.4200000,111.2000000,5000
06/01/20,000000,109.8900000,110.7100000,109.3100000,109.4600000,5400
07/01/20,000000,109.0200000,109.4400000,108.4500000,109.2800000,2640
08/01/20,000000,108.2700000,108.8500000,107.6100000,107.6100000,2600
09/01/20,000000,107.3750000,107.7900000,106.9200000,107.4100000,2400
10/01/20,000000,107.2200000,107.4100000,105.5300000,105.8900000,3400
13/01/20,000000,106.4000000,109.2600000,106.4000000,108.7200000,8900
14/01/20,000000,107.4500000,107.8400000,106.7400000,106.8000000,2800
15/01/20,000000,106.9200000,107.8600000,105.9800000,106.4200000,3400
16/01/20,000000,107.0700000,107.5400000,106.1700000,106.1800000,2600
17/01/20,000000,106.1700000,106.9800000,104.6900000,104.8000000,3594
21/01/20,000000,103.9600000,103.9600000,101.6800000,102.7200000,6404
22/01/20,000000,102.4900000,102.5000000,100.2900000,101.1300000,5300
23/01/20,000000,98.6000000,101.9400000,98.6000000,101.8800000,8669
24/01/20,000000,100.7600000,101.6900000,100.6000000,101.6400000,7300
27/01/20,000000,100.2100000,101.0200000,99.7800000,100.8100000,3900
28/01/20,000000,101.3300000,102.0800000,100.7600000,100.9400000,8000
29/01/20,000000,101.8800000,104.9200000,101.4600000,104.3300000,7532
30/01/20,000000,103.8700000,103.8700000,101.6200000,103.3900000,2800
31/01/20,000000,102.3100000,102.3100000,100.0000000,100.1400000,5800
03/02/20,000000,100.7100000,101.4600000,100.4600000,100.4600000,2900
04/02/20,000000,101.7900000,102.8800000,101.7900000,102.0100000,6104
05/02/20,000000,103.5600000,105.7100000,103.5600000,105.0100000,5286
06/02/20,000000,105.1900000,107.8900000,105.1900000,107.4000000,4000
07/02/20,000000,106.1200000,106.3400000,103.4900000,104.0700000,2900
10/02/20,000000,103.9500000,104.0700000,103.0900000,103.3500000,2000
11/02/20,000000,106.2800000,106.5100000,104.8400000,105.1200000,3700
12/02/20,000000,106.1300000,106.1300000,101.7900000,102.1600000,8363
13/02/20,000000,102.4700000,103.6000000,101.8700000,103.6000000,1300
14/02/20,000000,102.3800000,103.1300000,102.3300000,103.1300000,4400
18/02/20,000000,103.3400000,104.4200000,103.0900000,104.2400000,10900
19/02/20,000000,104.9300000,105.8000000,102.2600000,102.6500000,7161
20/02/20,000000,107.7200000,111.6300000,106.2800000,107.4700000,7480
21/02/20,000000,106.3300000,107.2000000,104.7700000,104.8500000,5200
24/02/20,000000,102.5000000,104.4700000,102.2600000,104.2900000,4500
25/02/20,000000,105.6600000,106.9900000,102.8000000,103.3800000,13456
26/02/20,000000,104.0800000,105.7700000,102.2400000,102.4600000,3250
27/02/20,000000,99.1800000,100.6200000,96.8600000,97.1800000,2900
28/02/20,000000,94.7500000,98.2050000,93.5500000,94.5300000,5287
02/03/20,000000,95.0000000,97.8800000,94.9850000,97.8700000,3600
03/03/20,000000,97.6000000,100.4000000,95.1400000,96.8000000,3223
04/03/20,000000,97.8900000,99.3500000,97.2500000,99.1700000,7500
05/03/20,000000,96.1200000,96.1900000,92.4100000,93.1200000,3300
06/03/20,000000,91.3550000,92.4400000,87.9200000,89.4900000,6770
09/03/20,000000,82.3100000,83.5300000,79.3900000,80.4500000,8359
10/03/20,000000,81.6900000,87.8950000,81.6900000,87.4500000,8700
11/03/20,000000,85.0500000,85.0500000,80.7300000,82.5700000,11951
12/03/20,000000,75.0500000,78.4500000,74.6400000,74.8200000,4556
13/03/20,000000,77.6600000,84.3400000,75.2600000,84.3400000,6700
16/03/20,000000,79.0000000,79.3900000,70.0100000,70.6900000,7353
17/03/20,000000,72.5400000,72.5400000,68.1600000,70.6100000,10745
18/03/20,000000,67.8400000,67.8400000,62.3200000,63.9000000,12870
19/03/20,000000,62.1700000,66.5600000,61.9100000,62.8500000,3099
20/03/20,000000,62.2700000,64.4550000,54.6100000,56.1100000,10403
23/03/20,000000,55.7100000,57.5500000,55.2500000,57.0200000,11633
24/03/20,000000,60.7600000,63.3700000,60.7600000,62.5800000,20471
25/03/20,000000,63.2500000,64.0800000,60.3900000,62.7050000,20394
26/03/20,000000,64.0000000,67.7200000,63.9900000,66.7800000,16441
27/03/20,000000,63.2400000,69.2200000,63.2400000,67.9700000,17606
30/03/20,000000,68.0300000,69.7800000,67.2900000,68.4200000,9014
31/03/20,000000,68.9000000,71.4600000,67.6100000,69.1200000,9000
01/04/20,000000,67.6600000,67.6600000,62.3500000,63.2100000,10595
02/04/20,000000,64.5000000,66.3500000,61.2600000,63.6100000,7126
03/04/20,000000,63.5400000,63.9600000,59.0100000,60.1800000,9626
06/04/20,000000,65.7500000,65.8400000,64.3200000,65.1500000,7459
07/04/20,000000,68.4500000,69.9400000,64.5800000,65.4300000,12469
08/04/20,000000,66.8200000,73.0350000,66.6100000,72.1300000,12823
09/04/20,000000,76.5500000,76.5500000,73.5600000,73.9200000,11205
13/04/20,000000,73.1600000,73.9200000,71.0900000,72.4700000,8078
14/04/20,000000,74.9100000,75.2400000,73.8500000,75.0800000,13992
15/04/20,000000,71.0600000,72.5200000,71.0000000,72.2100000,13735
16/04/20,000000,72.0300000,72.6800000,71.3500000,72.5300000,14637
17/04/20,000000,75.4100000,75.7000000,74.5500000,75.5200000,10541
20/04/20,000000,79.4200000,79.4200000,75.7400000,77.6300000,25642
21/04/20,000000,73.2200000,75.9250000,72.6500000,73.0100000,13157
22/04/20,000000,73.6000000,74.7000000,73.2350000,73.7200000,9858
23/04/20,000000,73.8400000,75.4400000,72.2800000,72.6100000,7019
24/04/20,000000,73.8000000,73.8000000,71.5200000,71.5200000,3900
27/04/20,000000,71.6400000,73.5400000,71.6400000,72.6900000,6616
28/04/20,000000,72.9200000,74.9800000,71.4900000,71.8100000,10202
29/04/20,000000,73.7700000,78.6000000,73.7700000,77.9900000,11449
30/04/20,000000,74.6100000,74.7100000,72.0400000,72.1100000,3000
01/05/20,000000,70.8900000,71.1600000,66.4100000,67.2800000,9093
04/05/20,000000,66.5600000,67.6200000,65.5500000,65.7500000,5900
05/05/20,000000,67.0300000,68.2500000,66.6900000,67.1700000,6932
06/05/20,000000,66.2700000,67.1700000,64.5800000,64.6500000,6600
07/05/20,000000,66.8200000,66.8200000,64.5200000,64.8100000,6600
08/05/20,000000,67.0100000,69.4300000,66.8900000,69.4300000,5089
11/05/20,000000,67.5200000,67.5200000,65.1200000,66.0500000,8865
12/05/20,000000,65.8600000,65.8600000,62.6500000,62.7500000,7500
13/05/20,000000,61.8200000,61.8300000,59.4000000,59.7800000,5516
14/05/20,000000,58.0700000,59.5550000,57.0500000,58.3950000,9791
15/05/20,000000,57.8600000,59.5300000,57.4400000,58.8800000,9794
18/05/20,000000,64.4500000,67.6800000,64.2100000,67.2300000,9590
19/05/20,000000,65.6900000,66.1300000,64.6000000,64.6400000,5900
20/05/20,000000,66.4800000,66.6200000,65.2200000,66.6200000,9745
21/05/20,000000,67.2900000,67.6200000,66.0700000,66.1100000,4086
22/05/20,000000,65.2300000,66.3600000,64.3400000,66.3600000,2900
26/05/20,000000,69.4500000,71.1100000,69.2400000,70.7000000,5300
27/05/20,000000,74.7800000,76.1200000,72.2800000,76.1000000,8344
28/05/20,000000,76.3100000,76.7300000,73.7100000,74.5500000,8112
29/05/20,000000,73.1000000,73.1000000,70.8200000,71.7800000,8567
01/06/20,000000,72.7000000,73.1200000,72.5300000,72.8300000,1100
02/06/20,000000,74.2200000,74.8300000,74.2200000,74.8050000,2500
03/06/20,000000,76.2500000,80.5000000,76.2500000,78.4700000,5161
04/06/20,000000,77.6300000,79.9600000,77.5700000,79.7400000,3347
05/06/20,000000,82.9000000,86.5600000,80.9300000,84.8600000,8757
08/06/20,000000,86.6800000,86.6800000,84.7000000,85.6900000,3580
09/06/20,000000,84.0100000,84.0100000,82.2400000,82.5900000,3160
10/06/20,000000,81.8300000,81.8300000,79.2300000,79.3250000,2918
11/06/20,000000,75.0100000,75.0100000,69.3900000,69.7600000,3402
12/06/20,000000,72.8200000,73.6700000,71.0300000,73.4000000,5653
15/06/20,000000,70.9200000,75.5200000,70.9200000,75.1400000,3200
16/06/20,000000,79.4200000,79.4200000,77.3000000,77.7400000,2500
17/06/20,000000,77.1700000,77.2300000,76.0200000,76.0200000,2400
18/06/20,000000,74.3700000,75.9400000,74.3500000,74.6500000,1004
19/06/20,000000,75.4300000,75.4300000,73.0500000,73.6400000,1000
22/06/20,000000,73.7700000,74.7900000,73.7300000,74.0000000,3006
23/06/20,000000,75.3800000,75.3800000,73.6300000,74.4800000,1974
24/06/20,000000,72.7700000,73.3800000,70.3600000,70.4600000,4900
25/06/20,000000,70.8800000,71.2500000,69.3700000,71.2500000,1922
26/06/20,000000,68.9400000,69.7600000,68.4600000,68.8100000,2200
29/06/20,000000,71.2950000,73.5600000,71.2950000,73.2800000,3714
30/06/20,000000,72.8200000,73.9200000,72.8200000,73.4400000,2700
01/07/20,000000,72.7600000,72.7600000,70.6400000,70.6550000,1096
02/07/20,000000,72.5100000,73.2700000,70.1500000,70.1500000,2887
06/07/20,000000,71.4100000,71.8500000,69.8400000,71.1400000,3036
07/07/20,000000,70.0300000,70.8300000,68.7900000,68.8200000,1910
08/07/20,000000,69.7900000,69.8200000,67.5100000,68.6600000,2229
09/07/20,000000,67.9700000,67.9700000,65.0800000,65.3500000,5705
10/07/20,000000,65.6300000,68.3800000,65.6300000,68.2800000,1500
13/07/20,000000,68.4800000,69.2400000,67.8900000,68.1000000,1800
14/07/20,000000,68.3700000,68.9800000,66.9500000,67.6900000,2354
15/07/20,000000,68.9100000,69.4400000,68.0000000,69.2900000,4591
16/07/20,000000,69.0700000,69.9600000,69.0400000,69.7500000,3399
17/07/20,000000,70.7300000,70.7300000,68.3100000,68.6500000,2200
20/07/20,000000,67.3300000,68.3200000,66.9300000,68.1800000,2753
21/07/20,000000,69.2500000,71.2000000,68.7000000,71.0100000,4225
22/07/20,000000,70.8700000,72.5900000,70.7300000,71.9800000,6476
23/07/20,000000,72.0000000,72.0000000,67.5300000,67.8700000,6279
24/07/20,000000,67.7400000,67.7400000,65.6600000,66.0600000,4300
27/07/20,000000,66.5200000,66.9900000,66.3900000,66.9900000,3100
28/07/20,000000,66.5200000,67.0100000,65.8400000,65.8400000,2393
29/07/20,000000,66.0000000,66.0200000,63.9900000,64.0900000,3407
30/07/20,000000,63.2600000,63.7300000,62.0000000,63.3400000,3200
31/07/20,000000,62.9600000,62.9600000,61.5200000,61.8500000,7411
03/08/20,000000,61.7900000,63.1900000,61.6400000,62.8250000,5003
04/08/20,000000,62.4300000,62.8900000,62.3700000,62.4900000,2000
05/08/20,000000,63.5500000,65.6900000,63.5500000,64.8300000,11024
06/08/20,000000,64.3900000,66.5600000,64.2600000,66.1000000,4278
07/08/20,000000,64.6600000,66.6600000,64.6600000,66.6600000,2068
10/08/20,000000,67.7000000,70.7400000,67.7000000,69.1500000,5276
11/08/20,000000,71.1300000,71.9500000,71.1300000,71.3000000,10312
12/08/20,000000,71.3500000,71.3500000,69.6100000,70.0500000,1000
13/08/20,000000,67.6500000,67.8000000,66.9900000,67.2600000,1200
14/08/20,000000,66.6900000,66.9600000,66.1300000,66.3300000,1700
17/08/20,000000,66.6700000,67.4600000,66.6200000,67.3900000,1200
18/08/20,000000,67.5000000,67.5300000,66.4400000,66.4400000,1400
19/08/20,000000,67.2100000,67.2100000,65.9600000,65.9600000,1900
20/08/20,000000,65.0000000,65.5900000,64.2100000,65.4900000,2134
21/08/20,000000,64.5600000,65.0600000,63.7200000,63.8700000,2738
24/08/20,000000,64.3700000,65.8900000,64.3700000,65.8700000,3238
25/08/20,000000,66.2900000,66.4100000,65.9600000,65.9700000,700
26/08/20,000000,65.8800000,65.8800000,64.6700000,65.1200000,1300
27/08/20,000000,66.0200000,66.4700000,64.5000000,65.6300000,2263
28/08/20,000000,65.5800000,65.9900000,65.5100000,65.9900000,1122
31/08/20,000000,65.3800000,65.5000000,64.2800000,64.2900000,1500
01/09/20,000000,64.4800000,64.5200000,64.1800000,64.2400000,600
02/09/20,000000,64.5200000,65.1500000,64.0700000,65.1500000,1526
03/09/20,000000,65.6400000,66.1300000,63.2000000,63.6500000,2770
04/09/20,000000,65.3100000,65.3100000,63.8000000,64.4700000,1500
08/09/20,000000,63.9000000,63.9000000,61.7300000,62.4200000,3900
09/09/20,000000,62.4100000,62.4100000,59.5000000,59.9100000,3146
10/09/20,000000,59.2200000,59.2200000,57.7100000,57.7700000,1825
11/09/20,000000,57.6400000,58.1800000,57.2000000,57.3600000,1400
14/09/20,000000,58.0100000,59.6700000,57.8300000,59.6700000,2064
15/09/20,000000,60.0100000,60.0100000,58.7500000,58.7600000,2509
16/09/20,000000,58.2500000,60.7600000,58.2500000,60.7500000,2100
17/09/20,000000,59.6000000,61.0300000,59.6000000,60.6700000,2000
18/09/20,000000,60.8900000,61.5600000,59.5900000,60.0500000,1000
21/09/20,000000,59.2250000,59.2250000,53.4500000,54.7200000,4072
22/09/20,000000,54.9100000,54.9100000,52.7900000,53.6600000,2400
23/09/20,000000,54.6050000,54.6050000,52.0400000,52.0400000,3484
24/09/20,000000,52.1700000,53.1000000,51.9400000,52.0100000,1000
25/09/20,000000,51.5100000,51.5100000,50.5100000,50.5100000,1100
28/09/20,000000,51.8300000,54.1400000,51.8300000,53.3700000,5800
29/09/20,000000,53.0300000,53.4000000,51.9400000,53.1150000,2200
30/09/20,000000,53.4700000,54.9900000,53.4100000,53.6300000,5800
01/10/20,000000,52.6900000,54.1200000,52.6900000,54.1200000,2600
02/10/20,000000,55.3800000,55.5400000,55.0700000,55.1700000,820
05/10/20,000000,55.9200000,56.7300000,55.9200000,56.3800000,4551
06/10/20,000000,57.2500000,57.2500000,54.8500000,54.8500000,1400
07/10/20,000000,56.1200000,58.1400000,56.1200000,58.0100000,4907
08/10/20,000000,58.6400000,60.0300000,58.6400000,59.9600000,2400
09/10/20,000000,60.9200000,62.8800000,60.9200000,62.8800000,4885
12/10/20,000000,62.4500000,62.4500000,60.5350000,61.4600000,1600
13/10/20,000000,60.1600000,60.8100000,59.8500000,60.0000000,1000
14/10/20,000000,60.4000000,62.4450000,60.4000000,62.0900000,1500
15/10/20,000000,61.7400000,63.0450000,61.7400000,63.0400000,2920
16/10/20,000000,64.1600000,65.2700000,64.0200000,65.0200000,2200
19/10/20,000000,64.5400000,66.9600000,64.5400000,65.4600000,3345
20/10/20,000000,66.7200000,66.7200000,64.2300000,64.5600000,3584
21/10/20,000000,65.0100000,65.0100000,63.3100000,63.7500000,2944
22/10/20,000000,62.6200000,64.6600000,57.9600000,64.4400000,4001
23/10/20,000000,64.1300000,64.7600000,63.8000000,63.9500000,2000
26/10/20,000000,62.4000000,62.6500000,62.3300000,62.6500000,2300
27/10/20,000000,62.9350000,63.6800000,62.5000000,62.6400000,8500
28/10/20,000000,60.5250000,61.4900000,59.6000000,60.7400000,4267
29/10/20,000000,60.4900000,64.2600000,60.4900000,64.2600000,2300
30/10/20,000000,64.6300000,64.6600000,62.2800000,62.2800000,2338
02/11/20,000000,63.1800000,64.9200000,62.7400000,64.7500000,3500
03/11/20,000000,66.3800000,66.3800000,65.4000000,65.6200000,2400
04/11/20,000000,63.0100000,64.1200000,62.4500000,63.2200000,1800
05/11/20,000000,64.2100000,67.1600000,64.0500000,66.1200000,1400
06/11/20,000000,65.5100000,66.3400000,65.0550000,65.0550000,1488
09/11/20,000000,73.7900000,74.1700000,70.5600000,70.9000000,5506
10/11/20,000000,71.7600000,76.5200000,71.7600000,75.5800000,2700
11/11/20,000000,75.6400000,76.0000000,74.2500000,74.8400000,11227
12/11/20,000000,73.0200000,73.0200000,71.9800000,72.5800000,600
13/11/20,000000,74.8000000,77.5950000,74.6400000,77.0400000,4559
16/11/20,000000,80.3000000,80.9600000,78.6300000,80.9600000,3300
17/11/20,000000,78.7800000,80.9100000,78.7800000,80.8100000,1300
18/11/20,000000,82.4300000,82.4400000,78.2400000,78.2400000,1722
19/11/20,000000,76.5200000,76.6850000,75.4900000,76.5600000,3600
20/11/20,000000,75.4900000,76.0350000,75.1200000,75.3200000,1900
23/11/20,000000,78.0000000,79.2000000,77.4700000,79.1500000,3300
24/11/20,000000,80.6400000,82.1500000,80.1500000,80.6000000,2300
25/11/20,000000,77.8600000,79.6300000,77.8600000,79.5000000,6494
27/11/20,000000,78.7200000,79.6400000,78.1100000,79.6000000,1500
30/11/20,000000,79.9000000,79.9000000,77.9200000,77.9200000,2465
01/12/20,000000,83.2700000,89.5100000,83.2700000,87.6400000,7180
02/12/20,000000,85.5900000,86.7100000,85.0700000,86.0800000,3439
03/12/20,000000,86.0000000,89.8900000,86.0000000,89.7400000,2100
04/12/20,000000,94.9900000,100.3200000,94.9800000,99.5200000,9710
07/12/20,000000,98.8900000,98.8900000,94.5900000,94.8200000,2200
08/12/20,000000,94.5900000,95.8800000,93.5000000,95.8800000,2009
09/12/20,000000,96.6900000,96.9100000,93.7900000,94.3900000,800
10/12/20,000000,94.5000000,96.1700000,94.4400000,96.1700000,3400
11/12/20,000000,96.7100000,96.7100000,93.5400000,94.4400000,1630
14/12/20,000000,94.6600000,94.8000000,93.1700000,93.3500000,2783
15/12/20,000000,94.6500000,96.4800000,94.5500000,96.0200000,2000
16/12/20,000000,94.7900000,94.9800000,93.2400000,93.2400000,1607
17/12/20,000000,93.9500000,95.3800000,93.8600000,95.0400000,1700
18/12/20,000000,94.5600000,95.5100000,93.5600000,93.5600000,3366
21/12/20,000000,91.4000000,92.2900000,90.1800000,92.2900000,3070
22/12/20,000000,92.8850000,92.8850000,92.0100000,92.1100000,4069
23/12/20,000000,93.7900000,94.0600000,93.5100000,93.8100000,1000
24/12/20,000000,95.1000000,95.3400000,93.5500000,95.3400000,1102
28/12/20,000000,95.8100000,97.4200000,95.3600000,95.6900000,1600
29/12/20,000000,94.2900000,96.7500000,94.2900000,95.4400000,3046
30/12/20,000000,97.0950000,98.8200000,97.0950000,98.2200000,2879
31/12/20,000000,98.3000000,99.4200000,98.3000000,99.0100000,1800
04/01/21,000000,100.5500000,102.2700000,95.7200000,96.1900000,2905
05/01/21,000000,98.3900000,102.0200000,97.6300000,100.9000000,2495
06/01/21,000000,102.6400000,110.4500000,100.6900000,109.7900000,4200
07/01/21,000000,109.8100000,109.8100000,105.0100000,107.4000000,4400
08/01/21,000000,106.9000000,107.2550000,105.8400000,106.7800000,1300
11/01/21,000000,107.0300000,107.0900000,105.3700000,106.0100000,3355
12/01/21,000000,107.6900000,109.7600000,107.6900000,108.6900000,2066
13/01/21,000000,107.1600000,107.1600000,104.9700000,104.9700000,2318
14/01/21,000000,106.5200000,106.8100000,105.3400000,105.8300000,2536
15/01/21,000000,103.2500000,105.1000000,102.9900000,103.1600000,1520
19/01/21,000000,104.1900000,104.7900000,102.6800000,104.2300000,1700
20/01/21,000000,103.5700000,103.5700000,102.5100000,102.6100000,677
21/01/21,000000,101.7600000,101.7600000,98.5200000,100.9700000,3903
22/01/21,000000,99.0800000,99.7200000,97.7800000,99.7200000,1100
25/01/21,000000,97.2800000,97.7300000,95.6200000,97.7300000,1700
26/01/21,000000,96.9500000,96.9500000,93.9400000,95.4500000,2464
27/01/21,000000,92.7450000,94.1300000,90.7600000,91.0600000,3770
28/01/21,000000,92.9050000,92.9050000,89.7100000,91.9800000,2734
29/01/21,000000,90.0000000,90.0000000,86.6900000,86.6900000,2100
01/02/21,000000,85.3900000,89.2100000,84.7800000,89.2100000,3099
02/02/21,000000,90.5000000,93.5200000,90.2600000,93.5100000,3504
03/02/21,000000,92.3100000,93.7900000,90.1800000,93.7600000,6731
04/02/21,000000,94.7900000,97.7500000,94.6900000,97.7500000,2218
05/02/21,000000,98.6900000,100.4200000,97.7800000,98.6500000,4100
08/02/21,000000,100.7500000,105.5500000,100.7500000,105.5500000,4000
09/02/21,000000,106.2400000,106.2400000,101.7100000,104.4300000,3320
10/02/21,000000,107.3700000,107.9600000,106.8300000,107.5200000,2500
11/02/21,000000,105.2400000,107.9400000,105.0000000,106.4600000,6000
12/02/21,000000,106.8050000,107.9600000,106.8050000,107.7500000,1200
16/02/21,000000,108.7500000,111.1700000,108.7500000,111.1700000,1800
17/02/21,000000,111.4600000,111.8100000,109.0700000,111.3200000,2000
18/02/21,000000,107.7000000,108.8800000,106.1600000,107.9400000,1800
19/02/21,000000,113.6600000,116.8000000,112.6700000,115.1600000,1600
22/02/21,000000,115.9700000,121.0200000,115.5100000,119.1900000,18365
23/02/21,000000,116.9500000,118.5500000,114.7900000,118.5500000,4810
24/02/21,000000,118.1700000,122.4200000,115.2200000,121.4000000,17586
25/02/21,000000,122.4600000,122.4600000,113.5800000,117.3500000,4906
26/02/21,000000,114.8100000,115.8300000,111.7700000,114.1500000,2206
01/03/21,000000,116.3400000,121.1450000,116.3400000,120.1400000,5100
02/03/21,000000,121.6400000,123.1000000,117.6900000,117.7600000,4244
03/03/21,000000,118.0900000,122.6400000,118.0800000,121.4700000,5201
04/03/21,000000,117.5500000,117.5500000,110.8000000,111.4200000,3515
05/03/21,000000,113.2000000,114.8500000,108.2600000,114.0200000,3835
08/03/21,000000,115.3200000,117.9600000,115.1200000,117.5900000,5100
09/03/21,000000,116.9700000,120.1100000,114.7600000,119.2200000,3300
10/03/21,000000,123.0000000,126.6400000,121.4400000,125.8000000,12551
11/03/21,000000,127.3000000,129.3000000,124.6000000,125.3600000,4600
12/03/21,000000,124.4900000,125.4800000,122.3200000,125.4800000,3641
15/03/21,000000,124.2500000,124.2500000,119.3400000,121.4700000,4600
16/03/21,000000,120.4000000,120.4000000,116.6600000,116.9200000,4009
17/03/21,000000,116.6800000,119.3900000,115.6500000,118.5200000,1300
18/03/21,000000,120.4500000,121.1400000,112.7600000,112.9200000,5800
19/03/21,000000,111.4400000,115.5600000,108.7200000,113.7200000,4497
22/03/21,000000,111.7700000,112.1500000,110.1000000,111.2100000,2900
23/03/21,000000,108.5000000,108.5000000,104.0900000,104.7400000,2202
24/03/21,000000,109.4000000,110.5000000,102.8800000,103.4300000,2700
25/03/21,000000,102.4950000,107.7500000,102.0500000,107.1900000,6740
26/03/21,000000,110.8500000,112.8800000,109.5550000,112.8800000,3117
29/03/21,000000,113.4600000,113.4600000,107.3800000,107.4800000,2700
30/03/21,000000,108.7300000,111.2000000,108.1300000,109.7400000,2300
31/03/21,000000,111.1200000,112.0500000,110.0500000,110.6600000,2400
01/04/21,000000,111.1000000,113.1000000,110.6900000,110.9400000,1907
05/04/21,000000,111.9300000,114.4900000,110.8700000,113.6200000,2200
06/04/21,000000,114.5900000,114.5900000,109.3600000,110.1900000,2322
07/04/21,000000,109.5600000,110.9900000,109.5600000,110.0000000,700
08/04/21,000000,108.6100000,111.3000000,108.6100000,111.2500000,1300
09/04/21,000000,110.2700000,110.8600000,109.0600000,110.7500000,1850
12/04/21,000000,110.5700000,111.1700000,109.7000000,111.1700000,2200
13/04/21,000000,110.0600000,111.7300000,107.9000000,111.0200000,2153
14/04/21,000000,112.8800000,114.3400000,112.1300000,112.4900000,1984
15/04/21,000000,113.7400000,113.9900000,111.4600000,113.8200000,1300
16/04/21,000000,114.0700000,116.2100000,113.4100000,115.2100000,2400
19/04/21,000000,112.3600000,112.3600000,110.5900000,111.7000000,1800
20/04/21,000000,109.3000000,109.3100000,107.0000000,109.0300000,2200
21/04/21,000000,109.8700000,112.2900000,109.8700000,111.9600000,2200
22/04/21,000000,110.3800000,111.7800000,109.7800000,111.1300000,1408
23/04/21,000000,112.4900000,114.0500000,112.4900000,113.9000000,1600
26/04/21,000000,114.5000000,116.3600000,113.7000000,116.2000000,2089
27/04/21,000000,116.6700000,120.0200000,115.9900000,120.0200000,4214
28/04/21,000000,121.3300000,124.8700000,121.3300000,124.1500000,3015
29/04/21,000000,119.6200000,122.9950000,117.8500000,119.7200000,4150
30/04/21,000000,126.1600000,129.6700000,120.0900000,120.0900000,4765
03/05/21,000000,121.7500000,126.4200000,120.5000000,126.1000000,1344
04/05/21,000000,127.0100000,131.3400000,127.0100000,130.8800000,2700
05/05/21,000000,132.4800000,137.5700000,132.4800000,137.5700000,3368
06/05/21,000000,139.1200000,139.2750000,134.4100000,137.3000000,2535
07/05/21,000000,139.1300000,139.2300000,134.1500000,135.9200000,1520
10/05/21,000000,136.9900000,136.9900000,132.9800000,133.0300000,3027
11/05/21,000000,132.0700000,139.9000000,132.0700000,138.8950000,1700
12/05/21,000000,137.8550000,137.8550000,131.3600000,132.4800000,1641
13/05/21,000000,135.8900000,135.8900000,127.3900000,130.4300000,1959
14/05/21,000000,129.0500000,132.5000000,128.6000000,132.2600000,1900
17/05/21,000000,131.2100000,133.3000000,128.9000000,133.3000000,1300
18/05/21,000000,132.6600000,132.6600000,130.2800000,130.3000000,1123
19/05/21,000000,125.9800000,126.8600000,125.3400000,126.5000000,3146
20/05/21,000000,127.3900000,127.3900000,122.8100000,125.3200000,1089
21/05/21,000000,127.5800000,127.5800000,125.1300000,125.1300000,1400
24/05/21,000000,123.8500000,126.0600000,123.6650000,125.5700000,1600
25/05/21,000000,122.7200000,123.4900000,122.2600000,122.4700000,800
26/05/21,000000,124.9500000,125.8700000,124.3200000,124.8500000,1100
27/05/21,000000,129.4500000,132.6900000,128.2800000,131.5300000,2800
28/05/21,000000,128.5900000,130.3900000,128.5900000,129.5300000,1907
01/06/21,000000,131.1200000,137.0600000,131.1200000,136.6300000,1787
02/06/21,000000,132.8800000,133.3800000,132.3000000,133.3800000,500
03/06/21,000000,130.3400000,133.7700000,130.3400000,132.3600000,1000
04/06/21,000000,131.5150000,131.6300000,130.6100000,130.6600000,1100
07/06/21,000000,129.0600000,130.2500000,128.6500000,130.2500000,1100
08/06/21,000000,130.6900000,134.2600000,130.6900000,134.2600000,200
09/06/21,000000,132.0000000,132.4800000,131.5500000,132.2000000,800
10/06/21,000000,132.0000000,132.7600000,131.0000000,132.7600000,1700
11/06/21,000000,134.8700000,135.1200000,133.1400000,133.6900000,1990
14/06/21,000000,130.8800000,130.8800000,128.3100000,128.4800000,700
15/06/21,000000,128.0000000,131.2800000,128.0000000,131.2200000,499
16/06/21,000000,129.3200000,131.4100000,128.8600000,131.3400000,1239
17/06/21,000000,125.9100000,128.3200000,124.3000000,127.6800000,4106
18/06/21,000000,125.0100000,125.0300000,121.8100000,124.0400000,6679
21/06/21,000000,124.0600000,127.0300000,124.0600000,126.4900000,3187
22/06/21,000000,126.2000000,130.3900000,126.2000000,130.2400000,10723
23/06/21,000000,131.8100000,134.8400000,131.8100000,134.0300000,3439
24/06/21,000000,133.3300000,136.5100000,132.7400000,136.3100000,2155
25/06/21,000000,136.7400000,136.7400000,126.6200000,128.5700000,10862
28/06/21,000000,127.4200000,127.5400000,122.5300000,122.5700000,2331
29/06/21,000000,125.0000000,125.7400000,123.7000000,123.8300000,2046
30/06/21,000000,124.5000000,124.5000000,124.5000000,124.5000000,300
01/07/21,000000,122.6100000,124.6700000,122.6100000,124.6000000,1500
02/07/21,000000,123.2100000,124.5250000,122.4850000,123.3600000,1279
06/07/21,000000,119.4500000,119.4500000,117.3400000,117.3400000,500
07/07/21,000000,117.8700000,121.6750000,117.0000000,120.8600000,2763
08/07/21,000000,118.4400000,119.6800000,115.6900000,116.4000000,1700
09/07/21,000000,121.5800000,121.9500000,121.5800000,121.9500000,200
12/07/21,000000,121.9500000,122.8900000,121.7300000,122.8000000,1603
13/07/21,000000,120.2000000,121.0500000,119.2400000,121.0500000,1518
14/07/21,000000,117.4600000,118.9000000,117.4600000,117.8100000,400
15/07/21,000000,119.2800000,119.2800000,116.5100000,116.5100000,1000
16/07/21,000000,114.4200000,115.6000000,114.2300000,114.3100000,1316
19/07/21,000000,110.6600000,111.3700000,108.1600000,108.9600000,1854
20/07/21,000000,111.7600000,114.7000000,111.0800000,113.5000000,800
21/07/21,000000,116.3400000,118.5900000,116.3400000,118.2400000,3687
22/07/21,000000,108.0000000,111.3800000,103.8400000,110.5800000,8378
23/07/21,000000,110.6500000,114.9400000,109.7400000,114.9400000,3800
26/07/21,000000,117.0500000,120.4400000,117.0500000,120.4400000,562
27/07/21,000000,118.1850000,118.3000000,116.4500000,118.3000000,1500
28/07/21,000000,119.8800000,121.3700000,119.8800000,120.6400000,1970
29/07/21,000000,125.2400000,126.5000000,124.0100000,124.1800000,5580
30/07/21,000000,122.3400000,122.5100000,120.0500000,121.6000000,1900
02/08/21,000000,120.5900000,121.2500000,119.9000000,120.0000000,8617
03/08/21,000000,119.5000000,122.4300000,119.1100000,122.4300000,2519
04/08/21,000000,120.5600000,120.5600000,119.4900000,120.0800000,10363
05/08/21,000000,120.3600000,121.8700000,120.0000000,120.1000000,1365
06/08/21,000000,122.9500000,122.9500000,122.0200000,122.4600000,700
09/08/21,000000,119.8100000,121.4400000,119.8100000,120.4600000,300
10/08/21,000000,124.7700000,126.6900000,124.7700000,126.6900000,400
11/08/21,000000,125.1600000,130.1200000,125.1300000,130.1200000,900
12/08/21,000000,126.6600000,128.3500000,125.8100000,127.9400000,1200
13/08/21,000000,127.0400000,127.0400000,127.0400000,127.0400000,100
16/08/21,000000,124.1200000,124.1200000,122.4000000,122.5300000,700
17/08/21,000000,119.1600000,121.9500000,119.1600000,121.9500000,8831
18/08/21,000000,123.2300000,123.2300000,121.2500000,121.7700000,500
19/08/21,000000,117.4450000,119.6100000,116.9300000,119.1900000,1400
20/08/21,000000,121.9100000,121.9100000,120.3200000,121.0400000,530
23/08/21,000000,122.9200000,122.9200000,121.3900000,121.3900000,800
24/08/21,000000,124.6000000,125.1000000,123.7200000,123.8800000,800
25/08/21,000000,125.2000000,125.2000000,122.2300000,122.2300000,506
26/08/21,000000,120.5300000,120.5300000,119.1300000,119.1300000,300
27/08/21,000000,124.8100000,125.5000000,124.8100000,125.5000000,399
31/08/21,000000,125.6500000,126.0000000,125.6500000,126.0000000,300
01/09/21,000000,122.3200000,124.8600000,122.3100000,124.6300000,726
02/09/21,000000,125.4100000,126.2800000,124.5100000,124.5100000,800
03/09/21,000000,124.6200000,125.0200000,123.0700000,123.4300000,500
07/09/21,000000,124.5100000,125.1500000,123.7200000,125.1500000,1808
08/09/21,000000,120.5100000,120.5100000,120.2600000,120.2600000,200
09/09/21,000000,121.0400000,121.3400000,121.0400000,121.2800000,533
10/09/21,000000,120.7900000,120.8600000,119.4200000,119.9400000,2937
13/09/21,000000,120.6200000,120.6200000,118.2900000,119.6700000,1300
14/09/21,000000,118.4400000,118.4400000,116.4100000,116.4100000,400
15/09/21,000000,119.8300000,119.9100000,119.6200000,119.7400000,700
16/09/21,000000,115.7300000,115.7300000,114.6300000,114.6500000,900
17/09/21,000000,112.6800000,112.6800000,110.5300000,112.1300000,2343
20/09/21,000000,109.2100000,110.2400000,108.4600000,110.1800000,1766
21/09/21,000000,106.4600000,106.4600000,105.1400000,105.6900000,1100
22/09/21,000000,108.5500000,109.1100000,108.0600000,108.1300000,600
23/09/21,000000,108.6600000,112.2600000,108.6600000,110.8400000,1800
24/09/21,000000,109.9400000,110.3000000,109.3300000,109.3300000,700
27/09/21,000000,111.2500000,114.1100000,110.6000000,113.0100000,2617
28/09/21,000000,110.7800000,114.6500000,110.4300000,113.1600000,890
29/09/21,000000,111.9900000,112.8600000,111.9900000,112.3000000,800
30/09/21,000000,110.8500000,110.8500000,110.2600000,110.2600000,200
01/10/21,000000,109.6600000,113.1400000,109.6600000,112.8000000,900
04/10/21,000000,112.2100000,112.2100000,109.9500000,109.9600000,671
05/10/21,000000,111.8500000,113.9000000,111.8500000,113.9000000,700
06/10/21,000000,109.9200000,109.9200000,108.2300000,109.7000000,900
07/10/21,000000,111.8300000,114.0500000,111.8300000,112.8300000,1400
08/10/21,000000,111.2600000,111.2600000,109.6000000,110.4600000,500
11/10/21,000000,112.9100000,114.2000000,109.5500000,109.5500000,700
12/10/21,000000,109.2750000,110.6100000,108.9500000,108.9500000,1443
13/10/21,000000,109.9500000,111.0150000,109.9500000,111.0150000,200
14/10/21,000000,112.5000000,113.2300000,112.3200000,113.2300000,800
15/10/21,000000,117.5000000,118.0400000,117.0300000,117.0300000,939
18/10/21,000000,115.7500000,117.1800000,115.4100000,117.0600000,1200
19/10/21,000000,115.6700000,115.6700000,111.3300000,112.1200000,1990
20/10/21,000000,111.1300000,113.9900000,111.1300000,113.5100000,913
21/10/21,000000,101.8900000,102.7700000,99.3400000,101.8700000,7000
22/10/21,000000,99.9600000,102.3600000,99.7300000,99.7300000,3146
25/10/21,000000,99.4300000,101.2800000,97.5800000,97.8300000,1704
26/10/21,000000,99.4200000,100.0100000,99.4200000,99.8900000,1298
27/10/21,000000,100.1300000,100.1300000,99.2200000,99.4100000,1600
28/10/21,000000,100.3850000,101.0900000,99.6800000,99.7800000,2700
29/10/21,000000,98.6700000,98.6700000,97.1300000,97.1300000,1632
01/11/21,000000,97.8200000,98.2700000,97.2400000,97.5600000,1100
02/11/21,000000,95.5400000,98.4000000,95.5400000,97.9400000,1982
03/11/21,000000,99.2300000,101.1900000,99.2300000,101.1900000,1185
04/11/21,000000,101.1100000,101.2900000,99.6300000,100.9700000,1700
05/11/21,000000,103.0600000,107.5200000,101.8800000,107.5200000,6414
08/11/21,000000,108.8400000,110.1800000,108.7800000,110.0900000,2162
09/11/21,000000,108.1900000,109.9400000,106.6300000,106.6300000,2000
10/11/21,000000,104.7700000,104.8300000,101.8800000,102.3500000,2147
11/11/21,000000,105.0300000,105.1300000,104.5500000,105.0800000,1200
12/11/21,000000,106.7500000,108.5100000,106.7500000,108.0000000,2978
15/11/21,000000,105.6700000,107.0700000,104.5300000,107.0700000,2200
16/11/21,000000,105.4000000,106.1400000,105.2400000,105.3600000,2621
17/11/21,000000,105.3600000,105.3600000,102.3900000,102.3900000,1100
18/11/21,000000,101.0700000,103.4600000,101.0700000,102.1400000,1538
19/11/21,000000,100.6600000,101.6300000,100.6300000,100.6900000,700
22/11/21,000000,101.6000000,103.7200000,101.6000000,102.7000000,1656
23/11/21,000000,104.3500000,104.3500000,102.5300000,103.9300000,1166
24/11/21,000000,102.0400000,102.0400000,102.0400000,102.0400000,100
26/11/21,000000,94.5000000,95.4450000,93.5300000,95.0100000,904
29/11/21,000000,93.4000000,94.9800000,93.4000000,93.9200000,1264
30/11/21,000000,91.0400000,91.8200000,88.5300000,88.8500000,4318
01/12/21,000000,92.6000000,93.4600000,90.0700000,90.0700000,1132
02/12/21,000000,92.8400000,93.6500000,92.7400000,92.7400000,500
03/12/21,000000,92.5600000,93.3500000,91.7600000,93.3500000,3000
06/12/21,000000,93.6300000,95.9000000,93.6300000,94.5500000,717
07/12/21,000000,96.1100000,96.3300000,94.6000000,94.8000000,800
08/12/21,000000,95.4800000,96.1800000,95.4800000,96.1800000,200
09/12/21,000000,95.0000000,97.4900000,94.5100000,97.0950000,2500
10/12/21,000000,92.7200000,96.4800000,92.6750000,95.1700000,2671
13/12/21,000000,93.0800000,95.2300000,92.0200000,93.9800000,1500
14/12/21,000000,91.8550000,92.0100000,90.9600000,91.0300000,1400
15/12/21,000000,89.5450000,92.9200000,89.1500000,92.5600000,1315
16/12/21,000000,94.0000000,94.0800000,90.8700000,91.3900000,3700
17/12/21,000000,90.3600000,93.6000000,90.3600000,93.4700000,4746
20/12/21,000000,90.5200000,90.5200000,88.0600000,89.6900000,2700
21/12/21,000000,94.1750000,94.1750000,92.5250000,93.4600000,3400
22/12/21,000000,93.5950000,95.1100000,93.1900000,95.1100000,3864
23/12/21,000000,95.5700000,96.6000000,95.5700000,96.3100000,500
27/12/21,000000,95.0100000,96.9800000,94.6300000,96.9800000,300
28/12/21,000000,96.3700000,96.8500000,95.7150000,96.0550000,3286
29/12/21,000000,95.3500000,96.1900000,94.5700000,95.0400000,800
30/12/21,000000,95.1600000,95.1600000,93.9900000,93.9900000,641
31/12/21,000000,93.3700000,94.5300000,93.3600000,93.8900000,600
03/01/22,000000,97.3500000,97.3500000,96.0800000,97.2400000,2600
04/01/22,000000,99.2600000,99.2600000,96.6300000,97.1500000,5349
05/01/22,000000,98.1500000,98.9800000,97.7300000,98.5100000,1843
06/01/22,000000,98.5000000,99.7500000,98.5000000,99.7500000,1463
07/01/22,000000,100.2100000,100.3900000,99.2600000,100.2900000,1710
10/01/22,000000,99.9900000,100.2600000,98.0900000,99.7400000,5065
11/01/22,000000,100.0700000,102.1600000,98.6300000,100.0200000,4195
12/01/22,000000,102.0500000,102.1800000,97.9600000,98.6300000,2100
13/01/22,000000,100.4100000,102.0000000,100.4100000,101.1900000,3900
14/01/22,000000,104.4100000,106.1500000,103.6800000,105.8800000,2909
18/01/22,000000,105.7000000,105.8100000,102.1100000,103.2500000,1940
19/01/22,000000,102.1800000,102.1800000,100.2000000,100.2900000,2200
20/01/22,000000,100.7000000,102.9500000,100.0800000,100.5100000,2830
21/01/22,000000,97.2000000,99.8200000,96.3100000,97.8100000,2361
24/01/22,000000,94.5400000,98.4400000,94.5400000,98.1400000,1600
25/01/22,000000,94.5400000,99.2800000,94.5400000,98.2500000,1875
26/01/22,000000,100.9100000,100.9100000,94.5000000,95.1000000,2231
27/01/22,000000,94.7500000,94.7500000,92.5300000,92.7100000,1652
28/01/22,000000,93.6300000,95.5800000,93.2500000,95.5800000,1100
31/01/22,000000,95.6600000,96.3500000,95.1600000,95.7400000,2693
01/02/22,000000,96.6500000,98.1600000,96.5700000,96.5700000,5366
02/02/22,000000,96.3100000,96.3100000,93.1300000,94.3500000,4200
03/02/22,000000,95.5900000,95.5900000,93.5400000,93.7400000,1000
04/02/22,000000,92.5000000,94.4600000,92.5000000,93.8300000,1000
07/02/22,000000,92.9100000,95.2000000,92.9100000,93.2100000,2700
08/02/22,000000,94.8500000,97.8400000,94.8500000,97.7000000,2415
09/02/22,000000,98.0100000,99.0800000,97.6700000,97.8700000,1200
10/02/22,000000,97.9500000,99.6450000,97.5400000,97.5400000,700
11/02/22,000000,98.5000000,100.6200000,98.3500000,99.2900000,5109
14/02/22,000000,99.5700000,100.6200000,99.1400000,99.9100000,1700
15/02/22,000000,103.4100000,103.4100000,103.2600000,103.2600000,400
16/02/22,000000,104.6900000,105.8000000,104.6900000,105.4400000,1177
17/02/22,000000,104.3800000,104.3800000,102.8050000,103.3000000,600
18/02/22,000000,102.6200000,104.2100000,102.6200000,104.2100000,800
22/02/22,000000,102.7500000,103.7600000,102.1300000,102.5700000,985
23/02/22,000000,102.2700000,103.3500000,102.2700000,102.6000000,700
24/02/22,000000,94.7500000,97.2600000,91.4000000,95.4500000,4816
25/02/22,000000,96.8600000,98.0300000,95.6600000,97.4700000,3600
28/02/22,000000,96.2200000,96.9700000,95.1700000,96.3800000,1100
01/03/22,000000,97.5600000,97.9600000,91.4300000,92.1700000,2478
02/03/22,000000,93.9200000,94.5500000,93.9200000,94.0500000,914
03/03/22,000000,93.0400000,96.9100000,91.8100000,96.9100000,2600
04/03/22,000000,94.0800000,95.2800000,92.2700000,95.2800000,1007
07/03/22,000000,93.4300000,93.4300000,88.6900000,88.6900000,1209
08/03/22,000000,86.4300000,89.5500000,86.3500000,87.9100000,1596
09/03/22,000000,90.1200000,90.5600000,90.0200000,90.3000000,700
10/03/22,000000,91.5800000,92.1300000,90.1600000,91.6000000,1868
11/03/22,000000,88.0600000,88.0700000,86.9950000,87.4500000,1200
14/03/22,000000,86.1500000,89.9800000,86.1400000,87.4800000,2819
15/03/22,000000,86.8300000,87.2000000,85.4800000,87.1100000,1625
16/03/22,000000,91.3400000,91.3400000,89.6200000,90.7600000,1300
17/03/22,000000,91.9300000,93.0200000,91.4600000,92.3500000,1900
18/03/22,000000,90.3300000,92.6100000,90.2900000,92.6100000,1500
21/03/22,000000,93.2000000,96.4700000,93.2000000,95.5000000,4000
22/03/22,000000,97.5200000,97.5200000,95.1700000,95.1700000,1200
23/03/22,000000,96.9400000,97.0700000,96.4100000,96.6400000,700
24/03/22,000000,95.8400000,95.8400000,95.8400000,95.8400000,400
25/03/22,000000,98.5500000,98.5500000,95.7600000,96.2100000,2850
28/03/22,000000,93.7300000,94.0200000,92.6700000,93.1000000,2200
29/03/22,000000,94.3000000,95.4100000,93.2000000,94.9200000,3700
30/03/22,000000,96.3200000,96.3200000,94.8400000,95.0600000,2800
31/03/22,000000,95.5000000,95.6100000,93.9900000,94.1300000,3600
01/04/22,000000,93.5000000,95.0600000,93.4400000,94.7400000,2300
04/04/22,000000,92.0800000,94.0500000,92.0800000,94.0500000,600
05/04/22,000000,93.5700000,93.5700000,91.1100000,91.2300000,2500
06/04/22,000000,90.6600000,92.2100000,90.6600000,92.0000000,600
07/04/22,000000,90.9700000,92.2800000,90.6350000,91.1000000,1500
08/04/22,000000,90.3800000,90.3800000,88.7600000,88.7600000,1100
11/04/22,000000,90.2800000,90.2800000,88.7400000,88.8200000,2004
12/04/22,000000,90.7800000,91.3100000,90.6800000,90.6800000,400
13/04/22,000000,92.3400000,96.2400000,92.3400000,96.1100000,1452
14/04/22,000000,96.7400000,100.5700000,96.7400000,100.5600000,1800
18/04/22,000000,100.4400000,103.2950000,100.4400000,101.5000000,1610
19/04/22,000000,100.5800000,103.3800000,100.5300000,102.3700000,2460
20/04/22,000000,102.9900000,103.5300000,102.1900000,102.2100000,4800
21/04/22,000000,104.5400000,104.9000000,100.5000000,100.7400000,2737
22/04/22,000000,99.7400000,99.7400000,96.1800000,97.6300000,1500
25/04/22,000000,95.1200000,95.1200000,90.5400000,93.1500000,3300
26/04/22,000000,92.2600000,93.9500000,92.2600000,92.8100000,3243
27/04/22,000000,95.7000000,99.4500000,95.7000000,96.4900000,3520
28/04/22,000000,96.3800000,100.3500000,96.3800000,99.7800000,1500
29/04/22,000000,98.3900000,98.4000000,96.3300000,96.3300000,3900
02/05/22,000000,95.8800000,96.8300000,94.8400000,96.7000000,6202
03/05/22,000000,97.1600000,101.4600000,97.1600000,101.3200000,1500
04/05/22,000000,102.0900000,103.8750000,100.6900000,103.8000000,1244
05/05/22,000000,99.9900000,99.9900000,95.0000000,95.5500000,4316
06/05/22,000000,95.2400000,95.9600000,94.5400000,95.7800000,2586
09/05/22,000000,94.2500000,94.2500000,92.8500000,93.2900000,2203
10/05/22,000000,95.3400000,95.3400000,90.8700000,93.0400000,3815
11/05/22,000000,96.7000000,96.7000000,94.1900000,94.5400000,4457
12/05/22,000000,93.7700000,95.1100000,93.0100000,95.1100000,2043
13/05/22,000000,96.9900000,97.1900000,94.8400000,95.3300000,791
16/05/22,000000,96.7400000,97.3900000,96.5550000,97.3000000,1100
17/05/22,000000,100.1100000,104.4600000,99.9800000,104.4600000,2351
18/05/22,000000,104.8600000,107.0300000,100.8500000,101.0500000,4390
19/05/22,000000,98.1400000,98.5100000,96.4000000,96.6350000,1355
20/05/22,000000,94.5300000,96.9900000,94.0700000,96.9900000,1300
23/05/22,000000,99.2300000,99.2300000,98.2700000,98.9600000,1200
24/05/22,000000,95.7600000,96.2800000,94.8100000,96.2800000,1295
25/05/22,000000,97.5100000,98.3300000,97.1300000,98.3300000,2100
26/05/22,000000,99.0400000,101.9400000,99.0400000,100.6800000,1500
27/05/22,000000,101.7000000,101.7000000,101.4200000,101.4700000,600
31/05/22,000000,101.2000000,103.7300000,100.4450000,102.2400000,2100
01/06/22,000000,101.7900000,101.8900000,99.3300000,99.8600000,2318
02/06/22,000000,103.1900000,103.6000000,102.7600000,102.8700000,900
03/06/22,000000,100.1200000,101.2100000,100.0700000,101.0900000,1200
06/06/22,000000,101.9700000,104.5700000,101.9700000,104.5700000,900
07/06/22,000000,104.1400000,104.1400000,101.5050000,102.7900000,600
08/06/22,000000,101.3700000,101.3700000,98.5000000,99.1900000,500
09/06/22,000000,97.5150000,97.5150000,93.9400000,94.0200000,1000
10/06/22,000000,90.5100000,91.6200000,90.5100000,91.0000000,1400
13/06/22,000000,88.1300000,89.0000000,87.1600000,87.6400000,2208
14/06/22,000000,85.4200000,85.5800000,84.7500000,84.8400000,1500
15/06/22,000000,86.7600000,86.7600000,85.3050000,85.6600000,2000
16/06/22,000000,80.2100000,80.2100000,75.3500000,76.1200000,3790
17/06/22,000000,76.4500000,77.4400000,74.2400000,77.3600000,13605
21/06/22,000000,78.3800000,78.3800000,76.4400000,76.7600000,1800
22/06/22,000000,73.2000000,74.6700000,72.3800000,74.5500000,719
23/06/22,000000,72.5250000,72.5700000,69.5600000,70.8100000,3699
24/06/22,000000,71.9500000,77.2200000,71.9500000,77.2200000,4616
27/06/22,000000,79.9700000,80.1500000,78.6550000,79.6100000,1200
28/06/22,000000,80.6500000,81.2700000,80.0000000,80.9500000,1400
29/06/22,000000,78.1200000,79.1850000,78.1200000,78.9400000,1768
30/06/22,000000,79.7700000,79.7700000,78.5150000,78.9600000,741
01/07/22,000000,78.0100000,80.0800000,78.0100000,79.1000000,2690
05/07/22,000000,74.1800000,76.8650000,74.1800000,76.6500000,2100
06/07/22,000000,73.1900000,76.2300000,73.1900000,76.2300000,1000
07/07/22,000000,78.7000000,78.8900000,78.1500000,78.1500000,300
08/07/22,000000,75.0000000,75.7300000,73.7000000,73.9800000,8351
11/07/22,000000,73.0700000,73.4800000,72.4500000,73.0900000,3201
12/07/22,000000,75.7150000,75.7600000,74.9250000,75.0300000,800
13/07/22,000000,74.2900000,75.6400000,74.2900000,75.1000000,3500
14/07/22,000000,73.5000000,74.4300000,73.5000000,74.2500000,1100
15/07/22,000000,74.0100000,75.3400000,74.0100000,74.7400000,2800
18/07/22,000000,76.5300000,76.5300000,72.1300000,72.5900000,4631
19/07/22,000000,73.3600000,75.1400000,73.3600000,74.7100000,5634
20/07/22,000000,74.4500000,75.3100000,73.0000000,74.1500000,6029
21/07/22,000000,71.4700000,72.8900000,71.4500000,72.8900000,2620
22/07/22,000000,73.0500000,73.1900000,70.5500000,71.4300000,6976
25/07/22,000000,72.2900000,73.6900000,72.2900000,73.3900000,2204
26/07/22,000000,68.8300000,73.4600000,66.2500000,73.4600000,29547
27/07/22,000000,73.6300000,75.0200000,73.4300000,74.3350000,5948
28/07/22,000000,74.8200000,75.8800000,73.5500000,75.5300000,2971
29/07/22,000000,75.7400000,76.9000000,75.4000000,75.5150000,2500
01/08/22,000000,74.0400000,74.9900000,73.8300000,74.9900000,2046
02/08/22,000000,73.7200000,74.3200000,72.6800000,72.7400000,4887
03/08/22,000000,72.8500000,72.9500000,71.3200000,72.5500000,2800
04/08/22,000000,72.3200000,72.5600000,70.1300000,70.1300000,2500
05/08/22,000000,70.1300000,72.4900000,70.0900000,72.4800000,3778
08/08/22,000000,73.6900000,73.6900000,72.4800000,72.7500000,1400
09/08/22,000000,71.6500000,71.7200000,71.1200000,71.5400000,1400
10/08/22,000000,74.1400000,76.8600000,73.8800000,76.4600000,7051
11/08/22,000000,78.1850000,78.3100000,76.5000000,76.5000000,1400
12/08/22,000000,76.8100000,78.9700000,76.5200000,78.4300000,2596
15/08/22,000000,77.0900000,78.9900000,76.7400000,78.3900000,4657
16/08/22,000000,78.8200000,78.9900000,78.2800000,78.5200000,1300
17/08/22,000000,77.0000000,77.7700000,76.8600000,77.7700000,1300
18/08/22,000000,79.8100000,80.7900000,79.7900000,80.4200000,1407
19/08/22,000000,78.4600000,78.5300000,77.1500000,77.9100000,2327
22/08/22,000000,76.1800000,76.6900000,75.6100000,75.7100000,2086
23/08/22,000000,77.5800000,78.3500000,77.5600000,77.5600000,500
24/08/22,000000,77.2500000,77.6800000,76.2700000,77.6800000,1500
25/08/22,000000,78.4100000,79.1600000,78.4100000,79.1600000,300
26/08/22,000000,77.3300000,77.3300000,76.1700000,76.1900000,962
29/08/22,000000,74.8400000,75.7300000,74.4750000,75.1400000,1576
30/08/22,000000,72.3100000,73.4250000,72.2700000,73.4000000,1646
31/08/22,000000,73.0200000,73.0200000,71.8100000,71.8600000,2670
01/09/22,000000,69.5500000,69.9900000,69.2250000,69.9900000,1200
02/09/22,000000,70.8600000,70.8600000,69.4900000,69.4900000,1492
06/09/22,000000,69.7100000,71.2600000,69.1300000,70.5600000,1300
07/09/22,000000,71.4600000,72.7100000,71.4600000,72.6300000,500
08/09/22,000000,73.4700000,74.9900000,73.2200000,74.6900000,1900
09/09/22,000000,77.4900000,77.5300000,76.5400000,77.2900000,2479
12/09/22,000000,79.5000000,83.9700000,79.5000000,83.9700000,2232
13/09/22,000000,83.1000000,83.1100000,80.7100000,81.0300000,2601
14/09/22,000000,79.4700000,79.4700000,76.1900000,77.4800000,2986
15/09/22,000000,76.4500000,76.9400000,74.2300000,74.2800000,3220
16/09/22,000000,71.2000000,71.6000000,69.1900000,69.7300000,3403
19/09/22,000000,70.8800000,72.5900000,70.8800000,72.4800000,2039
20/09/22,000000,70.1000000,70.1000000,69.2800000,69.4500000,1077
21/09/22,000000,68.7000000,69.6400000,67.1900000,67.1900000,1101
22/09/22,000000,66.6300000,66.7100000,66.2100000,66.3300000,1753
23/09/22,000000,63.7600000,63.7600000,62.8800000,63.5300000,1900
26/09/22,000000,63.3600000,63.8500000,61.4700000,61.9800000,1000
27/09/22,000000,62.3200000,62.8600000,62.3200000,62.7400000,800
28/09/22,000000,62.9700000,63.0000000,62.4000000,62.4000000,805
29/09/22,000000,60.8900000,62.5100000,59.6000000,62.5100000,2283
30/09/22,000000,62.5200000,63.1400000,61.3200000,61.3200000,1327
03/10/22,000000,64.5800000,66.5500000,64.5800000,66.5500000,3493
04/10/22,000000,68.8500000,71.6100000,68.8500000,71.6100000,3000
05/10/22,000000,70.4750000,70.9500000,70.2900000,70.2900000,2928
06/10/22,000000,70.3700000,70.3700000,69.9200000,69.9200000,200
07/10/22,000000,68.3800000,68.5200000,67.1100000,67.1150000,523
10/10/22,000000,68.7100000,70.0000000,68.6900000,69.7700000,778
11/10/22,000000,70.3900000,70.6300000,69.5900000,69.8300000,1400
12/10/22,000000,67.0000000,70.0300000,66.0000000,67.9700000,7026
13/10/22,000000,64.0800000,67.5400000,63.9100000,67.3800000,1600
14/10/22,000000,65.6600000,65.7100000,65.2700000,65.4200000,900
17/10/22,000000,67.0500000,68.6800000,67.0500000,67.8000000,700
18/10/22,000000,70.3500000,70.3500000,68.1600000,68.6900000,2421
19/10/22,000000,68.0500000,68.0500000,66.1400000,67.0000000,1300
20/10/22,000000,70.1300000,76.1100000,70.1300000,75.8900000,4526
21/10/22,000000,76.9600000,77.6500000,76.8100000,76.9400000,1604
24/10/22,000000,78.2500000,78.2500000,76.4250000,76.9300000,2032
25/10/22,000000,79.3000000,81.4100000,79.3000000,80.5700000,1100
26/10/22,000000,81.7000000,82.4200000,80.3000000,80.3700000,1200
27/10/22,000000,80.2200000,80.4600000,79.5500000,79.7100000,529
28/10/22,000000,79.0600000,79.1400000,78.5200000,79.0800000,800
31/10/22,000000,79.3800000,81.2000000,79.3700000,80.7600000,800
01/11/22,000000,83.3100000,83.5100000,82.4200000,83.2000000,728
02/11/22,000000,80.6100000,80.6100000,80.6100000,80.6100000,100
03/11/22,000000,78.9600000,79.0400000,78.9600000,79.0400000,400
04/11/22,000000,84.1300000,84.1300000,82.3700000,84.0100000,400
07/11/22,000000,83.3600000,84.2000000,83.2700000,83.4200000,3518
08/11/22,000000,83.9900000,85.3900000,83.8700000,85.2300000,800
09/11/22,000000,84.1000000,84.1000000,82.7800000,83.3000000,735
10/11/22,000000,87.9100000,90.4000000,87.6800000,90.4000000,1500
11/11/22,000000,94.4600000,94.4700000,92.9400000,93.5000000,2200
14/11/22,000000,92.9400000,97.5000000,92.9400000,94.5500000,1957
15/11/22,000000,96.0000000,96.0000000,94.3900000,94.9500000,884
16/11/22,000000,94.1650000,94.1650000,94.1650000,94.1650000,100
17/11/22,000000,92.3300000,92.8700000,91.3900000,91.4700000,1300
18/11/22,000000,92.0600000,92.0600000,88.5300000,88.5300000,1100
21/11/22,000000,84.7650000,87.3000000,84.2300000,86.7800000,1335
22/11/22,000000,88.3000000,88.9900000,87.9500000,88.9900000,1444
23/11/22,000000,88.9500000,89.6200000,88.6300000,89.4000000,1177
25/11/22,000000,89.5700000,89.5700000,89.5700000,89.5700000,100
28/11/22,000000,88.2500000,88.2500000,86.0200000,86.0200000,823
29/11/22,000000,87.8000000,87.9150000,87.2600000,87.2600000,400
30/11/22,000000,87.4600000,90.6500000,87.1200000,90.6500000,700
01/12/22,000000,89.9800000,89.9800000,88.2900000,88.5900000,600
02/12/22,000000,88.1900000,90.2300000,88.1900000,90.1200000,2447
05/12/22,000000,86.3700000,86.4200000,84.0200000,84.1900000,1200
06/12/22,000000,84.8100000,84.8100000,83.1200000,83.8900000,4026
07/12/22,000000,83.4000000,83.4000000,80.4000000,80.4000000,931
08/12/22,000000,82.6500000,82.6500000,80.3500000,80.9200000,2367
09/12/22,000000,81.1000000,81.6500000,80.0700000,80.3600000,1388
12/12/22,000000,79.5400000,82.7400000,79.5400000,82.5200000,2710
13/12/22,000000,84.8200000,85.0700000,83.1500000,83.7400000,1600
14/12/22,000000,83.4000000,83.9600000,82.6700000,83.8500000,1827
15/12/22,000000,80.7900000,81.4600000,77.6900000,77.6900000,1900
16/12/22,000000,75.2700000,77.5500000,75.2700000,76.8300000,7221
19/12/22,000000,76.7400000,77.0550000,74.3150000,74.9600000,1932
20/12/22,000000,75.6200000,76.6950000,75.6200000,76.4000000,500
21/12/22,000000,78.5800000,78.9400000,78.1400000,78.1400000,700
22/12/22,000000,76.2500000,76.2500000,74.8200000,75.8950000,1925
23/12/22,000000,76.5700000,77.1400000,76.0800000,77.1400000,546
27/12/22,000000,76.7900000,76.7900000,76.4200000,76.6700000,1000
28/12/22,000000,74.8600000,75.2100000,74.1500000,74.5800000,1641
29/12/22,000000,75.3000000,76.3700000,74.9000000,76.2800000,1006
30/12/22,000000,76.2000000,76.3300000,75.8600000,75.8600000,1384
03/01/23,000000,76.8550000,76.8550000,75.1850000,75.5500000,2899
04/01/23,000000,77.0000000,78.2700000,77.0000000,78.1000000,600
05/01/23,000000,78.2500000,79.7500000,77.8800000,79.1700000,2796
06/01/23,000000,80.3200000,82.9500000,80.3200000,82.9500000,503
09/01/23,000000,85.1400000,85.9700000,84.6100000,84.6100000,500
10/01/23,000000,83.6400000,86.5500000,83.0700000,86.5500000,1781
11/01/23,000000,87.1500000,87.1500000,87.1500000,87.1500000,100
12/01/23,000000,87.3000000,88.4300000,87.3000000,88.4300000,300
13/01/23,000000,88.6500000,88.7900000,88.4850000,88.4900000,500
17/01/23,000000,87.8100000,88.7500000,87.7000000,88.7500000,2089
18/01/23,000000,89.1150000,89.1150000,87.4500000,88.0300000,4542
19/01/23,000000,87.1100000,87.1100000,85.5200000,85.5200000,1717
20/01/23,000000,84.5000000,86.0000000,84.2500000,85.2900000,1721
23/01/23,000000,85.1400000,85.7600000,84.6700000,85.7100000,2313
24/01/23,000000,83.6000000,85.9700000,83.6000000,85.9700000,276
25/01/23,000000,88.1600000,88.1600000,88.1600000,88.1600000,300
26/01/23,000000,89.2800000,89.3500000,87.3800000,89.3500000,651
27/01/23,000000,88.0600000,88.0600000,87.3500000,87.3500000,1659
30/01/23,000000,87.0100000,87.0100000,85.6800000,85.6800000,764
31/01/23,000000,86.8900000,87.7100000,86.8900000,87.4500000,900
01/02/23,000000,87.1700000,90.1500000,86.9600000,90.1500000,2001
02/02/23,000000,90.1600000,92.7150000,89.3000000,92.7150000,2681
03/02/23,000000,92.3500000,94.0700000,92.3000000,93.9000000,1601
06/02/23,000000,89.6900000,89.9600000,88.3100000,88.7800000,1368
07/02/23,000000,88.6700000,90.4300000,88.2000000,90.4300000,5081
08/02/23,000000,89.0000000,89.0000000,86.7900000,86.7900000,1900
09/02/23,000000,86.9400000,87.7500000,84.5000000,84.5000000,4115
10/02/23,000000,83.8300000,84.2700000,82.5600000,83.9900000,3762
13/02/23,000000,84.5500000,86.3700000,84.5500000,86.3700000,4931
14/02/23,000000,85.2200000,89.1500000,84.3700000,89.1500000,1490
15/02/23,000000,87.6100000,89.9700000,85.9200000,89.9700000,3226
16/02/23,000000,89.9100000,91.7500000,88.5700000,88.5700000,1543
17/02/23,000000,88.0500000,89.9500000,88.0500000,88.0500000,7169
21/02/23,000000,88.4000000,88.4000000,84.9000000,84.9000000,3743
22/02/23,000000,86.9000000,87.0900000,84.5800000,85.1800000,3600
23/02/23,000000,80.1300000,80.2800000,73.7800000,78.8400000,5706
24/02/23,000000,74.1000000,77.3500000,71.4300000,75.2100000,6003
27/02/23,000000,77.3000000,78.4200000,76.2550000,76.3600000,2800
28/02/23,000000,77.0200000,80.1900000,77.0200000,79.2000000,3053
01/03/23,000000,81.6500000,81.6500000,80.8700000,81.0700000,914
02/03/23,000000,80.3300000,82.8150000,79.9900000,82.7400000,1787
03/03/23,000000,83.0600000,84.5300000,82.1000000,84.4900000,7225
06/03/23,000000,81.8200000,81.8200000,80.6400000,80.8600000,2009
07/03/23,000000,80.7300000,80.7300000,79.3000000,79.5900000,2250
08/03/23,000000,78.8700000,78.8700000,77.6400000,77.9700000,2101
09/03/23,000000,77.6000000,77.6000000,75.3400000,75.4300000,4500
10/03/23,000000,74.1500000,75.3300000,70.8000000,71.1600000,3130
13/03/23,000000,69.7200000,72.1200000,69.3900000,69.4000000,2016
14/03/23,000000,71.7500000,72.1800000,68.8700000,70.3500000,2801
15/03/23,000000,68.3700000,68.3700000,64.4000000,65.3100000,5496
16/03/23,000000,63.5900000,66.1600000,63.5900000,65.6100000,3334
17/03/23,000000,63.9000000,63.9000000,61.3600000,61.8200000,2000
20/03/23,000000,62.5200000,63.8500000,62.5200000,62.9750000,7997
21/03/23,000000,64.8200000,66.7800000,64.8200000,66.5100000,4300
22/03/23,000000,66.6500000,66.7000000,63.7700000,63.7700000,8646
23/03/23,000000,64.2000000,67.1600000,64.2000000,67.1600000,19647
24/03/23,000000,67.3800000,70.7600000,67.3800000,70.5200000,9609
27/03/23,000000,71.1000000,73.9900000,71.1000000,73.0600000,3680
28/03/23,000000,73.8100000,74.2900000,72.5900000,73.0000000,7461
29/03/23,000000,73.4500000,73.5600000,71.6300000,71.6700000,6442
30/03/23,000000,72.1500000,72.7400000,71.2600000,72.7400000,2856
31/03/23,000000,74.2000000,74.6900000,73.5800000,74.6900000,925
03/04/23,000000,75.1300000,75.1300000,73.5600000,74.8200000,1685
04/04/23,000000,72.0100000,72.4900000,71.3300000,71.9400000,2400
05/04/23,000000,71.7300000,71.8300000,69.5700000,70.0700000,7810
06/04/23,000000,69.7500000,70.8900000,69.7500000,70.8100000,300
10/04/23,000000,71.8200000,72.2700000,70.7100000,72.2700000,1903
11/04/23,000000,73.7000000,73.7000000,72.1200000,72.2600000,800
12/04/23,000000,68.7700000,68.7800000,67.9500000,68.1200000,1200
13/04/23,000000,68.5500000,68.6600000,67.1800000,67.1800000,5112
14/04/23,000000,67.1500000,67.1500000,64.9450000,65.8550000,6632
17/04/23,000000,66.5600000,67.3500000,65.6600000,67.0000000,5049
18/04/23,000000,67.4800000,67.4800000,65.8100000,66.8400000,1000
19/04/23,000000,65.6700000,67.3300000,65.6700000,67.0300000,2760
20/04/23,000000,66.6800000,66.8800000,64.3400000,64.8800000,1609
21/04/23,000000,63.8100000,63.8100000,62.5200000,63.3800000,900
24/04/23,000000,62.6700000,62.6700000,60.8800000,61.0300000,1300
25/04/23,000000,59.5300000,59.5300000,57.2000000,57.3400000,7458
26/04/23,000000,57.6600000,58.5500000,57.3000000,58.0900000,4800
27/04/23,000000,61.2800000,65.2800000,61.2800000,64.0300000,4520
28/04/23,000000,63.2600000,65.7500000,63.0400000,65.7500000,5841
01/05/23,000000,65.1700000,65.1700000,63.2100000,63.5700000,1900
02/05/23,000000,62.4600000,62.4600000,61.2600000,62.3400000,1200
03/05/23,000000,62.9900000,63.1400000,61.3100000,61.4400000,2014
04/05/23,000000,61.0000000,61.7100000,60.2200000,61.7100000,4099
05/05/23,000000,63.3500000,63.3800000,62.6600000,63.3800000,1000
08/05/23,000000,64.1300000,64.1300000,62.8600000,63.2000000,800
09/05/23,000000,62.3600000,62.7400000,61.9300000,61.9300000,1045
10/05/23,000000,61.8900000,61.8900000,60.7900000,61.4600000,1200
11/05/23,000000,60.3200000,60.5800000,60.0800000,60.1700000,1098
12/05/23,000000,59.8100000,59.9600000,59.7000000,59.9600000,683
15/05/23,000000,61.4700000,62.1600000,61.1100000,61.1600000,2000
16/05/23,000000,60.5600000,60.5600000,60.5600000,60.5600000,604
17/05/23,000000,60.0000000,62.4200000,60.0000000,62.1800000,900
18/05/23,000000,61.1500000,63.8300000,61.1500000,63.6800000,2663
19/05/23,000000,64.2850000,65.6800000,64.2800000,64.5600000,3600
22/05/23,000000,64.2300000,66.1800000,64.2300000,65.2700000,1325
23/05/23,000000,65.2600000,65.3300000,65.1900000,65.1900000,400
24/05/23,000000,62.6900000,62.8300000,62.4500000,62.7800000,1000
25/05/23,000000,62.0700000,62.5100000,62.0700000,62.5100000,300
26/05/23,000000,63.2700000,63.3600000,63.2700000,63.3600000,200
30/05/23,000000,63.4200000,63.4200000,62.4750000,62.7400000,900
31/05/23,000000,60.4500000,60.5200000,60.0300000,60.3800000,902
01/06/23,000000,60.7800000,62.5800000,60.7800000,62.5800000,200
02/06/23,000000,65.4500000,67.6800000,65.4500000,67.4700000,700
05/06/23,000000,64.3200000,67.3000000,64.3200000,67.3000000,1200
06/06/23,000000,67.3000000,68.5300000,67.3000000,68.5300000,900
07/06/23,000000,69.8450000,70.5600000,69.8450000,70.3300000,1000
08/06/23,000000,68.9800000,69.2300000,68.1700000,69.0700000,1100
09/06/23,000000,67.0850000,67.0850000,67.0850000,67.0850000,100
12/06/23,000000,69.7450000,69.7450000,69.7450000,69.7450000,100
13/06/23,000000,71.0000000,71.8000000,70.2800000,70.7500000,700
14/06/23,000000,70.6250000,70.8000000,69.5900000,69.6500000,784
15/06/23,000000,70.7100000,71.1400000,70.6100000,71.1400000,400
16/06/23,000000,69.7500000,71.5000000,69.7500000,71.1700000,800
20/06/23,000000,69.9400000,70.7000000,69.8500000,70.6200000,1299
21/06/23,000000,70.1700000,71.4500000,69.8900000,71.4200000,3046
22/06/23,000000,69.5600000,69.9400000,69.1200000,69.1200000,800
23/06/23,000000,68.0400000,68.7200000,68.0400000,68.4900000,1300
26/06/23,000000,69.8700000,69.8700000,68.6900000,68.6900000,400
27/06/23,000000,68.5300000,70.4200000,68.5300000,70.4200000,400
28/06/23,000000,70.3400000,70.6700000,69.7000000,70.1550000,2030
29/06/23,000000,71.5200000,72.2750000,71.5200000,71.8300000,1100
30/06/23,000000,71.9400000,72.1600000,71.8500000,72.1600000,414
03/07/23,000000,72.4150000,72.8300000,72.4150000,72.8300000,200
05/07/23,000000,71.7500000,71.7500000,70.3900000,70.6900000,900
06/07/23,000000,68.8100000,70.5400000,67.5900000,70.3550000,9859
07/07/23,000000,72.6300000,73.1600000,72.6300000,73.1300000,300
10/07/23,000000,72.3900000,72.3900000,71.9800000,71.9800000,200
11/07/23,000000,72.4400000,73.3000000,72.4300000,73.3000000,3009
12/07/23,000000,74.2500000,75.5400000,74.2500000,74.6300000,500
13/07/23,000000,76.3100000,76.3100000,75.9000000,76.1500000,531
14/07/23,000000,73.9500000,75.5700000,73.9500000,75.5700000,700
17/07/23,000000,76.8300000,76.8300000,76.5350000,76.8300000,427
18/07/23,000000,78.0000000,78.0000000,76.0200000,76.3200000,650
19/07/23,000000,77.3800000,79.2600000,77.0400000,79.2600000,1400
20/07/23,000000,79.1550000,79.7200000,78.6100000,78.8900000,1100
21/07/23,000000,77.8300000,79.0400000,77.8300000,79.0400000,1100
24/07/23,000000,78.4800000,80.0800000,78.4800000,79.0400000,600
25/07/23,000000,81.1200000,82.3500000,80.9100000,80.9100000,3899
26/07/23,000000,88.2600000,88.2600000,82.1100000,83.0100000,7079
27/07/23,000000,81.7500000,81.9700000,78.3800000,78.6000000,2200
28/07/23,000000,80.2800000,80.2800000,78.4600000,78.5400000,1724
31/07/23,000000,79.4500000,81.2800000,79.4500000,81.2800000,4300
01/08/23,000000,80.6300000,81.7400000,80.6300000,81.7400000,800
03/08/23,000000,79.3500000,80.4000000,79.3500000,79.5200000,1241
04/08/23,000000,79.8200000,79.8200000,78.7300000,78.8700000,400
07/08/23,000000,78.4800000,78.4800000,78.0200000,78.0200000,578
08/08/23,000000,77.3400000,77.4300000,77.3400000,77.4300000,324
09/08/23,000000,75.6900000,75.6900000,75.6900000,75.6900000,100
10/08/23,000000,76.3900000,76.5200000,76.2700000,76.5200000,551
11/08/23,000000,76.4600000,76.4600000,75.9400000,75.9400000,300
14/08/23,000000,75.3800000,76.7500000,75.3800000,76.7500000,800
15/08/23,000000,74.7500000,75.2400000,74.2100000,74.6800000,1100
16/08/23,000000,75.2900000,76.4300000,74.7600000,75.0300000,1350
17/08/23,000000,77.9300000,77.9300000,76.3800000,76.3800000,1100
18/08/23,000000,76.0100000,76.3500000,76.0100000,76.3500000,200
21/08/23,000000,75.5300000,75.5300000,74.4500000,74.4600000,300
22/08/23,000000,75.3000000,75.3000000,74.1100000,74.2300000,300
24/08/23,000000,72.6100000,72.6200000,72.1700000,72.1700000,500
25/08/23,000000,72.5000000,72.5000000,72.5000000,72.5000000,100
28/08/23,000000,73.8500000,74.1800000,73.7500000,74.0700000,900
29/08/23,000000,74.2000000,74.2000000,73.7200000,73.7200000,600
30/08/23,000000,76.4700000,76.4700000,75.9000000,75.9400000,300
31/08/23,000000,76.5900000,76.5900000,75.9500000,76.2100000,4949
01/09/23,000000,77.7800000,78.1300000,77.7500000,77.9800000,1700
05/09/23,000000,76.5800000,76.5800000,74.5400000,74.7000000,1400
06/09/23,000000,74.6750000,74.6750000,73.5700000,74.5100000,1200
07/09/23,000000,72.8000000,74.0450000,72.0400000,73.7700000,1400
08/09/23,000000,74.8950000,74.8950000,73.7600000,73.7600000,2470
11/09/23,000000,75.1950000,75.7600000,74.6300000,75.4900000,1200
12/09/23,000000,75.6500000,76.8600000,75.6500000,75.8200000,500
13/09/23,000000,75.4200000,76.7400000,75.3800000,75.9900000,1471
14/09/23,000000,78.6500000,79.5300000,78.6500000,79.5300000,200
15/09/23,000000,78.5700000,78.5700000,76.9900000,77.2500000,1153
18/09/23,000000,75.7800000,75.7800000,75.7800000,75.7800000,100
19/09/23,000000,75.0750000,75.0750000,75.0750000,75.0750000,100
20/09/23,000000,75.4600000,75.4600000,75.3700000,75.3700000,200
21/09/23,000000,73.4600000,73.4600000,73.4000000,73.4000000,600
22/09/23,000000,73.6600000,73.8700000,73.6300000,73.7500000,800
25/09/23,000000,72.3400000,72.3400000,72.0600000,72.1700000,700
26/09/23,000000,71.5450000,71.5450000,70.5100000,70.8700000,500
27/09/23,000000,70.8900000,72.4300000,70.8900000,72.3700000,400
28/09/23,000000,74.4200000,74.4200000,73.2100000,73.2100000,1649
29/09/23,000000,75.4100000,76.0100000,75.0700000,75.3400000,680
02/10/23,000000,73.7300000,74.3200000,73.0100000,73.0100000,802
03/10/23,000000,71.7300000,71.7300000,70.3400000,70.5400000,1500
04/10/23,000000,69.1100000,69.3600000,68.9800000,69.0200000,1000
05/10/23,000000,68.7100000,68.7100000,67.7700000,67.8600000,300
06/10/23,000000,67.4100000,67.9600000,67.3700000,67.5000000,1094
09/10/23,000000,67.9500000,68.7900000,67.9500000,68.3100000,900
11/10/23,000000,70.5100000,71.3100000,70.5100000,71.3100000,700
12/10/23,000000,71.6800000,71.6800000,68.2900000,69.3200000,1200
13/10/23,000000,68.4900000,68.4900000,66.9700000,66.9700000,1100
16/10/23,000000,68.4200000,68.4200000,67.6100000,67.7600000,956
17/10/23,000000,69.0100000,70.1800000,69.0100000,69.8200000,600
18/10/23,000000,68.2600000,68.2600000,68.2600000,68.2600000,100
19/10/23,000000,68.2000000,68.6400000,66.7700000,66.7700000,800
20/10/23,000000,65.2000000,65.2000000,65.2000000,65.2000000,100
23/10/23,000000,64.7700000,64.7700000,63.5000000,63.5000000,500
24/10/23,000000,64.3400000,64.3850000,63.0900000,64.1200000,1703
25/10/23,000000,63.4700000,63.5000000,62.0500000,62.8500000,3371
26/10/23,000000,62.3100000,62.3100000,58.0500000,58.2700000,2849
27/10/23,000000,57.6200000,57.6200000,54.0300000,54.0600000,2104
